id,area,areaLabel,era,party,sourceType,ptype,status,promise,keyNumber,statusReason,whatHappened,contested,contestedNote,sourceDoc,sourceUrl,evidenceUrls,coSigned
climate-labour-zero-carbon-act,climate,Climate & Emissions,labour,Labour,coalition-agreement,act,delivered,Pass a Zero Carbon Act and establish an independent Climate Commission.,"Zero Carbon Act promised -> passed 13 Nov 2019, net zero (excl. biogenic methane) by 2050",The Act passed within the term. It created both the 2050 target and the independent Commission exactly as promised.,"The Climate Change Response (Zero Carbon) Amendment Act 2019 received royal assent on 13 November 2019 with cross-party support. It set a target of net zero for all greenhouse gases other than biogenic methane by 2050. It also set a separate biogenic methane target of 10 percent below 2017 levels by 2030 and 24-47 percent by 2050. It established He Pou a Rangi / the Climate Change Commission as an independent Crown entity. The first three emissions budgets, covering 2022-2035, were set in 2022, and the first emissions reduction plan followed the same year.",False,,"Labour-NZ First Coalition Agreement 2017, item 40 (also a Labour-Greens confidence and supply commitment)",https://www.mcguinnessinstitute.org/wp-content/uploads/2025/03/WP202007-202009-AnalysisOfThe2017Labour-FINAL.pdf,https://www.legislation.govt.nz/act/public/2019/0061/latest/LMS183848.html | https://climateactiontracker.org/countries/new-zealand/policies-action/,False
climate-greens-zero-carbon-commission,climate,Climate & Emissions,labour,Greens,coalition-agreement,act,delivered,"Deliver a Zero Carbon Act, set up an independent Climate Change Commission and establish a Green Investment Fund. These were the Greens' price for confidence and supply.","3 institutions promised -> Zero Carbon Act, Climate Change Commission and Green Investment Fund all established",All three named institutions were created within the 2017-2020 term.,Green co-leader James Shaw held the Climate Change portfolio outside Cabinet from 2017 and inside it from 2020. The Zero Carbon Act passed on 13 November 2019 and the Climate Change Commission was established under it. New Zealand Green Investment Finance was capitalised as a Crown-owned green investment bank. The Greens describe all three as fulfilling the confidence and supply agreement.,False,,Labour-Greens Confidence and Supply Agreement 2017 (climate commitments),https://www.greens.org.nz/greens_welcome_labour_s_climate_commitments_will_push_for_more_action_to_match_the_scale_of_the_crisis,https://www.legislation.govt.nz/act/public/2019/0061/latest/LMS183848.html | https://www.greens.org.nz/greens_welcome_labour_s_climate_commitments_will_push_for_more_action_to_match_the_scale_of_the_crisis,False
climate-greens-climate-impact-assessments,climate,Climate & Emissions,labour,Greens,coalition-agreement,act,largely,Require a climate change lens (a climate impact assessment) on major government decisions and legislation.,,"The climate lens was implemented. It came as Cabinet-office guidance on qualifying proposals, not the statutory across-the-board requirement the Greens originally sought.","The Government issued new Cabinet guidance requiring a climate implications of policy assessment (CIPA) for policy proposals with significant emissions implications. The Greens state this fulfilled the confidence and supply commitment. It built on a Green member's bill that would have required climate change impact statements on all legislation. The requirement is administrative Cabinet guidance rather than a statutory duty on all bills, which is narrower than the member's bill sought.",False,,Labour-Greens Confidence and Supply Agreement 2017 (climate lens on government decisions),https://www.greens.org.nz/climate_change_lens_on_major_government_decisions,https://www.greens.org.nz/climate_change_lens_on_major_government_decisions,False
climate-nzf-agriculture-ets-95-percent,climate,Climate & Emissions,labour,NZ First,coalition-agreement,outcome,superseded,"If the Climate Commission decides agriculture should be included in the Emissions Trading Scheme (ETS), free allocation to agriculture on entry will be 95 percent. All revenue will be recycled back into agriculture for innovation, mitigation and additional forestry planting.",95 percent free allocation on ETS entry promised -> agriculture never entered the ETS,Agriculture never entered the ETS during the term. The 95 percent free allocation and revenue recycling arrangement never took effect.,"On 24 October 2019 the Government decided agriculture would not enter the reformed ETS. Instead it set up a sector partnership, He Waka Eke Noa, to design a farm-level pricing system. A legislated backstop would bring agricultural processors into the ETS from 2025 if no alternative was agreed. He Waka Eke Noa reported in 2022 and the Government proposed a farm-level system in October 2022. No pricing system was in force when Labour left office in October 2023. The incoming coalition disbanded He Waka Eke Noa and removed agriculture from the ETS entirely in 2024.",False,,"Labour-NZ First Coalition Agreement 2017, item 41",https://www.mcguinnessinstitute.org/wp-content/uploads/2025/03/WP202007-202009-AnalysisOfThe2017Labour-FINAL.pdf,https://www.rnz.co.nz/news/country/476451/he-waka-eke-noa-government-proposes-farm-level-system-by-2025 | https://www.rnz.co.nz/news/political/519248/coalition-exempts-farmers-from-ets-sets-up-fresh-working-group,False
climate-nzf-billion-trees,climate,Climate & Emissions,labour,NZ First,coalition-agreement,outcome,partly,"Plant 100 million trees a year under a One Billion Trees programme, reaching one billion trees by 2028.","1,000,000,000 trees by 2028 (100m/yr) -> approx 149.4 million recorded planted by May 2020","A programme was established and large-scale planting occurred, but the run rate was roughly half what a billion trees by 2028 required.","The One Billion Trees Programme was launched in 2018 with a grants fund, and a new forestry agency, Te Uru Rākau, was established on 11 May 2018. About 149.4 million trees had been recorded as planted by May 2020, well behind the 100 million per year run rate needed. The grant fund closed to new applications in 2021 and the programme wound down. Forestry planting still became a large part of New Zealand's projected emissions reductions, with the Climate Change Commission noting in 2025 that 46 percent of planned third-budget reductions rely on forest removals.",True,"Supporters point out the target date is 2028, and that seedling supply rather than policy constrained early planting. Critics note the programme was wound down years before 2028 with no plausible path to a billion trees, and that the Ministry counted trees planted commercially anyway.","Labour-NZ First Coalition Agreement 2017, item 1b: ""Planting 100 million trees per year in a Billion Trees Planting Programme""",https://www.mcguinnessinstitute.org/wp-content/uploads/2025/03/WP202007-202009-AnalysisOfThe2017Labour-FINAL.pdf,https://www.mcguinnessinstitute.org/wp-content/uploads/2025/03/WP202007-202009-AnalysisOfThe2017Labour-FINAL.pdf | https://www.climatecommission.govt.nz/our-work/monitoring/emissions-reduction-monitoring/erm-2025,False
climate-nzf-government-fleet-emissions-free,climate,Climate & Emissions,labour,NZ First,coalition-agreement,outcome,partly,"Make the Government's vehicle fleet, where practicable, emissions-free by 2025/26.","Emissions-free fleet by 2025/26 -> 78 of 15,473 government vehicles electric at Oct 2019, target later redefined","Some electrification occurred and a programme was created, but the target was redefined from an emissions-free fleet to emissions-free new purchases.","By October 2019 only 78 of 15,473 government vehicles were electric. The Government then restated the commitment as a requirement that all new vehicles entering the fleet be emissions-free after mid-2025, rather than the whole fleet being emissions-free by 2025/26. The Carbon Neutral Government Programme, announced in 2020, carried the fleet work forward. The original whole-of-fleet date was not met by the end of Labour's term.",False,,"Labour-NZ First Coalition Agreement 2017, item 39",https://www.mcguinnessinstitute.org/wp-content/uploads/2025/03/WP202007-202009-AnalysisOfThe2017Labour-FINAL.pdf,https://www.mcguinnessinstitute.org/wp-content/uploads/2025/03/WP202007-202009-AnalysisOfThe2017Labour-FINAL.pdf,False
climate-labour-100-percent-renewable-2030,climate,Climate & Emissions,labour,Labour,manifesto,outcome,partly,"Achieve 100 percent renewable electricity generation by 2030, five years earlier than the previous 2035 goal. Support this with pumped hydro at Lake Onslow and a ban on new thermal baseload generation.",100 percent renewable electricity by 2030 -> 87 percent of generation renewable in 2022,"Renewable share rose, but the key enabling project was unfinished and the firm 2030 target was softened. The target date itself falls outside the term.","Renewables supplied 87 percent of electricity generated in 2022, up from about 82 percent in 2021. The rise came mainly from favourable hydro conditions rather than new policy. The NZ Battery Project, set up in 2020 to investigate the Lake Onslow pumped-hydro scheme as the enabler of a 100 percent renewable grid, was still in feasibility stage at the 2023 election, and investigations were stopped in late 2023. No ban on new thermal baseload generation was legislated. By the time Labour left office, official documents had recast the 100 percent figure as an aspiration rather than a firm target.",True,"Labour argues the target was always for 2030 and cannot be judged at a 2023 handover. Critics note the flagship enabling project was never committed to, the thermal ban never happened, and the increase that did occur was largely weather-driven.",Labour 2020 election energy policy announcement (10 September 2020),https://www.rnz.co.nz/news/political/425709/labour-promises-100-percent-renewable-electricity-generation-by-2030,https://www.mbie.govt.nz/about/news/energy-in-new-zealand-2023-shows-renewable-electricity-generation-increased-to-87-percent | https://www.mbie.govt.nz/building-and-energy/energy-and-natural-resources/low-emissions-economy/nz-battery,False
climate-labour-ets-settings-emissions-budgets,climate,Climate & Emissions,labour,Labour,coalition-agreement,act,partly,"Run the Emissions Trading Scheme in line with the Zero Carbon Act's emissions budgets, including setting auction volumes and price controls in line with Climate Change Commission advice.","ETS settings aligned with budgets -> approx 35 million extra units released Dec 2022, all 4 auctions in 2023 failed, settings remade by Sept 2023","The settings were eventually aligned with Commission advice. That came only after a Cabinet decision that a court required to be remade, and a year of failed auctions.","In December 2022 Cabinet rejected the Commission's advice. It released about 35 million more units over five years than recommended and held the cost containment trigger price well below the recommended level, reportedly because of cost-of-living concerns. The secondary carbon price fell sharply and all four 2023 ETS auctions failed to clear. Lawyers for Climate Action NZ sought judicial review. In 2023 the High Court required the Minister to reconsider the settings by 30 September 2023, and the Government remade the regulations adopting the Commission's recommendations before the election.",True,"The Government's position was that Ministers are entitled to weigh household cost impacts alongside Commission advice, and that it corrected the settings within the same year. The successful judicial review found the December 2022 decision was not lawfully made.","Labour-Greens Cooperation Agreement 2020: ""achieving the purpose and goals of the Zero Carbon Act""",https://www.interest.co.nz/news/107748/proposed-cooperation-agreement-between-labour-and-greens-released-greens-delegates,https://www.lawyersforclimateaction.nz/news-events/ets-jr-win | https://www.rnz.co.nz/news/country/580730/emissions-trading-scheme-year-s-final-auction-fails-to-sell-a-single-carbon-unit,False
climate-greens-transport-decarbonisation,climate,Climate & Emissions,labour,Greens,coalition-agreement,act,delivered,Increase uptake of zero-emission vehicles and introduce clean car standards as part of achieving the goals of the Zero Carbon Act.,"Clean car standard + ZEV uptake promised -> feebate live 1 Jul 2021, Clean Car Standard in force 2023",Both a feebate and a clean car standard were legislated and in force before the end of the term. That is what the agreement committed to.,"The Clean Car Discount (a feebate) began paying rebates from 1 July 2021 and charging fees on high-emitting vehicles from 1 April 2022. Rebates ran to about $7,500 for zero-emission vehicles and $5,000 for hybrids. The Clean Car Standard, a CO2 standard on vehicle importers, was legislated in the Land Transport (Clean Vehicles) Amendment Act 2022 and took effect from 2023. EV registrations rose sharply over 2021-2023. Both policies were reversed or weakened after the change of government: the discount ended on 31 December 2023 and the standard's 2025-2029 CO2 targets were eased in July 2024.",False,,"Labour-Greens Cooperation Agreement 2020, decarbonising public transport, increasing uptake of zero-emission vehicles, introducing clean car standards",https://www.interest.co.nz/news/107748/proposed-cooperation-agreement-between-labour-and-greens-released-greens-delegates,https://en.wikipedia.org/wiki/Land_Transport_(Clean_Vehicle_Discount_Scheme_Repeal)_Amendment_Act_2023 | https://www.rnz.co.nz/news/politics/521675/government-eases-too-stringent-clean-car-standard-rules,False
climate-greens-industrial-process-heat,climate,Climate & Emissions,labour,Greens,coalition-agreement,other,delivered,Support the switch of industrial process heat from coal and gas to renewable energy.,"Renewable process heat support promised -> GIDI Partnerships $230m public + $860m private, approx 9.3 Mt lifetime abatement; coal boiler phase-out set for 2037",Both a large co-funding scheme and a regulatory phase-out were in place before the end of the term. The later reversal is outside the promising party's term.,"The Government Investment in Decarbonising Industry (GIDI) fund began in 2020 and was expanded from the Climate Emergency Response Fund in Budget 2022. It co-funded boiler conversions across dairy, meat, timber and steel. EECA's GIDI Partnerships stream alone involved $230 million of EECA co-investment alongside $860 million of private capital, with lifetime abatement of about 9.3 million tonnes of CO2 from the NZ Steel and Fonterra projects. In June 2023 the Government banned new low-to-medium temperature coal boilers from 27 July 2023 and required existing ones to be phased out by 2037. GIDI later closed to new applications. In June 2026 the National-led government scrapped the 2037 coal boiler phase-out without replacing it.",False,,"Labour-Greens Cooperation Agreement 2020, supporting the use of renewable energy for industrial heat",https://www.interest.co.nz/news/107748/proposed-cooperation-agreement-between-labour-and-greens-released-greens-delegates,https://www.eeca.govt.nz/co-funding-and-support/previously-funded-projects/approved-gidi-projects/ | https://www.beehive.govt.nz/release/government-ban-new-coal-boilers-place | https://b2bnews.co.nz/news/coal-boiler-ban-scrapped-what-it-means-for-nz-industry/,False
climate-national-net-zero-double-renewables,climate,Climate & Emissions,national,National,coalition-agreement,outcome,in-progress,"Deliver net zero by 2050, including by doubling New Zealand's renewable electricity generation.","Net zero 2050 + double renewables -> EB1 284.1/290 Mt and EB2 303.1/305 Mt projected met, EB3 projected 249.2 Mt vs 240 Mt budget","The 2050 target is intact and the first two budgets are on track. The third budget is projected to be missed, and the term is not finished.","The 2050 target in the Zero Carbon Act was retained. The second emissions reduction plan, published in December 2024 and amended in January 2026, projects the first emissions budget (290 Mt) will be met at 284.1 Mt and the second (305 Mt) narrowly met at 303.1 Mt. It claims net zero could be reached as early as 2044. The Climate Change Commission's 2025 monitoring report agrees budgets one and two are achievable, but finds the third budget (2031-2035) is projected to be exceeded by about 9.2 Mt, with 46 percent of planned reductions relying on forest removals. Consenting was streamlined for renewables through the fast-track regime and RMA changes. The Commission still singled out electricity generation in 2025 as an area of increased risk, and the total renewable share of primary energy was 45.4 percent in 2024.",True,"The Government points to official projections showing the first two budgets met and net zero reachable by 2044. The Climate Change Commission and critics point to a 9.2 Mt shortfall against the third budget, heavy reliance on forestry, and the November 2025 decision to de-couple ETS settings from the Paris target.","National-NZ First Coalition Agreement 2023: ""Deliver Net Zero by 2050 including by doubling New Zealand's renewable electricity""",https://assets.nationbuilder.com/nzfirst/pages/4462/attachments/original/National___NZF_Coalition_Agreement_signed_-_24_Nov_2023.pdf,https://www.climatecommission.govt.nz/our-work/monitoring/emissions-reduction-monitoring/erm-2025 | https://environment.govt.nz/assets/publications/climate-change/ERP2/New-Zealands-second-emissions-reduction-plan-Amended-January-2026.pdf,False
climate-national-end-clean-car-discount,climate,Climate & Emissions,national,National,manifesto,act,delivered,"Scrap the Clean Car Discount, including the fee on higher-emitting vehicles that National labelled the ""ute tax"".",Clean Car Discount scrapped -> ended 31 Dec 2023 after approx $579m rebates paid vs approx $290m fees collected,"Repealed by legislation within the first month of government, exactly as promised.","The Land Transport (Clean Vehicle Discount Scheme Repeal) Amendment Act 2023 passed on 14 December 2023 and received royal assent on 19 December 2023. Both the rebates and the fees ended for vehicles registered after 31 December 2023. Over its life the scheme paid out about $579 million in rebates and $13.5 million in administration, against about $290 million collected in fees. EV registrations fell steeply in early 2024 after the rebates ended.",False,,"National 2023 campaign commitment to scrap the Clean Car Discount / ""ute tax""",https://www.beehive.govt.nz/release/government-ends-%E2%80%98ute-tax%E2%80%99,https://en.wikipedia.org/wiki/Land_Transport_(Clean_Vehicle_Discount_Scheme_Repeal)_Amendment_Act_2023 | https://www.nzta.govt.nz/vehicles/clean-car-programme/clean-car-discount-ended-on-31-december-2023,False
climate-national-10000-ev-chargers,climate,Climate & Emissions,national,National,manifesto,outcome,not-delivered,"Deliver 10,000 public EV chargers by 2030, backed by $257 million over four years using a co-investment model modelled on Ultra-Fast Broadband.","10,000 public chargers by 2030 ($257m) -> 0 delivered under the programme and 0 contracts signed as at March 2026",No chargers had been delivered and no contracts signed at 30 months. The required build rate is now far above the current national rate.,"The programme was restructured from grants to concessionary loans. A request for proposals closed in July 2025 and attracted only six compliant submissions. As at March 2026 the Minister for Climate Change and Energy said the Government was in the final stages of contracting, but no contracts had been signed and no chargers had been delivered under the programme, 30 months after the commitment. Industry analysis put the required pace at about 174 new charging points a month to reach 10,000 by 2030, more than were built in all of 2025. The second emissions reduction plan attributes only about 0.01 Mt of emissions budget 2 reductions to EV charging.",True,"The Government argues the 2030 deadline is still four years away and that contracts are imminent, so the promise remains live. On the evidence to date nothing has been built under the programme, and the required monthly build rate now exceeds anything achieved.",National 2023 policy. Supercharging EV Infrastructure,https://www.national.org.nz/policies/supercharging-ev-infrastructure,https://b2bnews.co.nz/news/nz-ev-charger-rollout-stalls-30-months-zero-contracts-signed/ | https://environment.govt.nz/assets/publications/climate-change/ERP2/New-Zealands-second-emissions-reduction-plan-Amended-January-2026.pdf,False
climate-national-agriculture-out-of-ets,climate,Climate & Emissions,national,National,manifesto,act,delivered,Keep agriculture out of the Emissions Trading Scheme and remove the legislated 2025 backstop that would have brought farm emissions into it.,Agriculture out of the ETS -> legislated before 1 Jan 2025; $400m over 4 years for mitigation technology,Agriculture was legislated out of the ETS within the promised timeframe and the backstop removed.,"On 11 June 2024 Ministers announced agriculture would be permanently removed from the ETS before 1 January 2025. The Climate Change Response Act was amended to strip out the processor-level backstop for farmers, meat and dairy processors and fertiliser companies. He Waka Eke Noa was disbanded and replaced with a Pastoral Sector Group, alongside $400 million over four years for emissions-reduction technology and $50.5 million over five years for the Agricultural Greenhouse Gas Research Centre. The January 2026 amendment to the second emissions reduction plan then confirmed the Government would not proceed with an on-farm agricultural emissions pricing system by 2030 at all.",False,,National 2023 election commitment to keep agriculture out of the ETS,https://www.rnz.co.nz/news/political/519248/coalition-exempts-farmers-from-ets-sets-up-fresh-working-group,https://www.beehive.govt.nz/release/agriculture-come-out-ets | https://environment.govt.nz/assets/publications/climate-change/ERP2/New-Zealands-second-emissions-reduction-plan-Amended-January-2026.pdf,False
climate-nzf-stop-ets-review,climate,Climate & Emissions,national,NZ First,coalition-agreement,act,partly,"Stop the previous government's review of the Emissions Trading Scheme, to restore confidence and certainty to the carbon market.",Stop ETS review to restore certainty -> review stopped; all 4 auctions in 2025 failed to sell a single unit,"The review was stopped as promised. On the auction evidence, the stated purpose of restoring carbon-market confidence and certainty has not been achieved.","The ETS review begun under Labour was halted early in the term, and the Government stated the ETS would remain its main emissions-reduction tool. Market confidence did not follow. All four quarterly auctions failed to attract a single bid in 2025, the second calendar year of complete auction failure after 2023, with secondary-market units trading around $40 against a $68 auction reserve. Brokers attributed the collapse in participation to policy signals. These included the November 2025 decision to de-couple ETS settings from New Zealand's Paris commitments, the lowered methane target and weakened reporting requirements.",True,"The Government's reading is that the commitment was simply to end the review, which it did. Critics measure it against the agreement's own stated purpose of restoring market confidence, which the failed auctions suggest has not happened.","National-NZ First Coalition Agreement 2023: ""Stop the current review of the ETS system to restore confidence and certainty""",https://assets.nationbuilder.com/nzfirst/pages/4462/attachments/original/National___NZF_Coalition_Agreement_signed_-_24_Nov_2023.pdf,https://www.rnz.co.nz/news/country/580730/emissions-trading-scheme-year-s-final-auction-fails-to-sell-a-single-carbon-unit | https://www.climatecommission.govt.nz/our-work/monitoring/emissions-reduction-monitoring/erm-2025,False
climate-nzf-methane-mitigation-incentives,climate,Climate & Emissions,national,NZ First,coalition-agreement,other,partly,"Encourage the uptake of on-farm emissions reduction mitigations, such as low-methane genetics and low-methane animal feed, rather than pricing farm emissions.",Incentivise low-methane technology -> $400m over 4 years plus $50.5m over 5 years committed,"Substantial research and commercialisation funding was delivered, but uptake incentives have not yet produced measurable on-farm methane reductions.","Alongside removing agriculture from the ETS in June 2024, the Government committed $400 million over four years to speed up commercialisation of emissions-reduction tools, including methane inhibitors, vaccines and low-methane breeding. It added $50.5 million over five years for the Agricultural Greenhouse Gas Research Centre. In October 2025 it confirmed there would be no methane tax and a technology-and-partnership approach instead. As at 2026 no methane inhibitor or vaccine is in widespread commercial on-farm use in New Zealand pasture systems, and the Climate Change Commission's 2025 monitoring report lists agriculture among the areas needing additional policy.",False,,"National-NZ First Coalition Agreement 2023, incentivise uptake of emissions reduction mitigations such as low methane genetics and low methane feed",https://assets.nationbuilder.com/nzfirst/pages/4462/attachments/original/National___NZF_Coalition_Agreement_signed_-_24_Nov_2023.pdf,https://www.beehive.govt.nz/release/agriculture-come-out-ets | https://www.climatecommission.govt.nz/our-work/monitoring/emissions-reduction-monitoring/erm-2025,False
climate-act-methane-target-review,climate,Climate & Emissions,national,ACT,coalition-agreement,procedural,largely,Keep a split-gas approach to methane and carbon dioxide through to 2050. Review the methane science and targets in 2024 for consistency with no additional warming from agricultural methane emissions.,Methane target reviewed for no additional warming -> target cut from 24-47% to 14-24% below 2017 levels by 2050,"The split-gas approach was maintained, and the review was carried out and acted on. The decision came in October 2025 rather than in 2024.","An independent methane science and target review panel was appointed in 2024. It reported that a 14-24 percent reduction below 2017 levels by 2050 would be consistent with no additional warming from agricultural methane. On 13 October 2025 the Government announced it would adopt that range. That lowered the Zero Carbon Act target from 24-47 percent to 14-24 percent by 2050, left the 2030 target unchanged and ruled out a methane tax. The Climate Change Commission's own 2024 review of the 2050 target had recommended a different basis, advising that New Zealand should aim to be carbon negative by 2050 to be consistent with the Paris 1.5C goal. The split-gas structure was retained throughout.",True,"The Government and farm sector groups say the new range implements the agreement's ""no additional warming"" test using independent science. The Climate Change Commission and climate scientists argue ""no additional warming"" locks in existing warming and is not aligned with the Paris temperature goal, making the change a weakening of the 2050 target.","National-ACT Coalition Agreement 2023, maintain a split-gas approach and review the methane science and targets in 2024 for consistency with no additional warming",https://assets.nationbuilder.com/actnz/mailings/6945/attachments/original/National_ACT_Agreement.pdf,https://thespinoff.co.nz/politics/14-10-2025/the-new-lowered-methane-targets-explained | https://www.sciencemediacentre.co.nz/2025/10/13/nzs-new-targets-to-manage-its-methane-emissions-expert-reaction/ | https://www.climatecommission.govt.nz/our-work/advice-to-government-topic/review-of-the-2050-emissions-target/2024-review-of-the-2050-emissions-target/final-report/executive-summary-2050-target-and-isa,False
climate-act-repeal-offshore-oil-gas-ban,climate,Climate & Emissions,national,ACT,coalition-agreement,act,delivered,Repeal the ban on offshore oil and gas exploration.,"Repeal 2018 offshore exploration ban -> repealed by Crown Minerals Amendment Act 2025, royal assent 5 Aug 2025",The ban was repealed by Act of Parliament within the term.,"The Labour Government announced on 12 April 2018 that it would grant no new offshore oil and gas exploration permits, leaving 30 existing permits untouched. The Crown Minerals Amendment Bill was introduced on 24 September 2024 and passed its third reading on 31 July 2025, receiving royal assent on 5 August 2025. The Act removed the offshore exploration ban and changed the purpose of the Crown Minerals Act 1991 from managing to promoting the use of Crown minerals. It also created a Tier 3 permit regime for small-scale gold mining and replaced the trailing decommissioning liability model with ministerial discretion. Of 5,524 select committee submissions, 94.5 percent opposed the bill. A first offshore exploration permit off Taranaki followed the repeal.",False,,"National-ACT Coalition Agreement 2023: ""Repeal the ban on offshore oil and gas exploration""",https://assets.nationbuilder.com/actnz/mailings/6945/attachments/original/National_ACT_Agreement.pdf,https://en.wikipedia.org/wiki/Crown_Minerals_Amendment_Act_2025 | https://www.nzpam.govt.nz/nz-industry/crown-minerals-act-law-changes,False
climate-act-on-farm-sequestration-offsets,climate,Climate & Emissions,national,ACT,coalition-agreement,other,not-delivered,"Let farmers and landowners offset on-farm sequestration (such as riparian planting, shelter belts and scattered vegetation) against their on-farm emissions.",On-farm sequestration offsetting -> no mechanism in place; on-farm pricing abandoned in Jan 2026,No on-farm offsetting mechanism was created. The decision not to price farm emissions removed the framework it would have operated in.,"Agriculture was removed from the ETS in 2024 and no farm-level pricing system was created, so there is no compliance obligation for on-farm sequestration to be offset against. The January 2026 amendment to the second emissions reduction plan confirmed the Government would not implement an on-farm agricultural emissions pricing system by 2030. That ended the pathway that would have required recognising on-farm sequestration. Work continued on recognising additional sequestration categories such as blue carbon under the separate NZ First commitment, but no offsetting mechanism for farm emissions exists.",True,"The Government's view is that the commitment is moot and satisfied in practice, because farmers now face no pricing obligation at all. On a literal reading, the specific mechanism ACT negotiated, recognising on-farm sequestration against on-farm emissions, was never built.","National-ACT Coalition Agreement 2023: ""Enable farmers and landowners to offset sequestration against their on-farm emissions""",https://assets.nationbuilder.com/actnz/mailings/6945/attachments/original/National_ACT_Agreement.pdf,https://environment.govt.nz/assets/publications/climate-change/ERP2/New-Zealands-second-emissions-reduction-plan-Amended-January-2026.pdf | https://www.beehive.govt.nz/release/agriculture-come-out-ets,False
cost-of-living-labour-tax-working-group-cgt,cost-of-living,Cost of Living & Tax,labour,Labour,manifesto,act,abandoned,"Set up a Tax Working Group in the first term to design a fairer tax system, including consideration of a capital gains tax. Take its recommendations to voters at the 2020 election.","Tax Working Group's central recommendation (broad capital gains tax) -> ruled out April 2019, none legislated","The working group was set up and reported as promised. The government then dropped its central recommendation, and Labour later ruled the policy out entirely.","The Tax Working Group, chaired by Sir Michael Cullen, was established in December 2017. It delivered its final report in February 2019, recommending a broad capital gains tax that excluded the family home. On 17 April 2019 the government announced it would not proceed. Jacinda Ardern said no capital gains tax would be introduced while she led the Labour Party, telling RNZ she 'just couldn't get the numbers'. Coalition partner NZ First had refused to support it, with Winston Peters saying there was no compelling evidence it would improve equality. In July 2023 Chris Hipkins went further and ruled out both a capital gains tax and a wealth tax under his leadership. He also shelved a Treasury/IRD high-wealth study commissioned by Revenue Minister David Parker.",False,,Labour 2017 manifesto / 2017 campaign tax policy,https://www.rnz.co.nz/news/political/532793/capital-gains-tax-a-timeline-of-politicians-ruling-it-in-and-out,https://www.scoop.co.nz/stories/PO1905/S00214/nz-labour-government-rules-out-capital-gains-tax.htm | https://www.nzherald.co.nz/nz/pm-jacinda-ardern-has-ruled-out-implementing-a-capital-gains-tax-while-she-is-at-the-helm-of-labour/IQ4FD7CLYKKLU6YAH2H2S4MDSE/ | https://www.rnz.co.nz/programmes/news-extras/story/2018902030/election-2023-rnz-s-guide-to-party-policy,False
cost-of-living-labour-39-percent-top-rate,cost-of-living,Cost of Living & Tax,labour,Labour,manifesto,outcome,delivered,"Introduce a new top personal income tax rate of 39 percent on income above $180,000, affecting roughly the top 2 percent of earners.","39% on income over $180,000 promised -> legislated December 2020, in force 1 April 2021","Legislated within four months of the election at the promised rate, threshold and start date.","The Taxation (Income Tax Rate and Other Amendments) Bill was introduced on 2 December 2020 and passed under urgency. The 39 percent rate took effect on 1 April 2021 exactly as promised. The same Act introduced new trust disclosure rules to police avoidance of the new rate. Inland Revenue reported the rate captured tens of thousands more taxpayers than originally estimated, as wages rose.",False,,Labour 2020 manifesto / 2020 campaign tax policy,https://www.interest.co.nz/news/106960/labour-campaigns-introducing-new-top-income-tax-rate-39-income-over-180k-rules-out,https://www.taxpolicy.ird.govt.nz/news/2020/2020-12-02-introduction-taxation-income-tax-rate-other-amendments-bill | https://www.nzherald.co.nz/nz/politics/labours-new-39-per-cent-top-tax-rate-nets-44000-extra-taxpayers/YEPQKEZDFOIQI4KPRJUYLXKV7I/,False
cost-of-living-labour-no-other-new-taxes,cost-of-living,Cost of Living & Tax,labour,Labour,manifesto,outcome,partly,"The 39 percent top rate would be the only tax change in the 2020-23 term: no wealth tax, no capital gains tax and no change to GST.","1 promised new tax (39% rate) -> 39% rate plus removal of landlord interest deductibility, a 10-year bright-line test and GST on online platforms",The specific taxes Labour ruled out were not introduced. Two large revenue-raising changes outside the stated plan were legislated during the term.,"Labour did not introduce a wealth tax, a capital gains tax or any GST rate change, and in 2023 Chris Hipkins publicly ruled the first two out. In March 2021, however, the government removed interest deductibility for residential landlords and extended the bright-line test on investment property to ten years. In 2022-23 it legislated GST on services sold through online platforms such as Uber and Airbnb (the 'app tax'), to take effect from 1 April 2024. Opposition parties and property groups described these as new taxes. Labour said they were changes to existing rules rather than new taxes.",True,"Labour argued that the bright-line extension and the removal of interest deductibility were adjustments to existing income tax rules, and that the platform rules extended existing GST rather than creating a new tax, so the pledge was kept. National, ACT and property investor groups argued they were new taxes in substance and that the pledge was broken. Both readings rest on the same undisputed policy changes.",Labour 2020 manifesto / 2020 campaign tax policy,https://www.interest.co.nz/news/106960/labour-campaigns-introducing-new-top-income-tax-rate-39-income-over-180k-rules-out,https://assets.kpmg.com/content/dam/kpmg/nz/pdf/2023/09/2023-election-tax-policy-v4.pdf | https://www.rnz.co.nz/news/political/485228/national-claims-airbnb-and-uber-price-hikes-possible-under-govt-s-planned-tax-changes | https://bakertillysr.nz/news/tax-talk-heres-how-the-new-app-tax-regulations-will-apply/,False
cost-of-living-labour-families-package,cost-of-living,Cost of Living & Tax,labour,Labour,manifesto,act,delivered,"Cancel National's legislated April 2018 income tax threshold cuts and replace them with a Families Package worth $890 million in 2018/19. The package includes a Winter Energy Payment of $450 a year for single superannuitants and beneficiaries and $700 for couples, a Best Start payment of $60 a week per child, a higher Family Tax Credit and an increased Working for Families abatement threshold of $42,700.",Winter Energy Payment $450 single / $700 couple and Best Start $60 a week promised -> both legislated December 2017 and paid from 2018,Legislated within the first three months of the term at the promised payment rates and thresholds.,"The Families Package (Income Tax and Benefits) Act 2017 passed in December 2017. It repealed National's planned threshold changes and legislated the package. Accommodation Supplement increases began on 1 April 2018, and the Winter Energy Payment and Best Start payments began in 2018. The Winter Energy Payment has been paid every winter since. A 2022 Motu evaluation found the payment had a weakly positive effect on recipients' energy spending and hardship assistance needs, though most estimated effects were not statistically significant.",False,,Labour 2017 manifesto / Families Package campaign policy,https://img.scoop.co.nz/media/pdfs/1707/Families_Package_factsheet.pdf,https://www.treasury.govt.nz/publications/information-release/families-package-information-release | https://www.msd.govt.nz/about-msd-and-our-work/newsroom/2017/families-package-qas.html | https://www.motu.nz/our-research/population-and-labour/individual-and-group-outcomes/impact-winter-energy-payment,False
cost-of-living-labour-gst-fruit-and-vegetables,cost-of-living,Cost of Living & Tax,labour,Labour,manifesto,outcome,not-delivered,"Remove GST from fresh and frozen fruit and vegetables from 1 April 2024. Raise the Working for Families in-work tax credit by $25 a week from the same date, and lift the Working for Families abatement threshold to $50,000 from 1 April 2026.",GST off fresh and frozen fruit and vegetables from 1 April 2024 -> not legislated; GST still applies to all food in August 2026,GST was not removed from fruit and vegetables. Labour left office three weeks after making the promise and never had the numbers to legislate it.,"Labour lost the October 2023 election and the policy was never introduced as legislation. GST still applies to all food as at August 2026. Economists including Infometrics' Brad Olsen and Deloitte publicly questioned how much of the saving would reach consumers. The incoming National government later legislated the $25 a week in-work tax credit increase in Budget 2024, taking effect on 31 July 2024.",False,,"Labour 2023 campaign policy announcement, 13 August 2023",https://www.labour.org.nz/news-release_cost_living_gst,https://www.rnz.co.nz/news/election-2023/495698/labour-promises-to-remove-gst-from-fruit-and-vegetables-boost-working-for-families | https://www.nzherald.co.nz/nz/election-2023-labours-promise-of-gst-off-fruit-and-veg-what-would-be-covered-what-would-not/PHBRF43ZCJD5HFEB7PMDFNOIIU/ | https://www.beehive.govt.nz/release/responsible-tax-relief-squeezed-middle,False
cost-of-living-national-tax-thresholds,cost-of-living,Cost of Living & Tax,national,National,manifesto,outcome,delivered,"From 1 July 2024, lift income tax thresholds to compensate for inflation: the 10.5 percent bracket from $14,000 to $15,600, the 17.5 percent bracket from $48,000 to $53,500 and the 30 percent bracket from $70,000 to $78,100. The cost is about $8.9 billion over four years.","Thresholds $15,600 / $53,500 / $78,100 from 1 July 2024 -> legislated in Budget 2024, effective 31 July 2024","The promised bracket thresholds were legislated in the first Budget of the term, four weeks later than the promised start date.","Budget 2024, delivered on 30 May 2024, legislated exactly those thresholds, effective 31 July 2024 rather than 1 July. The package also expanded the Independent Earner Tax Credit and raised the in-work tax credit by $25 a week. Finance Minister Nicola Willis said 3.5 million New Zealanders would benefit, at a cost of $3.7 billion a year including the restoration of interest deductibility. No further threshold changes were made in Budget 2025 or Budget 2026, and the thresholds are not indexed.",False,,"National 2023 manifesto / 'Back Pocket Boost' tax plan, 30 August 2023",https://www.interest.co.nz/public-policy/124026/national-unveils-tax-policy,https://www.beehive.govt.nz/release/responsible-tax-relief-squeezed-middle | https://kpmg.com/nz/en/insights/2023/11/national-act-nzfirst-government-tax-policies.html,False
cost-of-living-national-250-a-fortnight,cost-of-living,Cost of Living & Tax,national,National,manifesto,act,partly,"Deliver up to $250 a fortnight in extra income to an average-income household with children (household income around $120,000). This would come from threshold changes, FamilyBoost and Working for Families increases together.","Up to $250 a fortnight for an average family -> $78 a fortnight average for households with children; about 3,000 households qualified for the full amount","Real tax relief was delivered. The typical gain for households with children was under a third of the headline figure, and only a very small number of households received the advertised maximum.","Budget 2024 delivered up to $102 a fortnight for average-income households. The Beehive's own figures put the average gain at $78 a fortnight ($2,028 a year) for households with children and $32 a fortnight ($832 a year) for working-age New Zealanders. A single person on $55,000 gained about $51 a fortnight. During the 2023 campaign the Council of Trade Unions calculated that only about 3,000 households out of 1.63 million (under 0.2 percent) met all the conditions needed to receive the full $252. It required a couple with children both earning between $53,500 and $66,000 and spending at least $300 a week on early childhood education.",True,"National says the figure was always presented as an 'up to' maximum for a specific household type using full-time childcare, and that the components were delivered as designed. Critics say the $250 figure was used throughout the campaign as the benefit to an 'average household', and that the delivered average of $78 a fortnight for families with children shows the headline was not representative. Both sides agree on the underlying payment figures.","National 2023 manifesto / 'Back Pocket Boost' tax plan, 30 August 2023",https://www.interest.co.nz/public-policy/124026/national-unveils-tax-policy,https://www.beehive.govt.nz/release/responsible-tax-relief-squeezed-middle | https://union.org.nz/3000-households-get-a-252-per-fortnight-tax-cut-under-national/ | https://theconversation.com/nz-budget-2024-tax-relief-for-the-squeezed-middle-but-whos-paying-7-experts-follow-the-money-230102,False
cost-of-living-national-familyboost,cost-of-living,Cost of Living & Tax,national,National,manifesto,outcome,partly,"Introduce FamilyBoost, a childcare tax rebate of up to $150 a fortnight (25 percent of early childhood fees). It would abate from a household income of $140,000 and cut out at $180,000, benefiting an extra 130,000 households at a cost of $996 million over four years.","Up to $150 a fortnight for an extra 130,000 households -> about 60,000 families claiming by mid-2025, 249 receiving the full amount","The rebate exists and pays at the promised headline rate. Take-up fell far short of the 130,000 households promised, and almost no families received the advertised maximum until the scheme was redesigned a year in.","FamilyBoost began on 1 July 2024 and is administered by Inland Revenue on a claim-back basis. Uptake was well below forecast. About 60,000 families had claimed by mid-2025, and only 249 families consistently received the maximum payment. In May 2025 it was reported that close to a quarter of the money spent on the scheme to that point had gone on administration. In July 2025 the government raised the rebate from 25 percent to 40 percent of fees and lifted the income cap from $180,000 to $229,000, with IRD projecting about 16,000 additional claimants and roughly 92,000 in total.",False,,"National 2023 manifesto / 'Back Pocket Boost' tax plan, 30 August 2023",https://www.rnz.co.nz/news/political/496895/national-s-tax-plan-and-costings-what-you-need-to-know,https://www.rnz.co.nz/news/politics/566156/familyboost-payment-increased-income-limit-raised | https://www.nzherald.co.nz/nz/politics/government-plans-familyboost-changes-after-low-uptake-revealed/EW3P25VC4VCGBNJSUIMWZJUOKQ/ | https://www.1news.co.nz/2025/05/14/nearly-a-quarter-of-familyboost-money-spent-on-admin/,False
cost-of-living-national-in-work-tax-credit,cost-of-living,Cost of Living & Tax,national,National,manifesto,outcome,delivered,Increase the Working for Families in-work tax credit by $25 a week for low and middle income working families.,In-work tax credit +$25 a week -> $72.50 raised to $97.50 from 31 July 2024,The promised $25 a week increase was legislated in the first Budget of the term.,"Budget 2024 legislated a $25 a week increase to the in-work tax credit, taking it from $72.50 to $97.50 a week, effective 31 July 2024. Budget 2026 added a further temporary $50 a week in-work tax credit for around 157,000 working families as a cost-of-living measure.",False,,"National 2023 manifesto / 'Back Pocket Boost' tax plan, 30 August 2023",https://www.rnz.co.nz/programmes/news-extras/story/2018902030/election-2023-rnz-s-guide-to-party-policy,https://www.beehive.govt.nz/release/responsible-tax-relief-squeezed-middle | https://www.beehive.govt.nz/speech/budget-2026-securing-new-zealands-future,False
cost-of-living-national-foreign-buyer-tax,cost-of-living,Cost of Living & Tax,national,National,manifesto,outcome,superseded,"Allow foreign buyers to purchase homes worth over $2 million, subject to a 15 percent foreign buyer tax. This would raise about $740 million a year ($2.9 billion over four years) to help fund the income tax package.","$740 million a year from a 15% foreign buyer tax -> policy dropped in coalition talks, $0 raised",National's own manifesto revenue measure was struck out in coalition negotiations before the government took office. No foreign buyer tax was ever introduced.,"The policy was dropped in the National-NZ First coalition agreement signed on 24 November 2023. That agreement states that tax relief 'will be progressed as set out in National's Tax Plan, but will not include a repeal of the foreign buyer's residential property ban'. NZ First had opposed the tax throughout negotiations. Independent modelling during the campaign had already suggested the revenue forecast was around $2 billion too high over four years. The revenue gap was covered from other sources, including cancelling the Climate Emergency Response Fund and commercial building depreciation in the December 2023 mini-budget.",False,,"National 2023 manifesto / 'Back Pocket Boost' tax plan, 30 August 2023",https://www.interest.co.nz/public-policy/124026/national-unveils-tax-policy,https://www.1news.co.nz/2023/11/24/nz-first-scuppers-nationals-foreign-buyers-tax-plan/ | https://kpmg.com/nz/en/insights/2023/11/national-act-nzfirst-government-tax-policies.html | https://en.wikipedia.org/wiki/2023_New_Zealand_mini-budget | https://www.nzherald.co.nz/nz/politics/election-2023-beyond-comprehension-modelling-shows-2b-hole-in-nationals-foreign-buyer-tax/YKML3VY6CNGMLBEIVPESDNA5FQ/,False
cost-of-living-national-app-tax-repeal,cost-of-living,Cost of Living & Tax,national,National,manifesto,outcome,abandoned,"Reverse Labour's 'app tax', the GST rules requiring platforms such as Uber and Airbnb to charge GST on services provided through them. On 3 March 2023 finance spokesperson Nicola Willis said the change would 'increase prices in the middle of a cost of living crisis', and that National would repeal it.",Promised repeal of GST on platform services -> rules took effect 1 April 2024 and remain in force,An explicit campaign commitment to reverse a tax was dropped in office and the tax took effect unchanged.,"After taking office the coalition indicated in late 2023 that it would not repeal the rules. The platform GST rules took effect on 1 April 2024 as Labour had legislated, and remain in force in August 2026. The retained revenue helped offset the loss of the foreign buyer tax in funding the income tax package.",False,,National 2023 campaign commitment / National's economic plan,https://www.rnz.co.nz/news/political/485228/national-claims-airbnb-and-uber-price-hikes-possible-under-govt-s-planned-tax-changes,https://bakertillysr.nz/news/tax-talk-heres-how-the-new-app-tax-regulations-will-apply/ | https://www.deloitte.com/nz/en/services/tax/perspectives/april-2024-gst-on-digital-platforms-now-in-force | https://thespinoff.co.nz/politics/28-11-2023/the-ctrl-z-coalition-all-the-repeals-and-reversals-planned-by-the-new-government,False
cost-of-living-national-auckland-fuel-tax,cost-of-living,Cost of Living & Tax,national,National,coalition-agreement,act,delivered,Abolish the Auckland regional fuel tax introduced in 2018.,Auckland regional fuel tax (introduced 2018) -> repealed in 2024,The tax was repealed within the first year of the term as set out in the 100-day plan.,"Legislation repealing the Auckland regional fuel tax was passed in 2024 and collection ceased during that year. For context on the other side of the ledger, Labour's separate temporary relief package ended on 30 June 2023 at a total cost of roughly $2 billion. That package was a 25 cents a litre cut to fuel excise duty and half-price public transport fares, introduced in March 2022 and extended four times. Budget 2026 added $150 million for strategic fuel reserves and a $450 million contingency for fuel-related pressures.",False,,"National's 100-day plan, November 2023",https://thespinoff.co.nz/politics/28-11-2023/the-ctrl-z-coalition-all-the-repeals-and-reversals-planned-by-the-new-government,https://en.wikipedia.org/wiki/Sixth_National_Government_of_New_Zealand | https://en.wikipedia.org/wiki/2022_New_Zealand_fuel_tax_subsidy | https://www.beehive.govt.nz/speech/budget-2026-securing-new-zealands-future,False
cost-of-living-act-tax-cuts,cost-of-living,Cost of Living & Tax,national,ACT,manifesto,outcome,superseded,"Move to a flatter, lower income tax scale: 17.5 percent under $60,000, 30 percent from $60,000 to $70,000, 33 percent from $70,000 to $180,000 and 39 percent above that. Extend the 30 percent bracket to $180,000 in 2025/26, and cut the top rate from 39 percent to 33 percent in 2026/27. Pay a carbon tax refund of about $243 per person in 2023/24.",Top rate cut from 39% to 33% by 2026/27 and a $243 per person carbon tax refund -> neither delivered; 39% rate still in force in August 2026,"ACT's rate structure and carbon dividend were both dropped in favour of National's tax plan in the coalition agreement, and none of the promised rate changes were legislated.","The coalition agreements committed the government to National's tax plan, not ACT's. The 2024 changes lifted thresholds but kept all five rates, and the 39 percent top rate remains in force in August 2026. No carbon tax refund was paid. The Climate Emergency Response Fund, which ACT and National both proposed to redirect, was cancelled in the December 2023 mini-budget and its $2 billion used to help fund National's tax package. ACT's longer-standing goal of a two-rate or single-rate income tax scale was not adopted at any point in the term.",False,,ACT 2023 alternative budget and tax policy,https://www.rnz.co.nz/news/political/498449/watch-act-leader-david-seymour-reveals-alternative-budget,https://kpmg.com/nz/en/insights/2023/11/national-act-nzfirst-government-tax-policies.html | https://www.beehive.govt.nz/release/responsible-tax-relief-squeezed-middle | https://en.wikipedia.org/wiki/2023_New_Zealand_mini-budget,False
cost-of-living-nzfirst-tax-free-threshold,cost-of-living,Cost of Living & Tax,national,NZ First,manifesto,other,not-delivered,"Make the lowest income tax bracket (the first $14,000 of income) tax free no later than 1 April 2027, worth $28.27 a week to workers. Adjust tax brackets for inflation, with the first adjustment in 2027 and reviews every three years.","$14,000 tax-free bracket worth $28.27 a week by 1 April 2027 -> not legislated as at August 2026","As at August 2026 no tax-free bracket or bracket indexation regime has been legislated, and the policy was not picked up in the coalition agreement.","The National-NZ First coalition agreement committed the government to National's tax plan. Thresholds were lifted once, on 31 July 2024, and the bottom $15,600 of income is still taxed at 10.5 percent. No automatic inflation indexation of brackets has been legislated, and neither Budget 2025 nor Budget 2026 made further threshold changes. Budget 2026 instead introduced a new prudential levy on financial institutions and a cap on charitable donation tax credits.",True,"One reading is that the promise was superseded, because it was not written into the National-NZ First coalition agreement, which adopted National's tax plan instead. Another is that the promise is not yet due, because NZ First set a deadline of 1 April 2027 that falls after the current parliamentary term ends. On either reading, nothing had been legislated by August 2026.",New Zealand First 2023 Policy Manifesto,https://assets.nationbuilder.com/nzfirst/pages/4158/attachments/original/1696631089/2023-New-Zealand-First-Policy-Manifesto-1.pdf,https://kpmg.com/nz/en/insights/2023/11/national-act-nzfirst-government-tax-policies.html | https://www.beehive.govt.nz/release/responsible-tax-relief-squeezed-middle | https://www.1news.co.nz/2026/05/28/budget-2026-new-tax-changes-as-nz-to-return-to-surplus-sooner/,False
cost-of-living-nzfirst-supergold-rates-rebate,cost-of-living,Cost of Living & Tax,national,NZ First,manifesto,outcome,not-delivered,"Give SuperGold cardholders a 50 percent local authority rates rebate of up to $1,600 a year, costed in the manifesto at about $480 million for couples.","50% rates rebate up to $1,600 a year for SuperGold cardholders -> not implemented as at August 2026","The rebate was not adopted in the coalition agreement, and no SuperGold rates rebate has been legislated as at August 2026.",The rebate was not included in the National-NZ First coalition agreement and has not been introduced. Rates relief for superannuitants is still delivered through the pre-existing means-tested Rates Rebate Scheme rather than a SuperGold entitlement. Budget 2026's cost-of-living measures were a temporary in-work tax credit top-up and fuel-related contingencies rather than rates relief.,False,,New Zealand First 2023 Policy Manifesto,https://assets.nationbuilder.com/nzfirst/pages/4158/attachments/original/1696631089/2023-New-Zealand-First-Policy-Manifesto-1.pdf,https://kpmg.com/nz/en/insights/2023/11/national-act-nzfirst-government-tax-policies.html | https://www.beehive.govt.nz/speech/budget-2026-securing-new-zealands-future | https://thespinoff.co.nz/politics/24-11-2023/the-coalition-deal-at-a-glance,False
gapfill-national-labour-supermarket-market-study,cost-of-living,Cost of Living & Tax,labour,Labour,manifesto,act,delivered,Ask the Commerce Commission to conduct market studies on supermarkets and building supplies to ensure everyone is getting a fair deal.,"2 market studies promised -> both completed; grocery study reported March 2022 with 14 recommendations, 12 accepted",Both market studies were carried out as promised. The grocery study was followed by a regulator and two Acts before the end of the term.,"The Commerce Commission launched its market study into the retail grocery sector in November 2020 and published its final report in March 2022. The report concluded that competition was not working well for consumers and made 14 recommendations, of which the Government accepted 12. The Commerce (Grocery Sector Covenants) Amendment Act 2022 banned restrictive land covenants and exclusive leases used to block competing grocery retailers. The Grocery Industry Competition Act 2023 created a Grocery Commissioner within the Commerce Commission, a wholesale supply regime with a regulatory backstop, and supplier protections, with the Grocery Supply Code taking effect on 28 March 2024. A parallel market study into residential building supplies was also completed. The Commission has since reported that competition in groceries remains limited.",False,,Labour 2020 manifesto,https://s3.ap-southeast-2.amazonaws.com/nzdoctor.files/production/public/2020-10/Labour_Manifesto_2020.pdf,https://www.mbie.govt.nz/business-and-employment/business/competition-regulation-and-policy/market-studies/market-study-into-supermarkets | https://www.comcom.govt.nz/regulated-industries/projects/market-study-into-retail-grocery-sector/,False
economy-labour-budget-responsibility-rules,economy,"Economy, Jobs & Fiscal",labour,Labour,manifesto,outcome,partly,"Meet five Budget Responsibility Rules. The strictest is to reduce net core Crown debt to below 20 percent of GDP within five years of taking office, and to keep core Crown spending at or around 30 percent of GDP, while running sustainable operating surpluses across the economic cycle.","Net core Crown debt below 20% of GDP within 5 years -> on track pre-COVID, target dropped in 2020; operating deficits every year from 2019/20 to 2022/23",The rules were met in the first term and abandoned in the second. The debt and surplus targets were not in place at the end of the era.,"Labour ran operating surpluses in its first two full years and was on track against the debt rule before the COVID-19 pandemic. From 2020 the rules were set aside. The government borrowed heavily for the wage subsidy and other pandemic support, the 20 percent debt ceiling was replaced with a looser range, and the books were in operating deficit every year from 2019/20 through to the October 2023 handover. The Greens, who had co-signed the rules in 2017, formally abandoned them in December 2019, before the pandemic.",True,"Labour argues the rules were explicitly conditional on there being no major economic shock, and that abandoning them in 2020 was the intended response to a once-in-a-century pandemic, which the Treasury and Reserve Bank supported. Critics argue the deficits and debt continued well beyond the pandemic emergency, with the books still in deficit at the 2023 handover, and that no replacement debt anchor of comparable strictness was adopted. The underlying fiscal record is not disputed.","Labour 2017 fiscal plan / Budget Responsibility Rules (agreed with the Greens, March 2017)",https://www.pressreader.com/new-zealand/the-timaru-herald/20191211/281676846790667,https://www.treasury.govt.nz/publications/efu/budget-economic-and-fiscal-update-2026 | https://en.wikipedia.org/wiki/Sixth_Labour_Government_of_New_Zealand,False
economy-greens-budget-responsibility-rules,economy,"Economy, Jobs & Fiscal",labour,Greens,manifesto,outcome,abandoned,Sign up to and govern by Labour's Budget Responsibility Rules. These include reducing net core Crown debt to less than 20 percent of GDP within five years and keeping government spending at or below 30 percent of GDP.,Debt below 20% of GDP and spending at or below 30% of GDP -> rules formally scrapped by the Greens in December 2019,"The Greens explicitly and publicly dropped a fiscal commitment they had campaigned on, part-way through the term.","In December 2019, after an internal policy review, the Green Party's policy group voted to scrap the Budget Responsibility Rules and replace them with an economic policy allowing higher public spending. Co-leader James Shaw said the rules had limited the government's scope for change, and that the party would instead focus on wellbeing measures beyond GDP and a stronger public sector. The rules did not appear in the Greens' 2020 platform.",False,,"Green Party 2017 election commitment (Budget Responsibility Rules co-signed with Labour, March 2017)",https://www.pressreader.com/new-zealand/the-timaru-herald/20191211/281676846790667,https://www.pressreader.com/new-zealand/the-timaru-herald/20191211/281676846790667,False
economy-labour-fair-pay-agreements,economy,"Economy, Jobs & Fiscal",labour,Labour,manifesto,act,largely,"Introduce Fair Pay Agreements, allowing unions and employers to bargain sector-wide minimum terms and conditions binding on all employers in an occupation or industry.",Fair Pay Agreements promised in 2017 -> Act passed October 2022; 0 agreements concluded before repeal in December 2023,"The system was legislated as promised, but only in the final year of the second term, and no agreement was ever concluded under it.","A Fair Pay Agreements Working Group was set up in June 2018. The Fair Pay Agreements Bill passed its third reading on 25 October 2022 by 76 votes to 43 and received royal assent on 1 November 2022, five years after the promise was first made. Bargaining was initiated in a small number of sectors. No fair pay agreement had been concluded when the incoming government repealed the Act on 20 December 2023.",True,"One reading is that the promise was to legislate the framework, which happened in full, so this is close to delivered. The other is that the point of the policy was agreements covering workers, of which there were none, so it is closer to partly delivered. The five-year delay and the zero-agreement outcome are both undisputed.",Labour 2017 and 2020 manifestos / workplace relations policy,https://en.wikipedia.org/wiki/Fair_Pay_Agreements_Act_2022,https://www.legislation.govt.nz/act/public/2022/0058/latest/whole.html | https://www.mbie.govt.nz/business-and-employment/employment-and-skills/fair-pay-agreements | https://www.instituteforgovernment.org.uk/comment/labours-fair-pay-agreements-new-zealand,False
economy-labour-minimum-wage-20,economy,"Economy, Jobs & Fiscal",labour,Labour,manifesto,outcome,delivered,"Raise the adult minimum wage from $15.75 to $20 an hour by 2021, starting with $16.50 from 1 April 2018. Workplace Relations Minister Iain Lees-Galloway said on 22 December 2017: 'we are committed to increasing the minimum wage to $20 by 2021'.","$15.75 in 2017 -> $20.00 on 1 April 2021 as promised, and $22.70 by April 2023",The exact rate was reached on the exact promised date.,"The adult minimum wage rose to $16.50 on 1 April 2018, $17.70 in 2019, $18.90 in 2020 and $20.00 on 1 April 2021, hitting the target on schedule. It kept rising to $21.20 in 2022 and $22.70 in 2023, a cumulative increase of 44 percent over the six years of the Labour government.",False,,Labour 2017 manifesto / workplace relations policy,https://www.beehive.govt.nz/release/minimum-wage-increase-1650-hour,https://www.employment.govt.nz/pay-and-hours/pay-and-wages/minimum-wage/previous-min-wage-rates | https://www.mbie.govt.nz/business-and-employment/employment-and-skills/employment-legislation-reviews/minimum-wage-reviews,False
economy-labour-abolish-90-day-trials,economy,"Economy, Jobs & Fiscal",labour,Labour,manifesto,act,partly,"Abolish 90-day trial periods. They allow an employer to dismiss a new employee within their first 90 days, without the employee being able to bring a personal grievance for unjustified dismissal.","Abolish 90-day trials -> restricted to employers with fewer than 20 staff from 2019, reversed in December 2023","Trial periods were narrowed rather than abolished, and the narrowing lasted less than five years.","The Employment Relations Amendment Act 2018 did not abolish trial periods. Instead it restricted them to employers with fewer than 20 employees, with the change taking effect in 2019. Coalition partner NZ First required the carve-out for small business. The incoming government reversed the restriction in December 2023, extending trials back to employers of all sizes.",False,,Labour 2017 manifesto / workplace relations policy,https://en.wikipedia.org/wiki/Sixth_Labour_Government_of_New_Zealand,https://thespinoff.co.nz/politics/28-11-2023/the-ctrl-z-coalition-all-the-repeals-and-reversals-planned-by-the-new-government | https://en.wikipedia.org/wiki/Sixth_National_Government_of_New_Zealand,False
economy-nzfirst-provincial-growth-fund,economy,"Economy, Jobs & Fiscal",labour,NZ First,coalition-agreement,act,largely,Establish a Regional Development (Provincial Growth) Fund of $1 billion a year to invest in the regions.,$1 billion a year for the regions -> $3 billion Provincial Growth Fund over three years from February 2018,"A fund of the promised scale was established and spent, but at $3 billion over three years rather than $1 billion every year of the term. It did not survive the change of government arrangements in 2020.","The Provincial Growth Fund was launched in February 2018 with $3 billion allocated over three years. NZ First minister Shane Jones ran it as Regional Economic Development Minister. It included dedicated allocations such as $100 million for Māori economic development. Much of the remaining money was redirected into COVID-19 infrastructure and redeployment packages in 2020, and the fund did not continue in its original form after NZ First left Parliament at the 2020 election. Job-creation claims made for the fund were disputed at the time.",False,,"Labour-NZ First Coalition Agreement, 24 October 2017",https://www.scoop.co.nz/stories/PA1710/S00058/coalition-agreement-nz-first-and-labour.htm,https://en.wikipedia.org/wiki/Sixth_Labour_Government_of_New_Zealand | https://newsroom.co.nz/2017/10/24/nz-first-labour-agree-1b-regional-fund/,False
economy-nzfirst-reserve-bank-dual-mandate,economy,"Economy, Jobs & Fiscal",labour,NZ First,coalition-agreement,outcome,delivered,"Reform the Reserve Bank Act so that monetary policy is directed at maximising employment alongside price stability, and move decision-making to a committee.",Employment added to the RBNZ mandate -> legislated in 2018; removed again on 20 December 2023,"The mandate change and the committee structure were both legislated within the first term, as agreed.","The Policy Targets Agreement signed in 2018 added 'supporting maximum sustainable employment' to the Reserve Bank's objectives. The Reserve Bank of New Zealand (Monetary Policy) Amendment Act 2018 wrote the dual mandate into legislation and created a statutory Monetary Policy Committee, which began operating in 2019. The dual mandate was carried into the Reserve Bank of New Zealand Act 2021. The incoming government removed it on 20 December 2023.",False,,"Labour-NZ First Coalition Agreement, 24 October 2017",https://www.scoop.co.nz/stories/PA1710/S00058/coalition-agreement-nz-first-and-labour.htm,https://www.rbnz.govt.nz/monetary-policy/about-monetary-policy/history-of-the-remit-and-policy-targets-agreement | https://www.rbnz.govt.nz/about-us/legislation/reserve-bank-of-new-zealand-act-2021,False
economy-labour-foreign-buyer-ban,economy,"Economy, Jobs & Fiscal",labour,Labour,manifesto,act,delivered,Ban overseas buyers who are not residents from purchasing existing residential homes in New Zealand.,Ban on non-resident foreign buyers of existing homes -> in force from 22 October 2018,"Legislated within the first year of the term, and still in force in August 2026.","The Overseas Investment Amendment Act 2018 classified residential land as sensitive land requiring consent. That in effect barred most non-resident foreign buyers from purchasing existing homes from 22 October 2018. Australian and Singaporean buyers remained exempt under existing free trade agreements. The ban survived the 2023 change of government. National campaigned on partially lifting it for homes over $2 million, but agreed in the National-NZ First coalition agreement that its tax plan 'will not include a repeal of the foreign buyer's residential property ban'.",False,,"Labour 2017 manifesto / Labour-NZ First Coalition Agreement, 24 October 2017",https://www.scoop.co.nz/stories/PA1710/S00058/coalition-agreement-nz-first-and-labour.htm,https://en.wikipedia.org/wiki/Sixth_Labour_Government_of_New_Zealand | https://www.1news.co.nz/2023/11/24/nz-first-scuppers-nationals-foreign-buyers-tax-plan/,False
economy-national-surplus-2026-27,economy,"Economy, Jobs & Fiscal",national,National,manifesto,act,not-delivered,Return the government's books to an operating surplus of $2.9 billion in the 2026/27 year. Fund this by spending restraint and reduced growth in new expenditure rather than higher borrowing.,$2.9 billion surplus in 2026/27 -> $11.4 billion deficit forecast for 2026/27; first surplus now forecast for 2028/29,The specific surplus year and amount promised in the 2023 fiscal plan will not be met. The 2026/27 year is now forecast to be an $11.4 billion deficit.,"The government changed its headline fiscal measure in 2024 to OBEGALx, which excludes ACC. Nicola Willis publicly conceded the 2026/27 surplus was unlikely to be met, saying she 'wouldn't describe myself as optimistic' about it. Budget 2026, delivered on 28 May 2026, forecast OBEGALx deficits of $11.9 billion in 2025/26 and $11.4 billion in 2026/27. The first surplus of $2.6 billion is not due until 2028/29. That is a year earlier than the December 2025 half-year update had projected, but two years later than promised. Net core Crown debt is forecast to peak at 46.1 percent of GDP in 2027/28 before easing to 44.4 percent by 2029/30.",False,,National 2023 fiscal plan,https://www.nzherald.co.nz/nz/politics/national-slides-back-into-the-red-that-surplus-position-is-challenged-nicola-willis-warns-surplus-promise-may-not-be-met/ACH2CI5JGJAMPO4TDEGLWXX6XY/,https://budget.govt.nz/budget/2026/fiscal-strategy-report/fiscal-outlook.htm | https://www.1news.co.nz/2026/05/28/budget-2026-new-tax-changes-as-nz-to-return-to-surplus-sooner/ | https://www.beehive.govt.nz/speech/budget-2026-securing-new-zealands-future,False
economy-national-savings-and-reprioritisation,economy,"Economy, Jobs & Fiscal",national,National,manifesto,act,largely,"Fund the $14.6 billion tax package without additional borrowing. Use roughly $800 million a year of public service back-office savings, $2.3 billion from the Climate Emergency Response Fund and new revenue measures.",About $800 million a year of back-office savings -> $7.47 billion of savings over four years identified in the December 2023 mini-budget,The savings were found and the tax package was funded without extra borrowing. The mix of measures used differed materially from the one put to voters.,"The December 2023 mini-budget identified $7.47 billion of savings over four years. These included cancelling the Climate Emergency Response Fund ($2 billion), removing depreciation deductions for commercial buildings ($2.3 billion), $400 million from reduced consultant spending and $600 million from departmental cost reductions. In January 2024 departments were told to find baseline savings of 6.5 or 7.5 percent towards a $1.5 billion a year target. The package was delivered as fiscally neutral, but two of the three funding legs changed. The promised foreign buyer tax was dropped, and the gap was helped by the commercial building depreciation change and the retained 'app tax', neither of which National had campaigned on as revenue for the package.",False,,"National 2023 manifesto / 'Back Pocket Boost' fiscal plan, 30 August 2023",https://www.rnz.co.nz/news/political/496895/national-s-tax-plan-and-costings-what-you-need-to-know,https://en.wikipedia.org/wiki/2023_New_Zealand_mini-budget | https://www.rnz.co.nz/news/politics/524904/how-many-public-sector-roles-are-going-and-from-where | https://www.1news.co.nz/2023/11/24/nz-first-scuppers-nationals-foreign-buyers-tax-plan/,False
economy-national-reserve-bank-single-mandate,economy,"Economy, Jobs & Fiscal",national,National,coalition-agreement,act,delivered,"Remove 'supporting maximum sustainable employment' from the Reserve Bank's remit, so that monetary policy focuses solely on price stability.","Dual mandate removed -> legislated 13 December 2023, in force 20 December 2023",Legislated within the first month of the term exactly as set out in the coalition agreement and 100-day plan.,"The Reserve Bank of New Zealand (Economic Objective) Amendment Bill was the first bill passed by the new Parliament. It went through all stages on 13 December 2023 and came into force on 20 December 2023. The accompanying Remit removes the employment objective, but retains employment as one of the variables in which the Monetary Policy Committee should seek to avoid unnecessary volatility. Treasury's regulatory impact statement on the change was published in November 2023.",False,,"National-ACT Coalition Agreement and National's 100-day plan, November 2023",https://thespinoff.co.nz/politics/28-11-2023/the-ctrl-z-coalition-all-the-repeals-and-reversals-planned-by-the-new-government,https://www.legislation.govt.nz/bill/government/2023/0002/latest/whole.html | https://www.rbnz.govt.nz/monetary-policy/about-monetary-policy/history-of-the-remit-and-policy-targets-agreement | https://www.treasury.govt.nz/sites/default/files/2023-12/ris-tsy-rdmrba-nov23.pdf,False
economy-national-repeal-fair-pay-agreements,economy,"Economy, Jobs & Fiscal",national,National,coalition-agreement,act,delivered,Repeal the Fair Pay Agreements Act 2022 by Christmas 2023.,Repeal by Christmas 2023 -> repealed 20 December 2023,Repealed within the promised timeframe and before Christmas 2023.,"The Fair Pay Agreements Act Repeal Bill passed its third reading under urgency on 14 December 2023, received royal assent on 19 December and took effect on 20 December 2023. No fair pay agreement had been concluded under the Act, so none were cancelled. Unions, Labour, the Greens and Te Pāti Māori opposed the repeal. Business groups supported it.",False,,"National-ACT Coalition Agreement and National's 100-day plan, November 2023",https://thespinoff.co.nz/politics/28-11-2023/the-ctrl-z-coalition-all-the-repeals-and-reversals-planned-by-the-new-government,https://en.wikipedia.org/wiki/Fair_Pay_Agreements_Act_2022 | https://www.mbie.govt.nz/dmsdocument/28026-repeal-of-fair-pay-agreements-legislation-proactiverelease-pdf | https://www.parliament.nz/en/pb/hansard-debates/rhr/combined/HansDeb_20231212_20231213_40,False
economy-national-90-day-trials-all-employers,economy,"Economy, Jobs & Fiscal",national,National,coalition-agreement,act,delivered,"Restore 90-day employment trial periods for businesses of all sizes, reversing Labour's restriction to employers with fewer than 20 staff.",90-day trials limited to employers with under 20 staff -> extended to all employers from December 2023,Legislated within the first month of the term as promised.,"Amending legislation passed in December 2023, and 90-day trial periods became available to all employers from 23 December 2023. It was one of the first measures completed under the 100-day plan.",False,,"National-ACT Coalition Agreement and National's 100-day plan, November 2023",https://thespinoff.co.nz/politics/28-11-2023/the-ctrl-z-coalition-all-the-repeals-and-reversals-planned-by-the-new-government,https://en.wikipedia.org/wiki/Sixth_National_Government_of_New_Zealand | https://wynnwilliams.co.nz/insights/employment/change-on-the-horizon-what-the-coalition-agreements-and-100-day-plan-means-for-employment-in-aotearoa-new-zealand/,False
economy-act-ministry-for-regulation,economy,"Economy, Jobs & Fiscal",national,ACT,coalition-agreement,act,delivered,"Establish a Ministry for Regulation to cut red tape, funded by disestablishing the Productivity Commission. Pass a Regulatory Standards Act setting principles for good law-making.",Ministry for Regulation and a Regulatory Standards Act -> ministry established 2024; Act passed November 2025,"Both the new ministry and the Act were delivered within the term, in the form set out in the coalition agreement.","The Ministry for Regulation was established in 2024 with ACT leader David Seymour as Minister for Regulation, and the New Zealand Productivity Commission was disestablished to fund it. The Regulatory Standards Bill passed its second and third readings in November 2025 and received royal assent, becoming the Regulatory Standards Act 2025. The Act sets principles covering the rule of law, personal liberties, property rights and taxation. It also establishes a Regulatory Standards Board to consider complaints about existing law. ACT had pursued the policy for around 20 years, and Labour, the Greens and Te Pāti Māori strongly opposed it.",False,,"National-ACT Coalition Agreement, 24 November 2023",https://thespinoff.co.nz/politics/24-11-2023/the-coalition-deal-at-a-glance,https://en.wikipedia.org/wiki/Regulatory_Standards_Act_2025 | https://en.wikipedia.org/wiki/Ministry_for_Regulation,False
economy-act-public-sector-back-to-2017-levels,economy,"Economy, Jobs & Fiscal",national,ACT,coalition-agreement,other,not-delivered,Shrink the public sector back to 2017 levels by reducing non-essential back-office functions.,"Public sector back to 2017 levels -> 64,535 public service FTEs at March 2026, versus a December 2023 peak of 65,699 and a June 2017 base roughly a third smaller","Public service headcount at March 2026 was only about 1,200 below its December 2023 peak and remained far above 2017 levels. The government's own new target date for a smaller public service is 2029.","Departments were directed in January 2024 to find baseline savings of 6.5 or 7.5 percent, the higher figure applying to agencies that had grown more than 50 percent since 2017. RNZ counted around 9,500 public sector roles going by the end of 2024. Public service full-time-equivalent staffing fell from a peak of 65,699 in the December 2023 quarter to 62,654 in June 2025, but then rose again to 64,535 by March 2026. At June 2024 the public service was still about 34 percent larger than at June 2017. In May 2026 the government announced a further plan to cut about 8,700 roles, setting a target of no more than 55,000 full-time equivalents by July 2029, four years after the end of this parliamentary term.",False,,"National-ACT Coalition Agreement, 24 November 2023",https://thespinoff.co.nz/politics/24-11-2023/the-coalition-deal-at-a-glance,https://www.publicservice.govt.nz/data/workforce-data/public-sector-composition/workforce-size | https://www.rnz.co.nz/news/politics/524904/how-many-public-sector-roles-are-going-and-from-where | https://www.globalgovernmentforum.com/new-zealand-government-announces-plan-to-cut-nearly-9000-public-service-jobs/,False
economy-act-minimum-wage-freeze,economy,"Economy, Jobs & Fiscal",national,ACT,manifesto,other,superseded,Freeze the adult minimum wage for three years.,Three-year minimum wage freeze -> minimum wage rose from $22.70 to $23.95 between April 2023 and April 2026,"ACT's policy was not written into the coalition agreements, and the minimum wage was increased in each of the three years.","The freeze was not adopted in the coalition agreements. The adult minimum wage rose from $22.70 to $23.15 on 1 April 2024 (2.0 percent), to $23.50 on 1 April 2025 (1.5 percent) and to $23.95 on 1 April 2026 (1.9 percent). The increases were much smaller than the 5.8 to 7.3 percent annual rises under the previous government, but the wage was not frozen in any year of the term.",False,,ACT 2023 election policy,https://www.rnz.co.nz/programmes/news-extras/story/2018902030/election-2023-rnz-s-guide-to-party-policy,https://www.calculate.co.nz/reference/nz-minimum-wage.php | https://www.employment.govt.nz/pay-and-hours/pay-and-wages/minimum-wage/previous-min-wage-rates,False
economy-act-top-ten-oecd-growth,economy,"Economy, Jobs & Fiscal",national,ACT,manifesto,outcome,not-delivered,"Lift New Zealand into the top 10 OECD countries for GDP growth. Do this through lower taxes, deep cuts to government spending and the removal of programmes ACT considered wasteful.","Top 10 OECD for GDP growth -> 1.2% annual growth in the year to June 2026 and unemployment at 5.6%, a decade high","Growth of 1.2 percent in the year to June 2026, following a recession, is not consistent with a top-10 OECD growth ranking, and unemployment rose over the term.","The economy contracted through much of 2024 and recovered only slowly. Unemployment rose steadily across the term, reaching 5.6 percent in the June 2026 quarter, the highest reading in more than a decade, with 171,000 people unemployed. Underutilisation was 13.8 percent, or about 440,000 people wanting more work. Treasury's Budget 2026 forecasts put annual GDP growth at 1.2 percent for the year to June 2026, rising to 3.2 percent by June 2028, with nominal GDP growth forecasts revised slightly down from earlier updates.",True,"ACT could argue the goal was framed as a medium-term ambition rather than a single-term deliverable, and that the coalition did not adopt most of its spending and tax programme, so the target was never properly tested. Critics point out that the party campaigned on it as the measure of its economic programme, and that on any within-term reading the target was missed. The growth and unemployment figures themselves are not disputed.",ACT 2023 election policy / alternative budget,https://www.rnz.co.nz/programmes/news-extras/story/2018902030/election-2023-rnz-s-guide-to-party-policy,https://www.stats.govt.nz/news/unemployment-rate-at-5-6-percent-in-the-june-2026-quarter/ | https://newswire.co.nz/2026/08/unemployment-5-6-percent-june-2026-quarter/ | https://www.beehive.govt.nz/speech/budget-2026-securing-new-zealands-future,False
economy-nzfirst-regional-infrastructure-fund,economy,"Economy, Jobs & Fiscal",national,NZ First,coalition-agreement,act,delivered,"Establish a $1.2 billion Regional Infrastructure Fund over three years, reviving the model of the Provincial Growth Fund.",$1.2 billion Regional Infrastructure Fund over three years -> established in Budget 2024,A fund of the promised size was established in the first Budget of the term with the promised minister and scope.,"The Regional Infrastructure Fund was established with $1.2 billion in Budget 2024. NZ First minister Shane Jones administers it as Minister for Regional Development. Allocations to flood protection, water storage, energy and regional transport projects have continued through the term.",False,,"National-NZ First Coalition Agreement, 24 November 2023",https://thespinoff.co.nz/politics/24-11-2023/the-coalition-deal-at-a-glance,https://en.wikipedia.org/wiki/Sixth_National_Government_of_New_Zealand | https://www.rnz.co.nz/news/politics/503153/coalition-details-at-a-glance-what-you-need-to-know,False
economy-nzfirst-surplus-2024-25,economy,"Economy, Jobs & Fiscal",national,NZ First,manifesto,other,not-delivered,Return the Budget to surplus in 2024/25. Hold total government expenses to no more than $165 billion and core government expenses to no more than $133 billion for 2024/25.,Budget surplus in 2024/25 -> deficits in every year; first surplus now forecast for 2028/29,"No surplus was achieved in 2024/25 or any later year of the term, and the forecast surplus is four years later than promised.","The books remained in deficit through 2024/25 and 2025/26. Budget 2026 forecast OBEGALx deficits of $11.9 billion in 2025/26 and $11.4 billion in 2026/27, with the first surplus not expected until 2028/29, four years later than NZ First's target. Budget 2026 held new operating spending to $2.1 billion against a $2.4 billion allowance and cut the bond programme by $6 billion over four years, the first downward revision since 2021.",False,,New Zealand First 2023 Policy Manifesto ('Back to Black'),https://assets.nationbuilder.com/nzfirst/pages/4158/attachments/original/1696631089/2023-New-Zealand-First-Policy-Manifesto-1.pdf,https://budget.govt.nz/budget/2026/fiscal-strategy-report/fiscal-outlook.htm | https://www.beehive.govt.nz/speech/budget-2026-securing-new-zealands-future,False
economy-nzfirst-minimum-wage-25,economy,"Economy, Jobs & Fiscal",national,NZ First,manifesto,outcome,not-delivered,"Lift the adult minimum wage to at least $25 an hour, offset for employers through business tax concessions.",At least $25 an hour -> $23.95 at 1 April 2026,"The minimum wage was $23.95 at April 2026, more than a dollar short of the promised floor, and the tax offset mechanism was never introduced.","The minimum wage rose to $23.15 on 1 April 2024, $23.50 on 1 April 2025 and $23.95 on 1 April 2026. The offsetting business tax concessions were not introduced. NZ First's target was not written into the National-NZ First coalition agreement.",False,,New Zealand First 2023 Policy Manifesto,https://assets.nationbuilder.com/nzfirst/pages/4158/attachments/original/1696631089/2023-New-Zealand-First-Policy-Manifesto-1.pdf,https://www.calculate.co.nz/reference/nz-minimum-wage.php | https://www.employment.govt.nz/pay-and-hours/pay-and-wages/minimum-wage/previous-min-wage-rates,False
economy-nzfirst-kiwisaver-and-small-business,economy,"Economy, Jobs & Fiscal",national,NZ First,manifesto,outcome,not-delivered,"Rebuild KiwiSaver. Restore the KiwiSaver kickstart with auto-enrolment at birth from July 2024, pay a $250 annual state contribution matched by the individual until age 18, and raise the government contribution to $1,540. Separately, redefine a small or medium enterprise from 19 to 50 full-time equivalent employees, and allow 100 percent depreciation on business equipment worth up to $20,000.","KiwiSaver kickstart from July 2024 and a $1,540 government contribution -> neither introduced as at August 2026",No element of the KiwiSaver package or the small business tax changes was adopted in the coalition agreement or legislated during the term.,"None of the KiwiSaver commitments were written into the National-NZ First coalition agreement, and none had been legislated as at August 2026. The SME redefinition and the $20,000 full-expensing rule were also not adopted. Regulatory relief for business was pursued instead through ACT's Ministry for Regulation and Regulatory Standards Act.",False,,New Zealand First 2023 Policy Manifesto,https://assets.nationbuilder.com/nzfirst/pages/4158/attachments/original/1696631089/2023-New-Zealand-First-Policy-Manifesto-1.pdf,https://kpmg.com/nz/en/insights/2023/11/national-act-nzfirst-government-tax-policies.html | https://www.1news.co.nz/2026/05/28/budget-2026-new-tax-changes-as-nz-to-return-to-surplus-sooner/ | https://thespinoff.co.nz/politics/24-11-2023/the-coalition-deal-at-a-glance,False
gapfill-greens-green-investment-finance,economy,"Economy, Jobs & Fiscal",labour,Greens,coalition-agreement,outcome,partly,"Stimulate up to $1 billion of investment in low carbon industries by 2020, through a proposed Green Investment Fund.","Up to $1b of low carbon investment stimulated by 2020 -> NZGIF capitalised at $100m in 2019, about half committed by 2020; capital reached $700m by May 2023","The institution was created and its capital grew, but the $1 billion by 2020 figure in the agreement was not close to being met on that date.","Cabinet agreed to establish New Zealand Green Investment Finance Limited in late 2018. The company was capitalised with $100 million and began investing in 2019. It had committed roughly half its initial capital by 2020, far short of the $1 billion of stimulated investment named for that year. Capital was later increased to $400 million, and on 9 May 2023 Climate Change Minister James Shaw announced a further $300 million, taking total capital to $700 million. NZGIF's investments included EV charging infrastructure, solar on schools and electric buses, with estimated lifetime emissions reductions of 580,000 to 710,000 tonnes CO2e as at June 2022.",True,"The government's reading is that NZGIF mobilises private capital at a multiple of its own balance sheet, so the total investment stimulated exceeds its capitalisation. Critics note that the agreement named a $1 billion figure and a 2020 date, and that on any measure of capital deployed by 2020 the figure was in the tens of millions.","Labour-Green Confidence and Supply Agreement 2017, policy goal 4, stimulate up to $1 billion of investment in low carbon industries by 2020",https://thestandard.org.nz/labour-green-confidence-and-supply-agreement-released/,https://www.beehive.govt.nz/release/100-million-investment-fund-launched-invest-reducing-emissions | https://www.beehive.govt.nz/release/pioneering-green-investor-gets-significant-boost | https://www.treasury.govt.nz/sites/default/files/2018-12/establishing-nz-green-investment-finance-limited.pdf,False
gapfill-greens-wealth-tax-gmi,economy,"Economy, Jobs & Fiscal",labour,Greens,manifesto,act,superseded,"Introduce a wealth tax on net assets over $1 million, new top personal income tax rates, and a Guaranteed Minimum Income of at least $325 a week for everyone not in full-time paid work.",Wealth tax over $1m net assets and a $325 a week Guaranteed Minimum Income -> neither included in the 2020 Cooperation Agreement,The party's flagship 2020 policy was excluded from the cooperation agreement negotiated after the election and never became government policy.,"The Poverty Action Plan was the Greens' central 2020 election policy. Prime Minister Jacinda Ardern publicly ruled out a wealth tax during the campaign, and repeated that position after Labour won an outright majority on 17 October 2020. The 2020 Labour-Greens Cooperation Agreement, signed 1 November 2020, contains no tax or income-support commitments at all. Its cooperation areas are limited to climate, biodiversity and waste, and homelessness, warm homes and child and youth mental health. Neither a wealth tax nor a Guaranteed Minimum Income was introduced during the term.",False,,"Green Party 2020 Poverty Action Plan, wealth tax, new top income tax rates and a Guaranteed Minimum Income",https://www.interest.co.nz/news/105728/greens-propose-introducing-universal-payment-least-325week-those-who-dont-work-full,https://www.rnz.co.nz/news/politics/428348/what-else-apart-from-a-wealth-tax-the-shape-of-a-labour-greens-coalition | https://www.scoop.co.nz/stories/PA2010/S00117/cooperation-agreement-between-the-nz-labour-party-and-the-green-party-of-aotearoa-nz.htm,False
gapfill-national-nzf-banking-competition-inquiry,economy,"Economy, Jobs & Fiscal",national,NZ First,coalition-agreement,act,delivered,"Establish a select committee inquiry into banking competition, focused on how competitive the sector is, customer services and profitability.",Select committee inquiry promised -> held 2024-25; Government agreed or partly agreed to all 19 recommendations on 13 Nov 2025,"Parliament held the inquiry with the promised focus. It reported, and it drew a full government response.","Parliament's Finance and Expenditure Committee launched an inquiry into banking competition in 2024. It worked alongside the Primary Production Committee on rural banking, and the Reserve Bank and other regulators made submissions from September 2024. The Commerce Commission's separate market study into personal banking reported in August 2024. The Government responded to the Finance and Expenditure Committee's inquiry on 13 November 2025, agreeing or partly agreeing to all 19 of the committee's recommendations. The response focused on standardising bank disclosure to make comparison easier, strengthening Kiwibank's competitive position through more investment, and reducing regulatory barriers to new entrants and non-bank deposit takers.",False,,"National. NZ First Coalition Agreement, 24 November 2023 (Economy)",https://assets.nationbuilder.com/nzfirst/pages/4462/attachments/original/1700784896/National___NZF_Coalition_Agreement_signed_-_24_Nov_2023.pdf,https://www.treasury.govt.nz/news-and-events/reviews-consultation/finance-and-expenditure-committee-inquiry-banking-competition | https://www.treasury.govt.nz/sites/default/files/2025-12/pr-eco-25-sub-0181.pdf | https://www.interest.co.nz/banking/128220/two-parliamentary-select-committees-will-conduct-inquiry-banking-competition,False
gapfill-national-nzf-ird-audit-funding,economy,"Economy, Jobs & Fiscal",national,NZ First,coalition-agreement,outcome,delivered,Increase funding for IRD tax audits to urgently expand Inland Revenue's tax audit capacity.,Increase IRD audit funding -> $116m over four years from Budget 2024; forecast $526m a year in extra revenue,"Audit and compliance funding rose in the first Budget of the term and again in later Budgets, with published capacity and revenue targets.","Budget 2024 gave Inland Revenue $116 million over four years for compliance and audit work, taking effect from July 2024, and more compliance investment followed in Budgets 2025 and 2026. Inland Revenue's published figures show administration funding rising to $79 million a year from 2026/27, with forecast extra Crown revenue of $526 million a year plus about $18 million a year in student loan repayments. Inland Revenue's performance targets for revenue from compliance interventions rose to $1,228.1 million in 2025/26 and $1,334.1 million in 2026/27. Results are reported quarterly.",False,,"National. NZ First Coalition Agreement, 24 November 2023 (Economy)",https://assets.nationbuilder.com/nzfirst/pages/4462/attachments/original/1700784896/National___NZF_Coalition_Agreement_signed_-_24_Nov_2023.pdf,https://www.ird.govt.nz/about-us/tax-statistics/major-spending-decisions/budget-2024-investment-in-compliance-activities | https://www.beehive.govt.nz/release/government-provides-support-tackle-tax-debt-and-compliance,False
gapfill-national-nzf-minimum-wage-annual-increases,economy,"Economy, Jobs & Fiscal",national,NZ First,coalition-agreement,other,delivered,Commit to moderate increases to the minimum wage every year.,"$22.70 (2023) -> $23.15 (Apr 2024), $23.50 (Apr 2025), $23.95 (Apr 2026)","The minimum wage rose in every year of the term, at the modest scale the agreement described.","The adult minimum wage rose in each year of the term: to $23.15 an hour from 1 April 2024, to $23.50 from 1 April 2025, and to $23.95 from 1 April 2026. Workplace Relations and Safety Minister Brooke van Velden announced the 2026 increase on 12 December 2025. She described the 2 per cent rise as a balance between the cost of living and business costs, and said it would benefit about 122,500 workers. The increases were around or slightly below the rate of inflation in each year, which is what the word 'moderate' in the agreement signalled.",False,,"National. NZ First Coalition Agreement, 24 November 2023 (Employment and Immigration)",https://assets.nationbuilder.com/nzfirst/pages/4462/attachments/original/1700784896/National___NZF_Coalition_Agreement_signed_-_24_Nov_2023.pdf,https://www.beehive.govt.nz/release/minimum-wage-increase-balances-business-and-worker-needs | https://www.rnz.co.nz/news/politics/536895/minimum-wage-set-to-get-modest-bump-to-23-point-50-in-april | https://www.mbie.govt.nz/about/news/minimum-wage-set-for-2026,False
education-labour-fees-free-three-years,education,Education,labour,Labour,manifesto,act,partly,"Make the first year of tertiary study or training fee-free from 2018 (up to about $12,000), then extend free study to two years and then to three years.",3 years free study promised -> 1 year delivered; extension abandoned in 2020,One year of free study was delivered and kept for the whole term. The promised extension to three years was dropped and never happened.,"The first year became fee-free from 1 January 2018. There were 47,000 students and trainees in the first year, and student debt fell by $194.2 million between 2017 and 2018. Uptake was lower than forecast. The scheduled extensions to two and then three years were abandoned in 2020. By 2019 the scheme cost $254 million a year, and Budget 2022 allocated $387 million. Later research found the policy did little to widen access, with participation from the wealthiest decile rising 43% between 2017 and 2022.",False,,Labour 2017 election campaign policy on tertiary fees,https://en.wikipedia.org/wiki/Fees_Free,https://en.wikipedia.org/wiki/Fees_Free | https://thespinoff.co.nz/the-bulletin/11-05-2026/the-troubled-life-and-death-of-the-fees-free-tertiary-scheme | https://theconversation.com/nzs-costly-fees-free-scheme-did-little-to-widen-access-to-tertiary-education-new-study-282587,False
education-labour-national-standards,education,Education,labour,Labour,manifesto,act,delivered,"Scrap National Standards for literacy and numeracy, and primary school league tables.",,"Done in full, immediately and as promised.","The incoming government abolished National Standards and the associated primary school league tables in December 2017, in its first weeks in office. Schools moved to their own assessment and reporting arrangements. Nationally comparable standardised assessment of primary literacy and numeracy did not return until the next government reintroduced twice-yearly assessments and a phonics check from 2026.",False,,Labour 2017 election policy on assessment in schools,https://en.wikipedia.org/wiki/Sixth_Labour_Government_of_New_Zealand,https://en.wikipedia.org/wiki/Sixth_Labour_Government_of_New_Zealand | https://www.beehive.govt.nz/release/teaching-basics-brilliantly-new-curriculum-resources-and-assessment-tools,False
education-labour-close-charter-schools,education,Education,labour,Labour,manifesto,act,delivered,"End the charter (partnership) school model, stop any new charter schools and bring existing ones into the state system.","11 partnership schools with 1,441 students -> all converted to state schools by 2019","The charter school model was closed within the term, exactly as promised.","Legislation was passed preventing the establishment of new partnership schools. The 11 existing schools were given the option of becoming designated character or special character state schools, which they did over 2018 and 2019. At its peak the partnership school programme had 1,441 students across 11 schools. The next government reinstated the model under the Education and Training Amendment Act 2024.",False,,Labour 2017 election policy on partnership (charter) schools,https://en.wikipedia.org/wiki/Sixth_Labour_Government_of_New_Zealand,https://en.wikipedia.org/wiki/Sixth_Labour_Government_of_New_Zealand | https://www.beehive.govt.nz/release/over-200-roll-growth-first-seven-charter-schools,False
education-labour-school-lunches,education,Education,labour,Labour,manifesto,act,delivered,Introduce and scale up a free healthy school lunch programme for students in the schools with the greatest need.,"2019 pilot -> more than 200,000 students fed daily, at about $8 per student","The programme was set up and scaled to more than 200,000 students a day within the term.","A pilot began in 2019 and Ka Ora, Ka Ako was expanded from 2020. It used mostly local suppliers and school-based kitchens, at a cost of roughly $8 per student per day. By the time of the handover the programme was feeding more than 200,000 students a day. The next government kept the programme but redesigned it around a $3 per meal target from the start of the 2025 school year.",False,,"Labour's Ka Ora, Ka Ako Healthy School Lunches programme, piloted 2019 and expanded at Budget 2020",https://en.wikipedia.org/wiki/Sixth_Labour_Government_of_New_Zealand,https://ao.parliament.nz/2026/school-lunches/overview.htm | https://thespinoff.co.nz/politics/30-06-2026/school-lunch-inquiry-finds-long-list-of-failures,False
education-labour-te-pukenga-merger,education,Education,labour,Labour,manifesto,other,delivered,Merge the 16 polytechnics and institutes of technology into a single national institute of skills and technology by April 2020.,16 polytechnics merged into 1 entity from 1 April 2020 -> 10 re-established as regional institutions from 1 January 2026,The merger promised was legislated and the single entity created on schedule. Its later unwinding was the act of a different government.,"Te Pūkenga | New Zealand Institute of Skills and Technology was set up on 1 April 2020. The 16 polytechnics and the industry training organisations' training arms were brought into it in stages. The merged entity struggled financially and was never fully unified before the change of government. The incoming coalition began disestablishing it in its 100-day plan. Ten regional polytechnics were re-established as standalone institutions from 1 January 2026, with four remaining inside a transitional federation.",False,,"Labour's Reform of Vocational Education, announced 2019 and carried into the 2020 term",https://en.wikipedia.org/wiki/Sixth_Labour_Government_of_New_Zealand,https://en.wikipedia.org/wiki/Sixth_Labour_Government_of_New_Zealand | https://www.education.govt.nz/news/regional-polytechnics-be-re-established-2026,False
education-greens-tertiary-affordability,education,Education,labour,Greens,coalition-agreement,outcome,partly,Make tertiary education more affordable for students and reduce the number of students living in financial hardship.,1 year fee-free delivered from 2018; planned extension to 3 years abandoned in 2020,"A significant affordability measure was delivered and sustained, but the expansion stopped in 2020. Independent evaluation found little effect on students facing the greatest hardship.","The first year of tertiary study became fee-free from 1 January 2018. In its first year of operation it cut student debt by $194.2 million between 2017 and 2018. The promised extension to two and then three fee-free years was abandoned in 2020, so support stayed capped at one year for the rest of both terms. Later evaluation found the scheme did little to widen access. The share of funding going to students from lower deciles shrank, and participation from the wealthiest decile rose 43% between 2017 and 2022.",False,,Labour-Green Confidence and Supply Agreement 2017,https://thestandard.org.nz/labour-green-confidence-and-supply-agreement-released/,https://en.wikipedia.org/wiki/Fees_Free | https://theconversation.com/nzs-costly-fees-free-scheme-did-little-to-widen-access-to-tertiary-education-new-study-282587,False
education-national-phone-ban,education,Education,national,National,coalition-agreement,act,delivered,Ban the use of cellphones in schools.,Phone ban in force from Term 2 2024,"The ban became a legal requirement for all state schools within the promised 100 days, and took effect in Term 2 2024.","The Government announced the policy on 1 December 2023 as part of its 100-day plan, and confirmed the detail on 19 December 2023. From the start of Term 2 2024, regulations required schools to ensure students do not use phones during the school day, with limited exemptions. The requirement has stayed in force since.",False,,"Coalition 100-day plan, National-ACT Coalition Agreement and National-NZ First Coalition Agreement 2023",https://www.beehive.govt.nz/release/backing-our-kids-learn-basics,https://www.beehive.govt.nz/release/backing-our-kids-learn-basics | https://www.beehive.govt.nz/release/first-steps-100-day-plan-education-removing-distractions-and-teaching-basics-brilliantly,False
education-national-hour-a-day-basics,education,Education,national,National,coalition-agreement,act,delivered,"Require primary and intermediate schools to teach an hour of reading, an hour of writing and an hour of maths a day, starting in 2024.","1 hour each of reading, writing and maths a day from 2024; 98% of schools teaching the new English and maths learning areas by Term 1 2025","The requirement was imposed on the promised timetable, and independent review found near-universal uptake of the associated teaching changes.",The requirement was announced on 1 December 2023 as part of the 100-day plan and applied to primary schools from 2024. The rewritten English and maths curricula and a structured literacy requirement reinforced it. In its 2025 review the Education Review Office found 98% of schools had begun teaching the new English (Years 0-6) and maths (Years 0-8) learning areas from Term 1 2025. It also found 88% of teachers had changed how they teach English and 85% how they teach maths.,False,,"Coalition 100-day plan, National-ACT Coalition Agreement and National-NZ First Coalition Agreement 2023",https://www.beehive.govt.nz/release/backing-our-kids-learn-basics,https://www.beehive.govt.nz/release/backing-our-kids-learn-basics | https://www.evidence.ero.govt.nz/media/m5maujol/a-new-chapter-how-well-are-the-changes-to-english-and-maths-going-research-report.pdf,False
education-national-curriculum-rewrite,education,Education,national,National,coalition-agreement,act,delivered,"Appoint an expert group to redesign the English and maths curricula for primary school students. Refocus the curriculum on academic achievement, including a structured approach to teaching reading.",New English and maths curricula compulsory from Term 1 2026; other learning areas phased in 2027-2028,The curriculum rewrite was completed and made compulsory for English and maths within the term. The remaining subjects were released and scheduled.,"Rewritten English and maths curricula for Years 0-8 were introduced from Term 1 2025, alongside structured literacy, Ministry-funded workbooks and lesson plans, and teacher professional development. Final Years 0-10 English and maths documents were released on 20 October 2025 and became compulsory in Term 1 2026. The remaining learning areas were released from late October 2025 and phased in during 2027 and 2028. Updated science and social sciences curricula were released in August 2026. ERO found 92% of Years 0-3 teachers consistently using phonics instruction and 82% of teachers having accessed structured literacy professional development. It also reported that small and rural schools were less likely to have implementation plans, and that Māori-medium settings struggled to access suitable resources.",False,,Coalition 100-day plan and National-ACT Coalition Agreement 2023,https://www.russellmcveagh.com/media/h1whr1gg/national-act-nz-first-coalition-government-policies-public-services.pdf,https://www.beehive.govt.nz/release/teaching-basics-brilliantly-new-curriculum-resources-and-assessment-tools | https://www.evidence.ero.govt.nz/media/m5maujol/a-new-chapter-how-well-are-the-changes-to-english-and-maths-going-research-report.pdf | https://www.beehive.govt.nz/release/updated-science-and-social-sciences-curriculum-prepares-students-changing-world,False
education-national-standardised-assessment,education,Education,national,National,coalition-agreement,act,delivered,Introduce standardised assessments in schools and require regular reporting to parents.,Twice-yearly standardised assessment for Years 3-8 and a mandatory phonics check from 2026,"Mandatory standardised assessment and reporting were in place from 2026, as the agreement required. The wider qualifications replacement is scheduled beyond this term.","From 2026 a phonics check became mandatory, and twice-yearly standardised assessments in reading, writing and maths were required for Years 3-8. These use the new SMART assessment system alongside PATs and e-asTTle. Separately, the Government confirmed the replacement of NCEA. NCEA Level 1 is removed from 2028, in favour of curriculum-focused Year 11 learning and a foundational literacy and numeracy award. New subject-based Year 12 and Year 13 qualifications start in 2029 and 2030 respectively.",False,,National-ACT Coalition Agreement 2023,https://assets.nationbuilder.com/actnz/mailings/6945/attachments/original/National_ACT_Agreement.pdf,https://www.beehive.govt.nz/release/teaching-basics-brilliantly-new-curriculum-resources-and-assessment-tools | https://www.beehive.govt.nz/release/government-confirms-next-steps-new-senior-secondary-qualification,False
education-act-charter-schools,education,Education,national,ACT,coalition-agreement,act,partly,Reintroduce partnership schools and introduce a policy to allow state schools to become partnership schools. Budget 2024 funded $153 million over four years for 15 new charter schools and 35 state school conversions.,"15 new schools and 35 conversions funded -> 16 charter schools and 1,471 students by March 2026; only 6 state schools interested in conversion in the April 2025 round",The model was reinstated in law and more charter schools are now open than under the previous partnership scheme. But the funded target of 35 state school conversions was nowhere near met.,"The Education and Training Amendment Act 2024 passed on 25 August 2024 and came into force in October 2024, with applications opened from July 2024. The first charter schools opened in 2025. As at 1 March 2026 there were 16 charter schools with 1,471 students, and the first seven had grown from 215 to over 658 students. Four more schools were due to open later in 2026, and legislation was passed in June 2026 to let sponsors run multiple schools. Conversions proved much harder than expected: only six state schools expressed interest in the April 2025 conversion round, and David Seymour publicly acknowledged conversions were tougher than anticipated. Charter per-student funding in 2024 was about $8,278 (primary) and $10,741 (secondary), slightly below the state equivalents.",False,,National-ACT Coalition Agreement 2023 and coalition 100-day plan,https://assets.nationbuilder.com/actnz/mailings/6945/attachments/original/National_ACT_Agreement.pdf,https://www.beehive.govt.nz/release/over-200-roll-growth-first-seven-charter-schools | https://www.nzeiteriuroa.org.nz/assets/downloads/Charter-schools/Charter-schools-fact-sheet-October-2024.pdf | https://www.1news.co.nz/2025/04/27/just-six-state-schools-interested-in-charter-conversion-in-latest-round/ | https://www.beehive.govt.nz/release/three-new-charter-schools-will-give-students-new-options-term-1-2026,False
education-act-school-lunch-cost,education,Education,national,ACT,coalition-agreement,outcome,partly,Improve the cost-effectiveness of the school lunch programme.,"About $8 per meal -> $3 per meal target; $134m savings claimed for 2025, but only about 50% of meals met nutrition standards May-Dec 2025","Large cost savings were achieved and the programme kept feeding more than 200,000 students a day. But the Auditor-General could not verify the savings claims, and found serious nutrition, waste and delivery failures.","On 8 May 2024 Associate Minister David Seymour announced a redesigned Healthy School Lunches Programme, projected to save about $107 million a year. Budget 2024 allocated $478 million and extended coverage to up to 10,000 two to five year olds. A new alternative provision model started at the beginning of the 2025 school year, run by the School Lunch Collective (Compass, Libelle and Gilmours) at a target of $3 a meal against roughly $8 previously. Delivery problems followed: late and missed deliveries, meals arriving after lunchtime, and complaints including halal meals containing ham. Libelle went into liquidation. The Auditor-General reported in 2026 that the Ministry claimed $134 million of savings in 2025 and expected $120 million in 2026, but did not have reliable ways to measure and monitor performance. Only just over 50% of meals assessed between May and December 2025 complied with nutrition standards, waste ran at 8.82kg per 100 lunches against a target of 7kg, and surplus rates hit 17% against a 10% maximum. Funding of $212 million was committed to continue the programme.",True,"The Government's reading is that the commitment was to cost-effectiveness, and that more than $100 million a year was saved while student numbers were maintained and early learning coverage was added. The Auditor-General's reading is that the savings figures cannot be relied on because monitoring was inadequate, and that quality, nutrition compliance and delivery reliability fell well short. Both accounts accept the cost per meal fell from about $8 to $3.",National-ACT Coalition Agreement 2023,https://assets.nationbuilder.com/actnz/mailings/6945/attachments/original/National_ACT_Agreement.pdf,https://ao.parliament.nz/2026/school-lunches/overview.htm | https://www.beehive.govt.nz/release/smarter-lunch-programme-feeds-more-costs-less | https://thespinoff.co.nz/politics/30-06-2026/school-lunch-inquiry-finds-long-list-of-failures,False
education-nzfirst-fees-free-final-year,education,Education,national,NZ First,coalition-agreement,act,largely,"Stop first year Fees Free and replace it with a final year Fees Free, with no change before 2025.",First year Fees Free -> final year Fees Free from Jan 2025 -> scheme abolished from end of 2026,"The promised switch to final-year Fees Free was delivered on time in 2025. The coalition then abolished the scheme entirely in 2026, so the promised entitlement no longer exists at the end of the term.","The switch was legislated and took effect from 1 January 2025. Students starting study from 2025 became eligible for a fee subsidy of up to about $12,000 in their final year rather than their first, saving roughly $130 million a year. Then on 8 May 2026 Finance Minister Nicola Willis and Winston Peters confirmed the whole scheme would end in Budget 2026. That removes about $350 million a year of spending and saves more than $1 billion over the forecast period. Fees Free finishes at the end of 2026, and those completing a qualification in 2026 can still claim up to 31 December 2027. Students who began study in 2024 and 2025 expecting a final-year entitlement lose it.",True,"One reading is that the promise was delivered exactly as written: the switch happened in 2025 with no change before then, and the later abolition is a separate policy decision backed by evidence the scheme did not widen access. The other reading is that the commitment was to a final-year Fees Free entitlement. Students who arranged their study around it had it withdrawn before they could use it, so the promise was not kept in substance.",National-NZ First Coalition Agreement 2023 (also in the National-ACT agreement and the 100-day plan),https://assets.nationbuilder.com/nzfirst/pages/4462/attachments/original/1700784896/National___NZF_Coalition_Agreement_signed_-_24_Nov_2023.pdf,https://www.ird.govt.nz/updates/news-folder/2026/fees-free-will-finish-at-the-end-of-2026 | https://thespinoff.co.nz/the-bulletin/11-05-2026/the-troubled-life-and-death-of-the-fees-free-tertiary-scheme | https://newsroom.co.nz/2026/05/28/scrapping-fees-free-saves-govt-over-1b-in-budget/ | https://www.1news.co.nz/2026/05/11/fees-free-scheme-failed-to-get-more-students-into-tertiary-education-govt/,False
education-national-disestablish-te-pukenga,education,Education,national,National,coalition-agreement,other,largely,Begin disestablishing Te Pūkenga and return polytechnics to regional governance.,"16 merged polytechnics -> 10 re-established regionally from 1 Jan 2026, 4 still in a transitional federation","The merger has been unwound and ten polytechnics are independent again. But four institutions remained under the transitional entity at the start of 2026, so the change was not complete.","Disestablishment began in the 100-day plan. Restructuring during 2025 involved more than 150 job cuts and a campus closure. The Education and Training (Vocational Education and Training System) Amendment Bill was passed in October 2025, and ten regional polytechnics were re-established as standalone institutions from 1 January 2026. Four (NorthTec, WITT, Whitireia/WelTec and Tai Poutini Polytechnic) remained inside Te Pūkenga while working towards viability, with Te Pūkenga continuing as a transitional entity for up to a year.",False,,Coalition 100-day plan and National-ACT Coalition Agreement 2023,https://www.russellmcveagh.com/media/h1whr1gg/national-act-nz-first-coalition-government-policies-public-services.pdf,https://www.education.govt.nz/news/regional-polytechnics-be-re-established-2026 | https://www.beehive.govt.nz/release/delivering-our-promise-disestablish-te-p%C5%ABkenga | https://thespinoff.co.nz/politics/17-03-2025/more-than-150-jobs-cut-and-one-campus-closed-as-te-pukenga-disestablishment-looms,False
education-national-attendance-target,education,Education,national,National,coalition-agreement,other,in-progress,80% of students to be present for more than 90% of the term. Enforce compulsory education by collecting and publishing attendance data centrally.,80% attending regularly promised -> 59.0% (Term 1 2023) to 68.8% (Term 1 2026),"Term unfinished. The reporting and enforcement machinery was delivered and attendance has risen almost 10 points from the baseline, but the 80% target has not been reached.","Daily school attendance data began to be collected and published from Term 1 2025. Attendance Management Plans became mandatory for schools from Term 1 2026, and a reformed Attendance Service model launched the same term, supporting close to double the number of students. Regular attendance rose from a Term 1 2023 baseline of 59.0% to 65.9% in Term 1 2025 and 68.8% in Term 1 2026, still 11.2 percentage points below the target. The Government reported Term 2 2026 in-person attendance as the highest since 2016.",False,,"Government Targets (Target 6), set March 2024; truancy commitments in the National-ACT and National-NZ First coalition agreements",https://www.dpmc.govt.nz/our-programmes/government-targets,https://www.dpmc.govt.nz/sites/default/files/2026-06/gt-factsheet-target-6-mar26.pdf | https://www.education.govt.nz/our-work/strategies-policies-and-programmes/attendance-and-achievement/attendance-action-plan | https://www.beehive.govt.nz/release/attendance-rates-increase-again-0,True
education-national-year8-achievement-target,education,Education,national,National,coalition-agreement,other,in-progress,"80% of Year 8 students to be at or above the expected curriculum level for their age in reading, writing and maths by December 2030.",80% of Year 8 students at or above curriculum level by December 2030,"Term unfinished and the target date is 2030. The delivery machinery has been built, but the outcome cannot yet be judged.","The target was formally adopted as one of the nine government targets. The supporting programme is in place: the rewritten English and maths curricula compulsory from Term 1 2026, structured literacy, an hour a day of each of reading, writing and maths in primary schools, a mandatory phonics check, and twice-yearly standardised assessment for Years 3-8 from 2026. Because nationally consistent standardised assessment only began in 2026, comparable Year 8 achievement data across the term is limited. The target date is 2030, beyond this parliamentary term.",False,,"Coalition 100-day plan and Government Targets (Target 7), set March 2024",https://www.dpmc.govt.nz/our-programmes/government-targets,https://www.dpmc.govt.nz/our-programmes/government-targets | https://www.beehive.govt.nz/release/teaching-basics-brilliantly-new-curriculum-resources-and-assessment-tools | https://www.evidence.ero.govt.nz/media/m5maujol/a-new-chapter-how-well-are-the-changes-to-english-and-maths-going-research-report.pdf,False
education-nzfirst-histories-curriculum,education,Education,national,NZ First,coalition-agreement,act,in-progress,"Restore balance to the Aotearoa New Zealand's Histories curriculum. Refocus the curriculum on academic achievement rather than ideology, including removing and replacing the gender, sexuality and relationship-based education guidelines.","Rewritten social sciences curriculum released Aug 2026, in force from 2027-2028",Term unfinished. The rewritten social sciences and science curricula were released in August 2026 but do not take effect until 2027 and 2028.,"The histories content sits within the social sciences learning area, which was rewritten as part of the wider Years 0-10 curriculum programme. Updated science and social sciences curricula were released on 12 August 2026. The new learning areas are to be phased in during 2027 and 2028 rather than taking effect during this term. The relationships and sexuality education content sits within the health and physical education learning area. That area is part of the same phased rewrite and had not come into force by August 2026.",False,,National-NZ First Coalition Agreement 2023 (also in the National-ACT agreement),https://assets.nationbuilder.com/nzfirst/pages/4462/attachments/original/1700784896/National___NZF_Coalition_Agreement_signed_-_24_Nov_2023.pdf,https://www.beehive.govt.nz/release/updated-science-and-social-sciences-curriculum-prepares-students-changing-world | https://www.beehive.govt.nz/release/teaching-basics-brilliantly-new-curriculum-resources-and-assessment-tools,False
gapfill-national-act-tertiary-free-speech-policy,education,Education,national,ACT,coalition-agreement,outcome,largely,Amend the Education and Training Act 2020 so that tertiary education providers receiving taxpayer funding must commit to a free speech policy.,"Free speech policy required of taxpayer-funded tertiary providers -> legislated Nov 2025, university statements adopted by April 2026","The Act was passed and policies are in place. But the duty applies to universities rather than to all tertiary providers receiving taxpayer funding, as the agreement was worded.","The Education and Training Amendment Act 2025 passed in November 2025. It requires university councils to protect and promote academic freedom and freedom of expression, to adopt a statement on freedom of expression within six months of commencement, and to maintain a complaints procedure. From their 2026 annual reports, universities must report on how the council has complied and on the number and nature of complaints received. Universities adopted their freedom of expression statements by April 2026. As enacted, the duties apply to universities rather than to every taxpayer-funded tertiary provider. ACT leader David Seymour drove the work, and in November 2025 directed officials to consult free speech advocacy groups on the drafting.",False,,"National. ACT Coalition Agreement, 24 November 2023",https://assets.nationbuilder.com/actnz/mailings/6945/attachments/original/National_ACT_Agreement.pdf,https://www.education.govt.nz/our-work/legislation/recent-acts-passed/academic-freedom-and-freedom-expression-provisions-universities | https://newsroom.co.nz/2026/04/10/free-at-last-universities-adopt-govt-mandated-freedom-of-expression-statements/ | https://www.beehive.govt.nz/release/strengthening-free-speech-universities,False
energy-labour-100pc-renewable-2030,energy,Energy,labour,Labour,manifesto,outcome,partly,"Achieve 100 per cent renewable electricity generation by 2030 in a normal hydrological year, bringing forward the previous 2035 goal by five years.","100 per cent renewable electricity by 2030 -> 88.1 per cent in 2023, 85.5 per cent in 2024","The renewable share rose materially during the two terms. But no settled pathway to 100 per cent existed at the handover, and the enabling storage project was never decided.","The renewable share of generation was about 84 per cent when the target was announced in September 2020. It reached 88.1 per cent in 2023, the year of the handover. It then fell to 85.5 per cent in 2024, as low hydro inflows and falling gas supply pushed coal generation up 118 per cent year on year to 5.1 per cent of total generation. The main enabling project, the NZ Battery pumped hydro scheme at Lake Onslow, was stopped in late 2023 before any build decision. The incoming Government did not adopt the 2030 target.",True,"One reading: the target date of 2030 fell outside the term, and the renewable share did rise, so the promise could not fairly be marked failed at the handover. Another: no funded pathway to the last 10-15 percentage points was ever settled, the dry-year solution was abandoned, and the 2024 fall back to 85.5 per cent shows the system was still dependent on gas and coal.","Labour 2020 campaign energy policy, announced 17 September 2020",https://www.axios.com/new-zealand-renewable-energy-2030-36493cd8-ff1a-4577-9b51-f2ca43d945a8.html,https://www.mbie.govt.nz/building-and-energy/energy-and-natural-resources/energy-statistics-and-modelling/energy-publications-and-technical-papers/energy-in-new-zealand/energy-in-new-zealand-2025/electricity | https://www.mbie.govt.nz/building-and-energy/energy-and-natural-resources/energy-statistics-and-modelling/energy-publications-and-technical-papers/energy-in-new-zealand/energy-in-new-zealand-2025/renewables | https://www.mbie.govt.nz/about/news/favourable-hydro-conditions-see-record-high-share-of-electricity-generation-from-renewables,False
energy-labour-nz-battery-onslow,energy,Energy,labour,Labour,manifesto,act,partly,"Spend $70 million investigating a pumped hydro scheme at Lake Onslow (the NZ Battery project) to solve the dry-year problem, and decide whether to build it.","$70m investigation plus a build decision -> studies delivered, no build decision, investigations stopped late 2023",The investigation the promise funded did take place. But the decision it was supposed to lead to was never made before the term ended.,"The NZ Battery project ran from 2020. It produced feasibility, hydrology, landscape and cultural studies on Lake Onslow, and later broadened to alternative sites and non-hydro options, including grid batteries, green peaker generation and carbon capture. No build decision was ever made. MBIE records that the Government stopped the Lake Onslow investigations in late 2023, and the incoming Government confirmed in December 2023 that it was dumping the project. MBIE continued dry-year security work inside its wider electricity system programme.",False,,Labour 2020 campaign energy policy. NZ Battery / Lake Onslow investigation,https://www.axios.com/new-zealand-renewable-energy-2030-36493cd8-ff1a-4577-9b51-f2ca43d945a8.html,https://www.mbie.govt.nz/building-and-energy/energy-and-natural-resources/low-emissions-economy/nz-battery | https://www.rnz.co.nz/news/national/503816/govt-confirms-it-is-dumping-hugely-wasteful-lake-onslow-battery-project,False
energy-labour-winter-energy-payment,energy,Energy,labour,Labour,manifesto,act,delivered,"Introduce a Winter Energy Payment of up to $700 a year for couples and people with dependants, and $450 for single people. Pay it automatically to superannuitants and main benefit recipients over the colder months, starting 1 July 2018.",$450 single / $700 couples from 1 July 2018 -> delivered on time to over 1 million people,Introduced on the promised date at the promised rates to the promised group.,"The Families Package legislation passed in December 2017 and the Winter Energy Payment began on 1 July 2018, at the promised rates of $450 for single people and $700 for couples and people with dependants. It reached over a million people in its first year. It ran from 1 July to 30 September in 2018, and from 1 May to 1 October in later years. It was temporarily doubled in 2020 during COVID-19, and remained in place at the October 2023 handover.",False,,Labour 2017 Families Package. Winter Energy Payment,https://www.interest.co.nz/news/88733/families-young-children-and-pensioners-main-beneficiaries-labours-families-package,https://www.beehive.govt.nz/release/winter-energy-payments-keep-million-kiwis-warm-and-healthy | https://img.scoop.co.nz/media/pdfs/1707/Winter_Energy_Payment_factsheet.pdf | https://www.motu.nz/our-research/population-and-labour/individual-and-group-outcomes/impact-winter-energy-payment,False
energy-labour-greens-renewable-2035-plan,energy,Energy,labour,Greens,coalition-agreement,outcome,partly,"Request the Climate Commission to plan the transition to 100 per cent renewable electricity by 2035, including geothermal, in a normal hydrological year.",Plan for 100 per cent renewable electricity by 2035 -> no binding pathway adopted; 88.1 per cent renewable in 2023,The Commission was created and did advise on electricity. But no 100 per cent transition plan with a defined pathway was adopted.,"The Climate Change Commission was established under the Climate Change Response (Zero Carbon) Amendment Act 2019, and electricity decarbonisation formed part of its advice on emissions budgets. In September 2020 Labour replaced the 2035 goal with a 100 per cent by 2030 aspiration, and no binding 2035 transition pathway was legislated. Renewable generation was 88.1 per cent in 2023, fell to 85.5 per cent in 2024, and hit a record quarterly high of 96.4 per cent in the December 2025 quarter.",True,"On one reading the procedural commitment, to ask the Commission to plan the transition, was met: the Commission was established and advised on electricity decarbonisation. On another, the specific 2035 target was quietly replaced by a different aspiration and then dropped entirely, so the transition plan the Greens negotiated for never happened.",Labour-Greens confidence & supply agreement 2017,https://thestandard.org.nz/labour-green-confidence-and-supply-agreement-released/,https://www.axios.com/new-zealand-renewable-energy-2030-36493cd8-ff1a-4577-9b51-f2ca43d945a8.html | https://www.mbie.govt.nz/building-and-energy/energy-and-natural-resources/energy-statistics-and-modelling/energy-publications-and-technical-papers/energy-in-new-zealand/energy-in-new-zealand-2025/electricity,False
energy-national-cancel-nz-battery,energy,Energy,national,National,manifesto,act,delivered,Scrap the Lake Onslow pumped hydro (NZ Battery) project.,Scrap Lake Onslow -> investigations stopped December 2023,"The project was stopped within weeks of taking office, as promised.","The Government confirmed in December 2023 that it was stopping the NZ Battery project and the Lake Onslow investigations. It described the scheme as a $16 billion project and the spending on it as wasteful. MBIE folded remaining dry-year security work into its wider electricity system programme. Energy academics criticised the decision as short-sighted, and by 2026 there was renewed public discussion of reviving an Onslow-type scheme, but no project was restarted.",False,,National 2023 campaign commitment to scrap the Lake Onslow / NZ Battery project,https://www.rnz.co.nz/news/national/503816/govt-confirms-it-is-dumping-hugely-wasteful-lake-onslow-battery-project,https://www.mbie.govt.nz/building-and-energy/energy-and-natural-resources/low-emissions-economy/nz-battery | https://www.rnz.co.nz/news/national/503885/scrapping-nz-battery-project-short-sighted-otago-energy-expert | https://www.odt.co.nz/rural-life/rural-life-other/revival-lake-onslow-scheme-considered,False
energy-national-oil-gas-ban-reversal,energy,Energy,national,National,coalition-agreement,act,largely,"Reverse the 2018 ban on new offshore oil and gas exploration outside onshore Taranaki, with legislation passed by the end of 2024.",Legislation by end of 2024 -> Act passed 31 July 2025; 1 offshore exploration permit granted by Aug 2026,"The ban was reversed as promised but roughly seven months late, and only one exploration permit had resulted a year on.","The Crown Minerals Amendment Bill was introduced on 25 September 2024, but did not pass its third reading until 31 July 2025. It received royal assent on 5 August 2025, about seven months later than the commitment. The Act removed the exploration ban beyond onshore Taranaki, and shifted the Crown Minerals Act's purpose from managing prospecting and extraction to promoting it. The first offshore exploration permit since the reversal was granted to EnZed Energy on 29 July 2026, covering 546 square kilometres off Taranaki. There was a sole applicant, and the initial work programme was limited to reinterpreting existing seismic data. Gas reserves fell 23 per cent to 731 petajoules by January 2026, the lowest in two decades.",False,,Coalition agreement commitment to reverse the offshore oil and gas exploration ban; legislation promised by the end of 2024,https://www.beehive.govt.nz/release/government-reverse-oil-and-gas-exploration-ban,https://www.beehive.govt.nz/release/milestone-return-petroleum-exploration | https://newswire.co.nz/2026/07/first-offshore-oil-gas-permit-since-ban-reversal-taranaki/ | https://en.wikipedia.org/wiki/Crown_Minerals_Amendment_Act_2025 | https://thediplomat.com/2025/06/new-zealand-reverses-offshore-oil-and-gas-exploration-ban-amid-energy-security-concerns/,False
energy-national-electricity-market-review,energy,Energy,national,National,coalition-agreement,outcome,largely,Review the performance of the electricity market and improve its regulation so competition works and power is affordable and reliable.,"Electricity market review -> report Oct 2025, structural separation rejected, hedge access rules from 1 July 2026, penalties from $2m to $10m in 2027",The review was completed and binding conduct rules took effect. But the enforcement regime that gives them teeth does not arrive until 2027.,"The Frontier Economics review and the Government's response were released on 1 October 2025. The Government did not adopt structural separation of the four gentailers. The review considered but did not recommend it, and officials judged behavioural rules faster to implement and less disruptive to investment. On 26 May 2026 the Energy Minister announced level playing field rules. From 1 July 2026 Contact, Genesis, Mercury and Meridian must offer independent retailers the same hedge contract terms as their own retail arms, unless a difference is objectively justifiable. Those four companies hold about 85 per cent of generation and about 85 per cent of household customers. They must also file annual compliance plans and show every six months that retail prices reflect costs. Maximum penalties are to rise from $2 million to the greater of $10 million, three times commercial gain, or 10 per cent of turnover, once legislation passes in 2027. Household power bills had risen roughly a third over four years.",True,"The Government and the Electricity Authority argue that behavioural level playing field rules address the vertical integration problem faster and with less investment risk than a break-up. Independent retailers, some business groups and opposition parties argue only structural separation of generation from retail would fix it, and note the higher penalties do not take effect until 2027.","Government energy security package announced 26 August 2024, improve electricity market regulation and review market performance",https://www.beehive.govt.nz/release/urgent-action-taken-bolster-energy-security,https://www.beehive.govt.nz/release/delivering-fairer-electricity-market-kiwi-consumers | https://www.ea.govt.nz/news/press-release/electricity-authority-welcomes-outcome-of-electricity-market-review/ | https://www.comcom.govt.nz/news-and-media/news-and-events/2025/electricity-authority-moves-to-level-the-power-playing-field/,False
energy-national-lng-import,energy,Energy,national,National,coalition-agreement,act,largely,Remove the regulatory barriers to building a liquefied natural gas import facility so New Zealand can import gas when domestic supply is short.,"LNG import facility -> at contracting stage Aug 2026, target operation 2027 to early 2028","Regulatory barriers were addressed and a facility is at contracting stage, but nothing is built and the term is not finished.","On 9 February 2026 the Government announced it would contract to build an LNG import facility in Taranaki, having shortlisted leading proposals. Contract signing was targeted for mid-2026, with the facility potentially operating in 2027 or early 2028. The design brings in large shipments only when needed, to limit exposure to international gas price volatility. The Government estimated it would save households about $50 a year by damping price spikes, and be worth about $1.2 billion a year to the economy by 2035 if domestic gas keeps declining. No facility was operating as at August 2026.",False,,"Government energy security package announced 26 August 2024, remove regulatory barriers to LNG imports",https://www.beehive.govt.nz/release/urgent-action-taken-bolster-energy-security,https://www.beehive.govt.nz/release/delivering-lng-support-energy-security,False
energy-national-gas-co-investment,energy,Energy,national,National,coalition-agreement,outcome,partly,"Establish a $200 million co-investment fund and take Crown cornerstone stakes in new gas field developments, to reduce sovereign risk and lift domestic gas supply.",$200m gas co-investment fund -> fund created May 2025 and widened Nov 2025; gas reserves still fell 23 per cent to 731 PJ by Jan 2026,"The fund exists and was broadened, but no completed investment or reversal of the gas production decline is yet evident.","Budget 2025 created the $200 million commercial co-investment fund for new gas field development. On 6 November 2025 its scope was widened to cover more drilling in existing fields and production facility upgrades, exploration and appraisal drilling, greenfield exploration beyond Taranaki, and gas storage. Ministers cited a worsening supply outlook. Kanoa was to call for expressions of interest that month, and no investment had been concluded at that point. Gas reserves fell 23 per cent to 731 petajoules by January 2026, and 2026 production was forecast to fall 15 per cent year on year to about 85 petajoules.",False,,Budget 2025 gas co-investment fund and Crown cornerstone stake policy,https://www.nzherald.co.nz/bay-of-plenty-times/news/budget-2025-energy-sector-welcomes-200m-government-gas-exploration-fund/MMB5AO5JFFGDJG44QNEYGYFF6M/,https://www.beehive.govt.nz/release/widened-scope-co-investment-new-gas | https://newswire.co.nz/2026/07/first-offshore-oil-gas-permit-since-ban-reversal-taranaki/,False
energy-national-fast-track-renewables,energy,Energy,national,National,coalition-agreement,act,delivered,Make it faster and cheaper to consent renewable electricity generation and network infrastructure. Do this through a one-stop-shop fast-track approvals regime and new national direction under the Resource Management Act.,"Faster consenting for renewables -> 6 renewable projects approved under fast-track by July 2026, including a 380MW wind farm","The regime was legislated, the national direction was made, and six renewable projects had been consented through it by mid-2026.","The Fast-track Approvals Act 2024 created a referral and expert-panel pathway. On 2 April 2026 the 380MW, 55-turbine Southland Wind Farm was approved after a five-month panel process. It would be New Zealand's largest and had previously been declined resource consent. By 3 July 2026 six renewable energy projects had been approved through fast-track, including the 190MW Mahinerangi wind farm expansion, alongside hydro schemes at Kaimai, Pukaki, Tekapo and Waitaha. On 15 January 2026 the Government introduced a new National Policy Statement for Infrastructure, and amended the national policy statements for Renewable Electricity Generation and Electricity Networks.",False,,Coalition Government fast-track consenting programme and RMA national direction for infrastructure and renewable electricity,https://www.beehive.govt.nz/release/electrifying-growth-infrastructure-and-energy-rma-national-direction-changes,https://www.beehive.govt.nz/release/fast-track-approved-project-could-deliver-new-zealand%E2%80%99s-largest-wind-farm | https://www.beehive.govt.nz/release/sixth-renewable-energy-project-fast-tracked | https://www.fasttrack.govt.nz/projects/southland-wind-farm,False
energy-national-dry-year-security,energy,Energy,national,National,coalition-agreement,outcome,partly,Take urgent action to secure electricity supply and manage dry-year risk after the 2024 gas shortage and wholesale price spike. This includes easing restrictions on lines companies owning generation and securing gentailer access to hydro contingent storage.,Secure supply after the 2024 crisis -> wholesale prices peaked above $800/MWh in Aug 2024; Crown put up to $200m into Genesis in Feb 2026,"Specific measures were implemented and the immediate crisis eased. But structural dry-year and gas-decline risk remains unresolved, with the LNG facility and new gas investment still pending.","Wholesale prices rose from roughly $300/MWh to over $800/MWh between July and early August 2024. Hydro storage was at a six-year low. Gas production was down 12.5 per cent in 2023 and a further 27.8 per cent in the first quarter of 2024, and wind output was often below 300MW against more than 1,000MW of capacity. Coal generation rose 118 per cent in 2024 to 5.1 per cent of the total, and several North Island mills closed or curtailed production. The Government eased lines company generation restrictions and addressed hydro contingent storage access. In February 2026 it bought up to $200 million of new Genesis Energy shares to fund flexible generation, while keeping the Crown's 51 per cent stake. Renewable generation reached a record 96.4 per cent in the December 2025 quarter under favourable hydrology.",False,,Government energy security package announced 26 August 2024,https://www.beehive.govt.nz/release/urgent-action-taken-bolster-energy-security,https://www.ea.govt.nz/news/eye-on-electricity/what-was-behind-high-wholesale-electricity-prices/ | https://www.beehive.govt.nz/release/government-invests-support-energy-security | https://www.mbie.govt.nz/building-and-energy/energy-and-natural-resources/energy-statistics-and-modelling/energy-publications-and-technical-papers/energy-in-new-zealand/energy-in-new-zealand-2025/electricity,False
energy-national-nzfirst-marsden-point,energy,Energy,national,NZ First,coalition-agreement,procedural,delivered,Investigate the feasibility of reopening the Marsden Point oil refinery as part of a fuel security study.,Investigate reopening Marsden Point -> study completed 2024-25; refinery not reopened,"The commitment as written was to investigate, and the investigation was commissioned and completed.","The study was commissioned in 2024. MBIE engaged Envisory and Castalia in 2024-25 to examine the costs and benefits of re-establishing the refinery, with peer review by Beca. That work fed into the 2025 Fuel Security Study and Fuel Security Plan. The refinery closed in 2022 and operates as an import terminal. It was not reopened and no decision to reopen it was taken. NZ First had campaigned on restoring refining capacity.",True,"Read as written, the coalition commitment was only to investigate, and that happened, so it is delivered. Read against NZ First's public campaign that Marsden Point should refine fuel again, nothing changed: the site remains an import terminal and no reopening decision was made.","National-NZ First coalition agreement 2023, investigate reopening the Marsden Point oil refinery",https://www.beehive.govt.nz/release/marsden-point-oil-refinery-reopening-be-investigated-fuel-security-study,https://www.mbie.govt.nz/building-and-energy/energy-and-natural-resources/energy-generation-and-markets/liquid-fuel-market/fuel-security-in-new-zealand | https://newsroom.co.nz/2024/02/08/nz-firsts-doomed-deal-to-reopen-marsden-point-refinery/,False
energy-national-nzfirst-fuel-security-plan,energy,Energy,national,NZ First,coalition-agreement,act,largely,"Establish a fuel security plan to safeguard New Zealand's transport, logistics and emergency services from any international or domestic disruption to fuel supply.","Fuel security plan -> released November 2025, about two years after the coalition agreement","The plan was published and then put to use, though about two years after the commitment was signed.","MBIE ran a 2025 Fuel Security Study and consulted on a draft plan in July and August 2025. The Fuel Security Plan was released in November 2025 as the Government's medium- to long-term resilience strategy. It was tested in 2026. In March the Government set up a ministerial group to oversee fuel security, joined an international oil response and widened fuel supply options. In April it announced an additional 90 million litres of diesel.",False,,"National-NZ First coalition agreement 2023, fuel security plan",https://www.beehive.govt.nz/release/marsden-point-oil-refinery-reopening-be-investigated-fuel-security-study,https://www.mbie.govt.nz/building-and-energy/energy-and-natural-resources/energy-generation-and-markets/liquid-fuel-market/fuel-security-in-new-zealand | https://www.beehive.govt.nz/portfolio/nationalactnew-zealand-first-coalition-government-2023-2026/energy,False
gapfill-greens-warmer-kiwi-homes,energy,Energy,labour,Greens,coalition-agreement,act,largely,"End energy poverty and ensure everyone has a warm, dry home, including through a large-scale programme of home insulation and heating retrofits for low-income owner-occupiers.","26,500 retrofits a year -> 122,589 retrofits delivered 2018 to August 2023 (81,920 insulation, 40,669 heating)",The retrofit programme ran at or above its annual target for the whole term and was expanded. The broader goal of ending energy poverty was not achieved.,"The Warmer Kiwi Homes programme began in 2018. It offered grants covering the bulk of the cost of ceiling and underfloor insulation and an efficient heater, for low-income homeowners in deprived areas. By August 2023 it had delivered 122,589 retrofits since 2018: 81,920 insulation claims and 40,669 heating claims, against a target of 26,500 retrofits a year. Budget 2023 extended the programme with $402.6 million over four years to June 2027, added hot water heat pumps and about 5 million LED bulbs, and widened eligibility to deprivation index level 7 areas. Cost cover was 90 per cent for the most deprived areas and Community Services Card holders. Energy hardship itself was not eliminated, and a separate Energy Hardship Expert Panel was still working at the end of the term.",False,,"Labour-Green Confidence and Supply Agreement 2017, policy goal 13, end energy poverty and ensure everyone has warm, dry homes",https://thestandard.org.nz/labour-green-confidence-and-supply-agreement-released/,https://www.beehive.govt.nz/release/over-50000-more-kiwis-be-eligible-insulation-grants | https://www.eeca.govt.nz/co-funding-and-support/products/warmer-kiwi-homes-programme/,False
environment-labour-freshwater-standards,environment,Environment & Conservation,labour,Labour,coalition-agreement,act,largely,"Introduce higher water quality standards for New Zealand's rivers, lakes and aquifers.",Higher water quality standards -> NPS-FM 2020 and NES-Freshwater in force 3 Sept 2020,"A new national freshwater framework covering the whole system was gazetted within the term. But several proposals were weakened, and on-the-ground implementation by councils was still years away.","The Action for Healthy Waterways / Essential Freshwater package was launched on 5 September 2019. Four instruments were gazetted and came into force on 3 September 2020: the National Policy Statement for Freshwater Management 2020, National Environmental Standards for Freshwater, stock exclusion regulations, and amended water measurement and reporting regulations. The NPS-FM 2020 introduced Te Mana o te Wai and a hierarchy of obligations, putting the health of water bodies first, human health second and economic use third. Some proposals were scaled back in the final package: stream reclamation assessments were made less stringent, controls on higher-risk farming were narrowed mainly to feedlots and dairy intensification, and specified vegetable growing areas in Pukekohe and Horowhenua received exemptions. Regional councils were required to notify freshwater plans by 31 December 2024, a deadline none met before the change of government.",False,,"Labour-NZ First Coalition Agreement 2017, item 47, higher water quality standards",https://www.mcguinnessinstitute.org/wp-content/uploads/2025/03/WP202007-202009-AnalysisOfThe2017Labour-FINAL.pdf,https://www.russellmcveagh.com/insights-news/fresh-updates-in-the-freshwater-space/ | https://environment.govt.nz/assets/publications/npsfm-2020-amended-december-2025.pdf,False
environment-labour-doc-funding,environment,Environment & Conservation,labour,Labour,coalition-agreement,outcome,delivered,Significantly increase the Department of Conservation's funding.,"Significantly increase DOC funding -> approx $181.6m (2018), $10.7m (2019) and $501.8m (2020) in new funding","Conservation funding rose substantially in every Budget of the term, which is what the commitment asked for.","DOC received funding increases in successive Budgets: about $181.62 million in Budget 2018, a further $10.7 million in Budget 2019, and $501.8 million in Budget 2020. The last of these came largely through Jobs for Nature nature-based employment funding in the COVID-19 response. Much of the 2020 uplift was time-limited rather than baseline funding, and Jobs for Nature contracts began winding down from 2023. Under the following government, DOC's baseline was reduced by about $8 million a year of ongoing savings in Budget 2025, including closure of the Nature Heritage Fund and the Crown Land Acquisition Fund.",False,,"Labour-NZ First Coalition Agreement 2017, item 42, significantly increase Department of Conservation funding",https://www.mcguinnessinstitute.org/wp-content/uploads/2025/03/WP202007-202009-AnalysisOfThe2017Labour-FINAL.pdf,https://www.mcguinnessinstitute.org/wp-content/uploads/2025/03/WP202007-202009-AnalysisOfThe2017Labour-FINAL.pdf | https://www.doc.govt.nz/news/budget/budget-2025-overview/,False
environment-labour-kauri-dieback-myrtle-rust,environment,Environment & Conservation,labour,Labour,coalition-agreement,act,delivered,Fund work to counter the spread of myrtle rust and to address kauri dieback disease.,Kauri dieback and myrtle rust response -> $13.75m over three years announced 20 Nov 2018,Dedicated funding and a national management programme for both diseases were established within the term.,"On 20 November 2018 the Government announced $13.75 million over three years for research into myrtle rust and kauri dieback. A National Pest Management Plan for kauri dieback was then developed, and Tiakina Kauri was set up within Biosecurity New Zealand as a dedicated kauri protection agency. Protecting kauri was carried into the 2020 Labour-Greens cooperation agreement as a shared biodiversity commitment.",False,,"Labour-NZ First Coalition Agreement 2017, items 44b and 44c, counter myrtle rust and address kauri dieback",https://www.mcguinnessinstitute.org/wp-content/uploads/2025/03/WP202007-202009-AnalysisOfThe2017Labour-FINAL.pdf,https://www.mcguinnessinstitute.org/wp-content/uploads/2025/03/WP202007-202009-AnalysisOfThe2017Labour-FINAL.pdf | https://www.interest.co.nz/news/107748/proposed-cooperation-agreement-between-labour-and-greens-released-greens-delegates,False
environment-nzf-bottled-water-royalty,environment,Environment & Conservation,labour,NZ First,coalition-agreement,act,not-delivered,Introduce a royalty on exports of bottled water.,Royalty on bottled water exports -> none introduced,"No royalty was introduced at any point in the term, despite the explicit coalition commitment.","A technical advisory group was set up and officials worked on options, but Cabinet had made no decision by March 2019 and no royalty was introduced. The commitment did not survive into the 2020-2023 term, when NZ First was out of Parliament, and no water export royalty has been legislated. The related commitment not to introduce water resource rentals during the 2017-2020 term was kept.",False,,"Labour-NZ First Coalition Agreement 2017, item 46, royalty on exports of bottled water",https://www.mcguinnessinstitute.org/wp-content/uploads/2025/03/WP202007-202009-AnalysisOfThe2017Labour-FINAL.pdf,https://www.mcguinnessinstitute.org/wp-content/uploads/2025/03/WP202007-202009-AnalysisOfThe2017Labour-FINAL.pdf,False
environment-nzf-no-water-resource-rentals,environment,Environment & Conservation,labour,NZ First,coalition-agreement,act,delivered,Introduce no water resource rentals during the 2017-2020 parliamentary term.,"No water resource rentals this term -> none introduced, confirmed 17 April 2019","No water resource rentals were introduced during the term, as committed.",On 17 April 2019 the Government confirmed it would not introduce water resource rentals during the term. Water allocation and charging were left to be dealt with separately. The Essential Freshwater package that followed in 2020 regulated water quality and use without imposing rentals or charges on takes.,False,,"Labour-NZ First Coalition Agreement 2017, item 45, no water resource rentals this term",https://www.mcguinnessinstitute.org/wp-content/uploads/2025/03/WP202007-202009-AnalysisOfThe2017Labour-FINAL.pdf,https://www.mcguinnessinstitute.org/wp-content/uploads/2025/03/WP202007-202009-AnalysisOfThe2017Labour-FINAL.pdf,False
environment-nzf-1080-alternatives,environment,Environment & Conservation,labour,NZ First,coalition-agreement,outcome,delivered,Increase support for pilot programmes trialling alternatives to 1080 for predator control.,"Pilot alternatives to 1080 -> $19.5m from the Provincial Growth Fund, Feb 2019","Dedicated funding for alternative predator-control tools was allocated within the term as promised, though 1080 use continued.","On 19 February 2019 the Government allocated $19.5 million from the Provincial Growth Fund to Predator Free 2050 Limited, for innovative predator control tools and landscape-scale eradication projects. Trap networks, self-resetting traps, lures and detection technology were funded alongside continued 1080 use, which was not reduced. The National-led government later disestablished Predator Free 2050 Limited in May 2025, absorbing its functions into DOC and booking about $3.6 million a year of savings.",False,,"Labour-NZ First Coalition Agreement 2017, item 44a, pilot alternatives to 1080",https://www.mcguinnessinstitute.org/wp-content/uploads/2025/03/WP202007-202009-AnalysisOfThe2017Labour-FINAL.pdf,https://www.mcguinnessinstitute.org/wp-content/uploads/2025/03/WP202007-202009-AnalysisOfThe2017Labour-FINAL.pdf | https://www.doc.govt.nz/news/budget/budget-2025-overview/,False
environment-nzf-tyre-stewardship,environment,Environment & Conservation,labour,NZ First,coalition-agreement,act,delivered,Establish a tyre stewardship fund to deal with end-of-life tyres.,Tyre stewardship scheme -> tyres declared a priority product 29 July 2020,The regulatory step promised (a mandatory tyre stewardship scheme) was taken within the term.,"On 29 July 2020 the Government declared tyres a priority product under the Waste Minimisation Act 2008, which requires a regulated product stewardship scheme. Tyres were one of six priority products declared at the same time. The accredited scheme, Tyrewise, began operating with fees on imported tyres from 2024, several years after the declaration.",False,,"Labour-NZ First Coalition Agreement 2017, item 43, establish a tyre stewardship fund",https://www.mcguinnessinstitute.org/wp-content/uploads/2025/03/WP202007-202009-AnalysisOfThe2017Labour-FINAL.pdf,https://www.mcguinnessinstitute.org/wp-content/uploads/2025/03/WP202007-202009-AnalysisOfThe2017Labour-FINAL.pdf,False
environment-nzf-kermadec-sanctuary,environment,Environment & Conservation,labour,NZ First,coalition-agreement,outcome,not-delivered,"Resolve the outstanding issues preventing passage of the Kermadec Ocean Sanctuary Bill. The bill would create a 620,000 square kilometre fully protected sanctuary covering about 15 percent of New Zealand's exclusive economic zone.","620,000 sq km ocean sanctuary -> not enacted; bill abandoned 28 March 2024",The outstanding issues were never resolved and the bill did not pass during the term.,"The previous National government introduced the bill after John Key's 2015 announcement. It had passed its second reading and then stalled over fishing quota rights and Treaty settlement obligations. It made no progress through the 2017-2020 term. Iwi leaders rejected a revised Labour proposal in June 2023, and a last-ditch ministerial push in August 2023 failed before the election. On 28 March 2024 the incoming coalition formally scrapped all work on the legislation, with Fisheries Minister Shane Jones describing it as a 620,000 square kilometre economic no-go zone. The existing 12-nautical-mile Kermadec marine reserve remains.",False,,"Labour-NZ First Coalition Agreement 2017, item 48, resolve the outstanding issues with the Kermadec Ocean Sanctuary Bill",https://www.mcguinnessinstitute.org/wp-content/uploads/2025/03/WP202007-202009-AnalysisOfThe2017Labour-FINAL.pdf,https://www.rnz.co.nz/news/political/512889/government-halts-plan-for-kermadec-ocean-sanctuary | https://www.rnz.co.nz/news/te-manu-korihi/313303/govt-to-delay-kermadec-ocean-sanctuary-bill,False
environment-greens-biodiversity-waste,environment,Environment & Conservation,labour,Greens,coalition-agreement,outcome,partly,"Work to achieve the outcomes of Te Mana o te Taiao, the Aotearoa New Zealand Biodiversity Strategy 2020. Protect kauri, build on pest management programmes, and act to minimise waste and problem plastics.","Container return scheme with 20c deposit -> proposed March 2022, dropped 2023 without legislation","Strategy documents, pest programmes and kerbside recycling reform were delivered. But the flagship waste measure, the container return scheme, was abandoned, and the biodiversity strategy carried no binding targets.","Te Mana o te Taiao was published in 2020, with an implementation plan in 2022, but it is a non-statutory strategy without binding targets. Predator Free 2050 and Jobs for Nature funding continued, and a kauri dieback National Pest Management Plan was made. On waste, the Government legislated a phased expansion and increase of the waste disposal levy, and standardised kerbside recycling. But the container return scheme announced in March 2022, a 20 cent deposit expected to cut beverage container litter by more than half, was dropped in 2023 before legislation, despite 98 percent support in public consultation. A staged ban on some single-use plastics proceeded, but later stages were revisited. Predator Free 2050 Limited was disestablished in May 2025, and DOC's baseline was cut by about $8 million a year in Budget 2025.",True,"The Greens and Labour point to Jobs for Nature, kerbside standardisation and the biodiversity strategy as substantive delivery. Critics note the strategy was non-binding, the container return scheme was designed and then shelved, and no measurable reversal of biodiversity decline occurred within the term.","Labour-Greens Cooperation Agreement 2020, protecting our environment and biodiversity through Te Mana o te Taiao, protecting kauri, building on pest management programmes, and taking action to minimise waste and problem plastics",https://www.interest.co.nz/news/107748/proposed-cooperation-agreement-between-labour-and-greens-released-greens-delegates,https://www.rnz.co.nz/news/national/463243/government-plans-to-shake-up-new-zealand-s-inadequate-waste-recycling | https://zerowaste.co.nz/container-return-scheme/ | https://en.wikipedia.org/wiki/Predator_Free_2050,False
environment-national-replace-npsfm,environment,Environment & Conservation,national,National,coalition-agreement,act,partly,Replace the National Policy Statement for Freshwater Management 2020 with provisions that better reflect the interests of all water users and rebalance Te Mana o te Wai. Exempt or relieve councils from NPS-FM 2020 obligations as soon as practicable.,Replace NPS-FM 2020 -> not yet replaced; council deadline moved from 31 Dec 2024 to 31 Dec 2027,The hierarchy has been disapplied from consenting and council deadlines deferred. But the promised replacement national policy statement had not been gazetted as at the most recent published version of the NPS-FM 2020.,"On 14 December 2023 Cabinet agreed to replace the NPS-FM. It said the work would take 18-24 months, and pushed the council notification deadline out from 31 December 2024 to 31 December 2027. The Resource Management (Freshwater and Other Matters) Amendment Act 2024, in force from 25 October 2024, barred consent authorities from applying the Te Mana o te Wai hierarchy of obligations when deciding consents. It also removed freshwater farm plan requirements in five regions and eased section 107 discharge permit tests. Consultation on the replacement national direction ran to 27 July 2025, with three options for Te Mana o te Wai, including removing it entirely. As at the December 2025 reprint, the NPS-FM 2020 remained in force with Te Mana o te Wai and the hierarchy still in the document, amended only to add operational need for quarrying and mining.",True,"The Government argues the substantive rebalancing has already been achieved through the 2024 RMA amendments, and that full replacement is sequenced with the wider RMA rewrite. On the literal commitment, the NPS-FM 2020 is still the operative national direction and the term is not finished.","National-NZ First and National-ACT Coalition Agreements 2023, replace the National Policy Statement for Freshwater Management 2020",https://assets.nationbuilder.com/nzfirst/pages/4462/attachments/original/National___NZF_Coalition_Agreement_signed_-_24_Nov_2023.pdf,https://www.simpsongrierson.com/insights-news/legal-updates/rma-amendments-signal-major-change-of-direction-for-freshwater-planning-and-consenting | https://environment.govt.nz/assets/publications/npsfm-2020-amended-december-2025.pdf | https://www.beehive.govt.nz/release/government-takes-first-steps-towards-pragmatic-and-sensible-freshwater-rules,False
environment-act-significant-natural-areas,environment,Environment & Conservation,national,ACT,coalition-agreement,act,delivered,"Stop implementing new Significant Natural Areas, and seek advice on how existing SNAs operate, as part of Resource Management Act reform.",Cease new SNAs -> suspended for 3 years from 14 March 2024,"New SNA implementation was halted within four months of taking office, exactly as the agreement specified.","On 14 March 2024 Associate Environment Minister Andrew Hoggard announced a three-year suspension of the requirement for councils to comply with the SNA provisions of the National Policy Statement for Indigenous Biodiversity. The suspension lasts while the RMA is replaced. In practice this told councils not to proceed with new SNA mapping. Existing council obligations to protect areas of significant indigenous vegetation under section 6(c) of the RMA were unaffected, and SNAs already in operative district plans remain.",False,,"National-ACT Coalition Agreement 2023, cease implementation of new Significant Natural Areas",https://assets.nationbuilder.com/actnz/mailings/6945/attachments/original/National_ACT_Agreement.pdf,https://www.beehive.govt.nz/release/significant-natural-areas-requirement-be-suspended | https://www.rnz.co.nz/news/politics/511689/government-drops-need-for-councils-to-comply-with-significant-natural-areas-provisions,False
environment-act-rma-replacement,environment,Environment & Conservation,national,ACT,coalition-agreement,act,partly,Repeal the Natural and Built Environment Act 2023 and Spatial Planning Act 2023 by Christmas 2023. Replace the Resource Management Act 1991 with new resource management laws premised on the enjoyment of property rights as a guiding principle.,Repeal NBA/SPA by Christmas and replace the RMA -> repeal done Dec 2023; RMA 1991 still operative at Aug 2026,The repeal was completed on time. But the full replacement of the RMA has not yet taken effect and the term is unfinished.,"Labour's two replacement statutes were repealed in December 2023 under urgency, in the Government's first weeks. A phased programme followed. Phase two brought amendments including the Resource Management (Freshwater and Other Matters) Amendment Act 2024, in force 25 October 2024, and the Resource Management (Extended Duration of Coastal Permits for Marine Farms) Amendment Act 2024. Phase three, replacing the RMA itself with new planning and natural environment legislation, was announced and progressed through 2025-2026. The RMA 1991 remains the operative statute as at August 2026.",False,,"National-ACT Coalition Agreement 2023, repeal the Natural and Built Environment Act and Spatial Planning Act by Christmas and replace the RMA with laws premised on property rights",https://assets.nationbuilder.com/actnz/mailings/6945/attachments/original/National_ACT_Agreement.pdf,https://www.dlapiper.com/en/insights/publications/2024/11/legislation-changes-in-resource-management-in-new-zealand | https://www.simpsongrierson.com/insights-news/legal-updates/rma-amendments-signal-major-change-of-direction-for-freshwater-planning-and-consenting,False
environment-act-crown-minerals-promotion,environment,Environment & Conservation,national,ACT,coalition-agreement,procedural,delivered,Update the Crown Minerals Act 1991 to clarify its role as promoting the use of Crown minerals. Explore a critical minerals list with a preferential development pathway.,"Crown Minerals Act purpose changed to promotion -> royal assent 5 Aug 2025; 94.5% of 5,524 submitters opposed",The statutory purpose was changed to promotion by Act of Parliament within the term.,"The Crown Minerals Amendment Bill was introduced on 24 September 2024 and passed on 31 July 2025, receiving royal assent on 5 August 2025. It changed the Act's purpose from managing to promoting the use of Crown minerals, removed the offshore petroleum exploration ban, and created a Tier 3 permit category for small-scale gold mining. It also replaced trailing decommissioning liability with ministerial discretion over financial security. Of 5,524 select committee submissions, 94.5 percent opposed the bill. A separate critical minerals list was developed as part of the Government's minerals strategy.",False,,"National-ACT Coalition Agreement 2023, update the Crown Minerals Act 1991 to clarify its role as promoting the use of Crown minerals",https://assets.nationbuilder.com/actnz/mailings/6945/attachments/original/National_ACT_Agreement.pdf,https://en.wikipedia.org/wiki/Crown_Minerals_Amendment_Act_2025 | https://www.nzpam.govt.nz/nz-industry/crown-minerals-act-law-changes,False
environment-nzf-fast-track-consenting,environment,Environment & Conservation,national,NZ First,coalition-agreement,act,delivered,Establish a one-stop-shop fast-track consenting regime to improve the speed and process of resource approvals for major infrastructure and development projects.,One-stop-shop fast-track regime -> Act in force 23 Dec 2024; 149 projects listed including 11 mining,A permanent one-stop-shop fast-track regime was legislated within the first 13 months and is operating with 149 listed projects.,"The Fast-track Approvals Bill was introduced on 7 March 2024 and passed its third reading on 17 December 2024, receiving royal assent on 23 December 2024. The Act creates a permanent expedited pathway, allowing projects to be exempted from requirements under the Resource Management Act 1991, Conservation Act 1987, Wildlife Act 1953 and Reserves Act 1977, including activities on conservation land. Treaty settlement land, protected customary rights areas and iwi-settlement aquaculture areas are excluded. After sustained opposition from Labour, the Greens, Te Pāti Māori, Forest and Bird, the Environmental Defence Society and Greenpeace, and nationwide protests, the ministerial power to approve projects directly was removed at select committee. Approval was left with independent expert panels, while the Minister retains referral and referral-stage decline powers. 149 projects were listed, including 44 housing, 43 infrastructure, 22 renewable energy, 11 mining and 7 aquaculture or farming projects.",False,,"National-NZ First Coalition Agreement 2023, fast-track consenting for major infrastructure and development projects",https://assets.nationbuilder.com/nzfirst/pages/4462/attachments/original/National___NZF_Coalition_Agreement_signed_-_24_Nov_2023.pdf,https://en.wikipedia.org/wiki/Fast-track_Approvals_Act_2024 | https://www.dlapiper.com/en/insights/publications/2024/11/legislation-changes-in-resource-management-in-new-zealand,False
environment-nzf-indigenous-biodiversity-review,environment,Environment & Conservation,national,NZ First,coalition-agreement,procedural,partly,Start an urgent review of how the National Policy Statement for Indigenous Biodiversity 2023 is being implemented.,Urgent review of the NPS-IB -> SNA compliance suspended for 3 years from March 2024; NPS-IB otherwise unchanged,"The review was started urgently and produced the SNA suspension. But the NPS-IB itself has not been amended or replaced, and the work is now bundled into the RMA rewrite.","A review was begun promptly. Its most visible outcome was the 14 March 2024 suspension, for three years, of the requirement for councils to comply with the NPS-IB's Significant Natural Areas provisions. The rest of the NPS-IB remained in place. Its future was folded into the wider replacement of the resource management system rather than resolved separately, so a new or amended national policy statement for indigenous biodiversity had not been issued as at August 2026.",False,,"National-NZ First Coalition Agreement 2023, commence an urgent review into the implementation of the National Policy Statement on Indigenous Biodiversity",https://assets.nationbuilder.com/nzfirst/pages/4462/attachments/original/National___NZF_Coalition_Agreement_signed_-_24_Nov_2023.pdf,https://www.beehive.govt.nz/release/significant-natural-areas-requirement-be-suspended | https://www.rnz.co.nz/news/politics/511689/government-drops-need-for-councils-to-comply-with-significant-natural-areas-provisions,False
environment-nzf-marine-farming-permits,environment,Environment & Conservation,national,NZ First,coalition-agreement,act,delivered,Deliver longer durations for marine farming permits and remove regulations that impede the productivity of the seafood sector.,Longer marine farming permits -> all existing coastal permits extended by 20 years (not beyond 2050),Legislation automatically extending marine farm permits by 20 years passed within the first year.,"The Resource Management (Extended Duration of Coastal Permits for Marine Farms) Amendment Act 2024 was enacted on 27 August 2024. It automatically extends all existing aquaculture coastal permits by 20 years, without requiring reconsenting, capped so that no permit runs beyond 2050. Aquaculture projects were also made eligible for the fast-track regime, with 7 aquaculture or farming projects among the 149 listed.",False,,"National-NZ First Coalition Agreement 2023, deliver longer durations for marine farming permits",https://assets.nationbuilder.com/nzfirst/pages/4462/attachments/original/National___NZF_Coalition_Agreement_signed_-_24_Nov_2023.pdf,https://www.dlapiper.com/en/insights/publications/2024/11/legislation-changes-in-resource-management-in-new-zealand | https://en.wikipedia.org/wiki/Fast-track_Approvals_Act_2024,False
gapfill-greens-waste-plastic-bags-levy,environment,Environment & Conservation,labour,Greens,coalition-agreement,outcome,partly,"Minimise waste to landfill, with significant reductions achieved by 2020.","Significant reduction in waste to landfill by 2020 -> plastic bag ban from 1 July 2019; levy $10 to $60 per tonne phased from 2021, expanded to C&D landfills from July 2022","Two substantial waste measures were delivered. But the levy reform arrived after the agreement's 2020 deadline, and landfill volumes did not fall by then.","Green Associate Environment Minister Eugenie Sage announced a mandatory phase-out of single-use plastic shopping bags in August 2018, and the ban took effect on 1 July 2019. New Zealand was one of the first countries to ban them outright. On the levy, Sage announced in 2021 that the waste disposal levy would rise from $10 a tonne, unchanged since 2009, to $60 a tonne progressively over four years. It would also be extended from municipal landfills, about 10 per cent of landfills, to construction and demolition landfills from 1 July 2022. Alongside this, $124 million from the COVID-19 Response and Recovery Fund went to recycling infrastructure. Both the levy increase and the levy expansion took effect after the 2020 deadline in the agreement, and total waste to landfill was not reduced by 2020.",False,,"Labour-Green Confidence and Supply Agreement 2017, policy goal 9, minimise waste to landfill, with significant reductions by 2020",https://thestandard.org.nz/labour-green-confidence-and-supply-agreement-released/,https://www.beehive.govt.nz/release/single-use-plastic-shopping-bags-ban-kicks | https://www.beehive.govt.nz/release/government-steps-action-waste-funds-recycling-infrastructure-and-expands-levy-scheme | https://www.rnz.co.nz/news/national/421245/plans-to-reduce-waste-released-by-government,False
gapfill-greens-ocean-sanctuaries,environment,Environment & Conservation,labour,Greens,coalition-agreement,other,not-delivered,"Safeguard New Zealand's marine ecosystems, including by establishing ocean sanctuaries.","620,000 sq km Kermadec Ocean Sanctuary -> not enacted in six years; bill scrapped 28 March 2024","No ocean sanctuary was established in six years, and the one bill on the table never advanced.","The flagship measure available was the Kermadec Ocean Sanctuary Bill. It would have created a 620,000 square kilometre fully protected sanctuary covering about 15 per cent of New Zealand's exclusive economic zone. The bill had passed its second reading before the 2017 election, then stalled over fishing quota rights held under a 1992 Treaty settlement. It made no progress through either Labour-led term. In January 2020 the Greens' own conservation spokespeople publicly recorded that the government had failed to deliver the sanctuary. Iwi leaders rejected a revised proposal in June 2023, and a final ministerial push in August 2023 failed before the election. No new ocean sanctuary was established during the period, and the incoming government formally scrapped the bill on 28 March 2024.",False,,"Labour-Green Confidence and Supply Agreement 2017, policy goal 8, safeguard marine ecosystems and establish ocean sanctuaries",https://thestandard.org.nz/labour-green-confidence-and-supply-agreement-released/,https://www.scoop.co.nz/stories/PA2001/S00055/government-fails-to-deliver-on-kermadec-sanctuary.htm | https://www.rnz.co.nz/news/political/512889/government-halts-plan-for-kermadec-ocean-sanctuary,False
gapfill-greens-predator-control-funding,environment,Environment & Conservation,labour,Greens,coalition-agreement,other,partly,"Safeguard indigenous biodiversity by reducing the extinction risk of 3,000 threatened species.","Reduce extinction risk for 3,000 species -> $81.2m over four years for predator control in Budget 2018; no reporting against the 3,000 figure","Substantial and specific funding was delivered, but the numeric species goal in the agreement was never measured or reported against.","Green Conservation Minister Eugenie Sage secured more than $81.2 million over four years for predator control in Budget 2018, which the Department of Conservation described as one of its biggest ever funding increases. She also secured more than $16 million over four years for departmental capability. Predator Free 2050 programmes were expanded, including regional projects in Wellington, Taranaki and Banks Peninsula, and a kauri dieback National Pest Management Plan took effect on 2 August 2022 with $32 million behind it. However, the 3,000-species extinction risk goal was never converted into a measurable programme or reported against, and Te Mana o te Taiao, the 2020 biodiversity strategy, carried no binding targets. Predator Free 2050 Limited was disestablished in May 2025.",False,,"Labour-Green Confidence and Supply Agreement 2017, policy goal 6, safeguard indigenous biodiversity by reducing the extinction risk of 3,000 species",https://thestandard.org.nz/labour-green-confidence-and-supply-agreement-released/,https://www.doc.govt.nz/news/budget/budget-20182/ | https://www.nzherald.co.nz/nz/budget-2018-rats-green-party-gets-20-million-a-year-for-pest-control/OOMIB57R5DQFS5XNVEKJKLNTCI/ | https://www.beehive.govt.nz/release/national-plan-protect-kauri-commences,False
foreign-nzfirst-defence-procurement-review,foreign,Foreign Affairs & Defence,labour,NZ First,coalition-agreement,procedural,delivered,Re-examine the Defence procurement programme within the context of the 2016 Defence Capability Plan budget.,"2016 plan re-examined -> $20b Defence Capability Plan 2019, 4 P-8As and 5 C-130Js ordered","The procurement programme was reviewed and rebuilt into a published capability plan, and the two largest replacement purchases were committed inside the term.","Defence Minister Ron Mark ran a full policy and capability review in the 2017-2020 term. It produced the Strategic Defence Policy Statement 2018 and the Defence Capability Plan 2019, a roughly $20 billion programme of investment to 2030. Two major replacements were locked in. Four Boeing P-8A Poseidon maritime patrol aircraft were announced in July 2018 and formally ordered in March 2019 for about US$1.46 billion. Five Lockheed Martin C-130J-30 Hercules were selected in June 2019, with the sale confirmed in June 2020 for about US$1.4 billion. The P-8As were delivered between December 2022 and July 2023. The C-130J-30s arrived from 8 August 2024, with all five in service by 19 December 2024.",False,,"Labour-NZ First Coalition Agreement 2017, item 27, re-examine the Defence procurement programme within the context of the 2016 Defence Capability Plan budget",https://www.mcguinnessinstitute.org/wp-content/uploads/2025/03/WP202007-202009-AnalysisOfThe2017Labour-FINAL.pdf,https://en.wikipedia.org/wiki/Sixth_Labour_Government_of_New_Zealand | https://en.wikipedia.org/wiki/Boeing_P-8_Poseidon | https://en.wikipedia.org/wiki/Lockheed_Martin_C-130J_Super_Hercules,False
foreign-nzfirst-russia-customs-union-fta,foreign,Foreign Affairs & Defence,labour,NZ First,coalition-agreement,procedural,not-delivered,Work towards a free trade agreement with the Russia-Belarus-Kazakhstan Customs Union.,"FTA with Russia-Belarus-Kazakhstan promised -> 0 negotiating rounds, no agreement","Talks were never restarted, and no agreement or negotiating round resulted from the commitment.","Negotiations with the Customs Union had been suspended since 2014 over Russia's annexation of Crimea, and were never resumed during the 2017-2020 term. No round of talks was held and no agreement was concluded. The commitment did not carry into the 2020-2023 term after NZ First left Parliament. After Russia's full-scale invasion of Ukraine in February 2022, New Zealand instead legislated sanctions against Russia. No such agreement appears among New Zealand's free trade agreements.",False,,"Labour-NZ First Coalition Agreement 2017, item 60, work towards a Free Trade Agreement with the Russia-Belarus-Kazakhstan Customs Union",https://www.mcguinnessinstitute.org/wp-content/uploads/2025/03/WP202007-202009-AnalysisOfThe2017Labour-FINAL.pdf,https://en.wikipedia.org/wiki/Free_trade_agreements_of_New_Zealand | https://en.wikipedia.org/wiki/Sixth_Labour_Government_of_New_Zealand,False
foreign-labour-uk-fta,foreign,Foreign Affairs & Defence,labour,Labour,manifesto,other,delivered,Negotiate and bring into force a comprehensive free trade agreement with the United Kingdom.,"UK FTA -> in force 31 May 2023, tariffs removed on 99.5 percent of NZ exports","The agreement was negotiated, signed, ratified and in force before the end of the term.","Negotiations opened with a first virtual round on 13-24 July 2020. Terms were concluded on 20 October 2021, the agreement was signed on 28 February 2022, and New Zealand ratified it in March 2022. It entered into force on 31 May 2023, eliminating tariffs on 99.5 percent of New Zealand exports to the UK, including meat, butter and cheese. The estimated economic benefit was in the order of $970 million. In the first twelve months of operation the UK was New Zealand's fastest growing export market.",False,,"Labour-led Government trade agenda, conclude a comprehensive free trade agreement with the United Kingdom after Brexit",https://en.wikipedia.org/wiki/New_Zealand%E2%80%93United_Kingdom_Free_Trade_Agreement,https://en.wikipedia.org/wiki/New_Zealand%E2%80%93United_Kingdom_Free_Trade_Agreement | https://en.wikipedia.org/wiki/Free_trade_agreements_of_New_Zealand,False
foreign-labour-eu-fta,foreign,Foreign Affairs & Defence,labour,Labour,manifesto,other,largely,Conclude a comprehensive free trade agreement with the European Union.,"EU FTA -> signed July 2023, in force 1 May 2024","The agreement was negotiated and signed within the term. But entry into force and the resulting benefits fell after the handover, and agricultural access was narrower than sought.","Negotiations ran through the term and concluded in mid-2022. The agreement was signed in July 2023, shortly before the general election. It had not been ratified by the European Parliament or entered into force at the October 2023 handover. It took effect on 1 May 2024, under the successor government, giving New Zealand exporters duty-free or preferential access across most product lines. Dairy and beef access was limited to quotas that New Zealand negotiators had sought to expand.",False,,"Labour-led Government trade agenda, conclude a high-quality free trade agreement with the European Union",https://en.wikipedia.org/wiki/Foreign_relations_of_New_Zealand,https://en.wikipedia.org/wiki/Foreign_relations_of_New_Zealand | https://en.wikipedia.org/wiki/Free_trade_agreements_of_New_Zealand,False
foreign-labour-cptpp-renegotiation,foreign,Foreign Affairs & Defence,labour,Labour,manifesto,act,largely,"Sign the Trans-Pacific Partnership only on terms that keep New Zealand's ability to ban overseas buyers from buying existing homes, and that limit investor-state dispute settlement.","CPTPP -> signed 8 Mar 2018, in force for NZ 30 Dec 2018, ISDS provisions suspended","The housing ban was kept and put in place before entry into force, and ISDS was suspended and further limited by side letters. But ISDS was suspended rather than removed, and the rest of the agreement carried over largely unchanged.","The renamed CPTPP was signed in Santiago on 8 March 2018. A set of the original TPP's investor-state dispute settlement provisions was suspended, and New Zealand negotiated side letters with several parties that further limited ISDS. New Zealand ratified on 25 October 2018 and the agreement entered into force for New Zealand on 30 December 2018. The Overseas Investment Amendment Act 2018 took effect on 22 October 2018, before entry into force. It classified existing residential land as sensitive and barred most non-resident overseas buyers, with Australian and Singaporean buyers exempt under earlier agreements. The United Kingdom later acceded, signing on 16 July 2023 at the CPTPP Commission meeting in Auckland. Its accession entered into force on 15 December 2024.",True,"The Government argued it had materially changed the deal by suspending ISDS, securing side letters, and legislating the foreign buyer ban in time. Critics, including the Green Party and trade campaigners, argued the suspensions could be revived and that side letters covered only some partners. On their reading, the agreement was in substance the deal Labour had opposed in opposition.","Labour 2017 manifesto and campaign commitments on the Trans-Pacific Partnership, preserve the right to ban foreign purchases of existing homes and curb investor-state dispute settlement",https://en.wikipedia.org/wiki/Comprehensive_and_Progressive_Agreement_for_Trans-Pacific_Partnership,https://en.wikipedia.org/wiki/Comprehensive_and_Progressive_Agreement_for_Trans-Pacific_Partnership | https://en.wikipedia.org/wiki/Overseas_Investment_Amendment_Act_2018,False
foreign-labour-china-fta-upgrade,foreign,Foreign Affairs & Defence,labour,Labour,manifesto,outcome,delivered,Complete and sign an upgrade of the 2008 New Zealand-China free trade agreement to improve access for New Zealand exporters.,China FTA upgrade -> signed 26 Jan 2021; all dairy tariffs gone 1 Jan 2024,"The upgrade was negotiated and signed within the term, and delivered the tariff outcomes sought.","An initial upgrade was concluded in November 2019, easing Chinese restrictions on New Zealand wood and paper products. New Zealand and China signed the full upgrade protocol on 26 January 2021. It removed or reduced tariffs on dairy, timber and seafood lines, and modernised rules of origin and services commitments. China removed its remaining dairy safeguard tariffs on 1 January 2024, worth an estimated $330 million a year. Two-way trade reached NZ$37.9 billion in 2023, making China New Zealand's largest trading partner. The same period also saw public friction over Huawei's exclusion from 5G, Hong Kong, Xinjiang and cyber attribution statements.",False,,"Labour-led Government trade agenda, complete the upgrade of the 2008 New Zealand-China free trade agreement",https://en.wikipedia.org/wiki/China%E2%80%93New_Zealand_relations,https://en.wikipedia.org/wiki/China%E2%80%93New_Zealand_relations | https://en.wikipedia.org/wiki/Free_trade_agreements_of_New_Zealand,False
foreign-nzfirst-defence-2-percent-gdp,foreign,Foreign Affairs & Defence,national,NZ First,manifesto,outcome,partly,Progressively increase real defence spending to reach 2 percent of GDP by 2030.,"2 percent of GDP by 2030 promised -> about 1 percent at the start of the term, $12b four-year plan announced April 2025","Large funding increases and a formal path above 2 percent are in place. But spending had not reached 2 percent as at August 2026, and the official timetable runs past 2030.","On 7 April 2025 Defence Minister Judith Collins released the Defence Capability Plan 2025. It committed NZ$12 billion over four years and set a path to lift defence spending above 2 percent of GDP, from a base of roughly 1 percent. Budget 2025 funded NZ$2.7 billion of capability uplift, including NZ$2 billion for new maritime helicopters. Budget 2026, delivered on 28 May 2026, added NZ$2.3 billion of capital and NZ$1.2 billion of operating funding for defence and intelligence. That included NZ$158 million for military drones and naval fleet maintenance. Purchases confirmed under the plan include five MH-60R Seahawk helicopters and two Airbus A321XLR transports. These were announced on 21 August 2025 under a six-year lease-to-buy arrangement worth about NZ$700 million, with delivery in 2028. The published trajectory reaches 2 percent over about eight years rather than by 2030.",False,,"New Zealand First 2023 Policy Manifesto, progressively increase real Defence spending to reach 2% of GDP by 2030",https://www.nzfirst.nz/2023_policies,https://en.wikipedia.org/wiki/New_Zealand_Defence_Force | https://en.wikipedia.org/wiki/Judith_Collins | https://en.wikipedia.org/wiki/2026_New_Zealand_budget,False
foreign-nzfirst-defence-capital-fund,foreign,Foreign Affairs & Defence,national,NZ First,manifesto,act,not-delivered,"Establish a permanent, ring-fenced Defence Capital Fund within the Budget to fund defence capability and estate procurement.",Permanent ring-fenced Defence Capital Fund promised -> not established; funding via four-year plan and annual Budgets,"Defence capital was funded generously, but through normal appropriations. The specific permanent ring-fenced fund promised was not established.","Defence capital has instead been funded through the ordinary Budget process and the four-year Defence Capability Plan 2025. Budget 2025 and Budget 2026 each carried large defence capital allocations. That was NZ$2.7 billion of capability funding in 2025, and NZ$2.3 billion of capital funding for defence and intelligence in 2026. These came as separate budget appropriations rather than a standing ring-fenced fund. No permanent Defence Capital Fund appears in the Budget documents for either year.",True,"NZ First can argue the substance was achieved. A multi-year, publicly committed capital programme now exists in the Defence Capability Plan 2025, with $12 billion of funding over four years. The counter-reading is that the promise was specifically institutional: a permanent fund ring-fenced from Budget-by-Budget decisions. No such vehicle has been created, leaving defence capital exposed to future fiscal rounds.","New Zealand First 2023 Policy Manifesto, establish a permanent, ring-fenced Defence Capital Fund as part of the Budget",https://www.nzfirst.nz/2023_policies,https://en.wikipedia.org/wiki/2026_New_Zealand_budget | https://en.wikipedia.org/wiki/New_Zealand_Defence_Force,False
foreign-nzfirst-defence-command-paper,foreign,Foreign Affairs & Defence,national,NZ First,manifesto,act,largely,"Instruct NZDF uniformed staff to deliver a tri-service Defence Command Paper setting out the long-term size, structure and equipment needs of the Defence Force.","Tri-service command paper promised -> Defence Capability Plan 2025 released 7 April 2025, $12b over four years","A long-term capability document covering all three services was delivered early in the term, though not in the specific form the manifesto described.","The Government produced the Defence Capability Plan 2025, released on 7 April 2025. It sets out a four-year, NZ$12 billion investment programme and longer-term capability intentions across the three services, including maritime helicopters, air transport, strike capability, uncrewed systems and estate. It was published as a ministerial capability plan rather than as a separately branded tri-service command paper written by uniformed staff. The period also exposed the pressures the paper was meant to address. HMNZS Manawanui grounded and sank off Samoa on 5 October 2024, the first Royal New Zealand Navy vessel lost in peacetime. An inquiry found human error. Budget 2025 wrote off NZ$77 million, including NZ$32 million for salvage and clean-up. Three officers were confirmed for court martial on 2 March 2026. The ship was not replaced, and HMNZS Otago absorbed its duties. Retention measures included two rounds of NZ$10,000 payments for critical trades, NZ$490 million of housing investment at Waiouru, and relaxed entry standards to lift recruitment.",True,"One reading is that the Defence Capability Plan 2025 is the promised document in substance: a tri-service statement of size, structure and equipment with funding attached. The other is that the promise was about process as much as content. It required uniformed leadership, rather than ministers and officials, to set out what New Zealand needs, and no document of that description was published.","New Zealand First 2023 Policy Manifesto, instruct NZDF uniformed staff to deliver a tri-service Defence Command Paper setting long-term size, structure and equipment needs",https://www.nzfirst.nz/2023_policies,https://en.wikipedia.org/wiki/New_Zealand_Defence_Force | https://en.wikipedia.org/wiki/Royal_New_Zealand_Navy | https://en.wikipedia.org/wiki/2026_in_New_Zealand,False
foreign-nzfirst-us-fta,foreign,Foreign Affairs & Defence,national,NZ First,manifesto,procedural,not-delivered,Continue work towards a full free trade agreement with the United States.,US FTA sought -> no negotiations; 10 percent US tariff Apr 2025 rising to 15 percent Aug 2025,No FTA negotiations with the United States were begun. New US tariffs on New Zealand goods dominated the period instead.,"No negotiations were launched. On trade, the relationship moved the other way. In April 2025 the United States imposed a 10 percent tariff on New Zealand exports as part of its Liberation Day tariff package. On 1 August 2025 an executive order raised the rate to 15 percent. Trade Minister Todd McClay said New Zealand would engage with Washington to seek changes. On 14 November 2025 the United States lifted tariffs on more than 200 food products, including beef, offal and kiwifruit. Those products are worth about NZ$2.21 billion a year to New Zealand exporters. No free trade agreement or negotiating mandate existed as at August 2026.",False,,"New Zealand First 2023 Policy Manifesto, continue work towards a full free trade agreement with the United States",https://www.nzfirst.nz/2023_policies,https://en.wikipedia.org/wiki/New_Zealand%E2%80%93United_States_relations | https://en.wikipedia.org/wiki/Free_trade_agreements_of_New_Zealand,False
foreign-nzfirst-commonwealth-economic-relations,foreign,Foreign Affairs & Defence,national,NZ First,manifesto,act,not-delivered,"Launch a Closer Commonwealth Economic Relations agreement with the United Kingdom, Australia, Canada, Singapore, Malaysia and Brunei, with India and other Commonwealth states invited as associates.",6-country Commonwealth agreement promised -> not launched,The proposed Commonwealth grouping was never launched. Trade liberalisation with those countries went through existing agreements instead.,"No Commonwealth economic agreement was launched or negotiated. Trade integration with those partners went through existing structures instead. The United Kingdom acceded to the CPTPP, with its accession in force from 15 December 2024. New Zealand hosted the CPTPP Commission in Auckland on 20-21 November 2025. New agreements concluded in the term were bilateral or regional rather than Commonwealth-wide. They were the Gulf Cooperation Council FTA in October 2024, the UAE comprehensive economic partnership signed on 13 January 2025, and the India FTA signed in April 2026. No CCER framework appears among New Zealand's agreements or negotiations as at August 2026.",False,,"New Zealand First 2023 Policy Manifesto, launch Closer Commonwealth Economic Relations with the UK, Australia, Canada, Singapore, Malaysia and Brunei",https://www.nzfirst.nz/2023_policies,https://en.wikipedia.org/wiki/Free_trade_agreements_of_New_Zealand | https://en.wikipedia.org/wiki/Comprehensive_and_Progressive_Agreement_for_Trans-Pacific_Partnership | https://en.wikipedia.org/wiki/Todd_McClay,False
foreign-nzfirst-pacific-reset-indo-pacific,foreign,Foreign Affairs & Defence,national,NZ First,manifesto,other,largely,"Deepen the Pacific Reset into engagement with the wider Indo-Pacific, in recognition of the region's importance to New Zealand's security and wellbeing.",,"Pacific and Indo-Pacific engagement clearly deepened in diplomacy, defence agreements and aid. But New Zealand's influence in the Pacific was visibly contested, and aid funding remained modest.","Foreign Minister Winston Peters ran an intensive programme of Pacific travel between May and August 2024, and continued into 2026. He signed an aid renewal statement with Kiribati in Tarawa on 19 January 2026. Funding announcements included NZ$6.2 million in climate and disaster support for the Marshall Islands in August 2024, and resumed NZ$1 million annual UNRWA funding in June 2024. Budget 2026 allocated NZ$110 million for international development assistance with an emphasis on the Pacific, plus NZ$145 million to protect diplomatic and trade missions. Indo-Pacific security engagement widened. New Zealand signed a visiting forces agreement with the Philippines on 30 April 2025. It also continued exploratory talks on AUKUS Pillar Two, after the partners said in September 2024 they were consulting New Zealand on maritime autonomous systems. New Zealand did not join. The reset also met resistance. New Zealand publicly objected to the Cook Islands' strategic partnership with China, signed on 14 February 2025 without consultation. It also objected to Chinese naval exercises in the Tasman Sea in February 2025.",False,,"New Zealand First 2023 Policy Manifesto, deepen the Pacific Reset to the greater Indo-Pacific region",https://www.nzfirst.nz/2023_policies,https://en.wikipedia.org/wiki/Winston_Peters | https://en.wikipedia.org/wiki/2026_New_Zealand_budget | https://en.wikipedia.org/wiki/2026_in_New_Zealand,False
foreign-national-india-trade-agreements,foreign,Foreign Affairs & Defence,national,National,coalition-agreement,other,delivered,"Prioritise free and fair trade agreements, including a free trade agreement with India.","India FTA -> negotiations opened April 2025, signed April 2026, tariffs removed on 95 percent of NZ exports","An India FTA was launched and signed within the term, alongside two other new agreements, matching the commitment.","Prime Minister Christopher Luxon and Trade Minister Todd McClay led a delegation to India from 15 to 19 March 2025. The two governments agreed to open negotiations in April 2025. On 22 December 2025 they announced they would sign in 2026. They signed the New Zealand-India Free Trade Agreement in New Delhi in late April 2026 (27 April India time, 28 April New Zealand time). It eliminates tariffs on 95 percent of New Zealand exports, including kiwifruit, apples, meat, wool, coal and forestry, and gives duty-free access for Indian exports. It also includes an investment commitment of NZ$20 billion over two decades. Most dairy products are excluded from tariff elimination. Other agreements concluded in the term were the Gulf Cooperation Council FTA in October 2024 and the UAE comprehensive economic partnership signed on 13 January 2025. The UAE agreement cuts tariffs on 98.5 percent of New Zealand exports to the UAE.",True,"The Government presents the agreement as delivering the commitment in full. Dairy exporters and some trade analysts note that dairy, New Zealand's largest export category, is largely carved out of tariff elimination. On that reading the deal delivers the promised agreement but not the market access the sector had sought. The agreement was also signed rather than in force as at August 2026.","National-NZ First Coalition Agreement 2023, as an export dependent nation, prioritise free and fair trade agreements, including with India",https://assets.nationbuilder.com/nzfirst/pages/4462/attachments/original/1700784896/National___NZF_Coalition_Agreement_signed_-_24_Nov_2023.pdf,https://en.wikipedia.org/wiki/India%E2%80%93New_Zealand_relations | https://en.wikipedia.org/wiki/Todd_McClay | https://en.wikipedia.org/wiki/2026_in_New_Zealand,False
foreign-national-aukus-pillar-two,foreign,Foreign Affairs & Defence,national,National,manifesto,other,in-progress,"Keep New Zealand's nuclear-free policy while exploring participation in the non-nuclear second pillar of AUKUS, covering advanced technology co-operation.","AUKUS Pillar Two -> exploratory consultations only, no participation decision by Aug 2026","Exploration and consultation continued through the term exactly as described. But no participation decision had been made as at August 2026, and the promise was to explore rather than to join.","Luxon affirmed the nuclear-free policy and said New Zealand was open to joining the non-nuclear pillar during his December 2023 visit to Sydney. Australia's Defence Minister Richard Marles confirmed in February 2024 that Australian officials would brief New Zealand counterparts on Pillar Two. In September 2024 the AUKUS partners said they were consulting New Zealand, Canada and South Korea about collaboration on advanced capabilities, naming maritime autonomous systems as an initial area. As at August 2026 New Zealand had not joined Pillar Two, and no decision to do so had been announced. Domestic support narrowed over the period. Labour had opened the exploration in 2023 under Defence Minister Andrew Little. It reversed position in February 2024, and its associate foreign affairs spokesperson described AUKUS as an offensive warfighting alliance.",True,"Supporters of the Government say the commitment was only ever to explore Pillar Two. They say consultations with the AUKUS partners show it has been honoured without compromising the nuclear-free policy. Critics argue that nearly three years of exploration with no decision either way amounts to drift. Opponents of AUKUS say any participation would erode New Zealand's independent foreign policy. On their reading, the absence of a decision is the outcome they sought rather than delivery of a promise.","National's stated position on AUKUS Pillar Two entering government, set out by Prime Minister Christopher Luxon during his December 2023 visit to Sydney",https://en.wikipedia.org/wiki/Christopher_Luxon,https://en.wikipedia.org/wiki/AUKUS | https://en.wikipedia.org/wiki/Christopher_Luxon | https://en.wikipedia.org/wiki/Winston_Peters,False
foreign-act-defence-spending-boost,foreign,Foreign Affairs & Defence,national,ACT,manifesto,outcome,in-progress,"Increase defence spending as part of ACT's alternative budget, after deferring the planned increase in its revised fiscal plan of 21 September 2023.",,"Defence funding has risen sharply under the government ACT is part of. But the build-up runs beyond the current term, and the party's original commitment carried no firm target date.","The coalition government ACT joined committed NZ$12 billion over four years in the Defence Capability Plan 2025, released on 7 April 2025. The plan states a path to lift defence spending above 2 percent of GDP. Budget 2025 provided NZ$2.7 billion of capability funding, including NZ$2 billion for maritime helicopters. Budget 2026 added NZ$2.3 billion of capital and NZ$1.2 billion of operating funding for defence and intelligence. The increases came in the second half of the term rather than at its start, consistent with the deferral ACT itself signalled before the election.",False,,"ACT 2023 election fiscal plan, proposed defence spending boosts, revised on 21 September 2023 to delay tax cuts and the defence increase after the pre-election fiscal update",https://en.wikipedia.org/wiki/2023_New_Zealand_general_election,https://en.wikipedia.org/wiki/Judith_Collins | https://en.wikipedia.org/wiki/2026_New_Zealand_budget,False
gapfill-national-nzf-un-national-interest-test,foreign,Foreign Affairs & Defence,national,NZ First,coalition-agreement,other,delivered,"Run a 'National Interest Test' before New Zealand accepts any agreement from the UN or its agencies that limits national decision-making. By 1 December 2023, reserve against the proposed amendments to the World Health Organization's International Health Regulations.",Reservation due by 1 Dec 2023 -> lodged; 2024 IHR amendments formally rejected 16 March 2026,The national interest test was created and applied to the WHO instruments named in the agreement. Both the reservation and the later rejection were lodged.,"New Zealand lodged a reservation against the proposed WHO International Health Regulations amendments in late 2023, while a national interest assessment was carried out. The World Health Assembly adopted a further package of IHR amendments on 1 June 2024. New Zealand did not accept them, and formally told the WHO Director-General of its rejection on 16 March 2026, invoking Article 61. That made it one of a small number of countries to reject the package outright. On 16 May 2025 Foreign Minister Winston Peters and Health Minister Simeon Brown announced a full national interest test on the draft WHO Pandemic Agreement. It would be run before New Zealand made any commitment. Peters said 'decisions about how New Zealand responds to any health emergency are made in Wellington, not Geneva'. Newsroom reported in 2026 that officials had advised in favour of the IHR amendments before ministers rejected them.",False,,"National. NZ First Coalition Agreement, 24 November 2023 (Strengthening Democracy and Freedoms)",https://assets.nationbuilder.com/nzfirst/pages/4462/attachments/original/1700784896/National___NZF_Coalition_Agreement_signed_-_24_Nov_2023.pdf,https://www.health.govt.nz/strategies-initiatives/programmes-and-initiatives/emergency-management/pandemics/strengthening-global-pandemic-prevention-preparedness-and-response/international-health-regulations | https://www.rnz.co.nz/news/political/561236/government-to-run-full-national-interest-test-on-world-health-pandemic-treaty | https://www.nzfirst.nz/nz_rejects_ihr_amendments,False
health-labour-dhb-abolition,health,Health,labour,Labour,manifesto,act,delivered,Act on the Health and Disability System Review to replace the district health board structure with a single national health service.,20 DHBs -> 1 national agency (Health NZ) from 1 July 2022,"The structural change promised was legislated and put in place in full within the term, though the decision to abolish DHBs was announced mid-term in April 2021.","The review reported on 16 June 2020. In April 2021 the Government announced it would abolish all 20 DHBs and create Health New Zealand | Te Whatu Ora. The Pae Ora (Healthy Futures) Act passed its third reading on 7 June 2022. The 20 DHBs were disestablished on 1 July 2022, when Health NZ, the Public Health Agency and iwi-Māori partnership boards began operating. The new agency then ran large deficits: $722m in 2023/24 and $947m in 2024/25. In July 2024 the Health Minister replaced its board with Commissioner Lester Levy, citing overspending of about $130m a month. A board was reinstated on 23 July 2025.",True,"Supporters point out the promised structure was delivered on time and in law. Critics, including the incoming government, argue the reform delivered a centralised organisation that lost financial control. Health NZ reported deficits of $722m (2023/24) and $947m (2024/25) and was placed under a commissioner in July 2024. Whether that is a failure of the promise, or of its execution after the handover, is disputed.","Labour 2020 commitment to act on the Health and Disability System Review (Simpson Review), commissioned by the Labour government in May 2018",https://ao.parliament.nz/data/health-reforms/about-health-reform,https://ao.parliament.nz/data/health-reforms/about-health-reform | https://en.wikipedia.org/wiki/Pae_Ora_(Healthy_Futures)_Act_2022 | https://www.tewhatuora.govt.nz/assets/Publications/Annual-Reports/Annual-Report-2024-25-Health-New-Zealand-Te-Whatu-Ora.pdf | https://www.beehive.govt.nz/release/commissioner-replaces-health-nz-board,False
health-labour-maori-health-authority,health,Health,labour,Labour,manifesto,act,delivered,Establish an independent Māori Health Authority with commissioning powers to address Māori health inequities.,Te Aka Whai Ora established 1 July 2022; $188m allocated in Budget 2022,"The authority was established by legislation and operating before the end of the term, as promised.","The Pae Ora (Healthy Futures) Act 2022 created Te Aka Whai Ora | Māori Health Authority. It began operating on 1 July 2022 as an independent statutory entity, able to commission kaupapa Māori services and co-commission with Health NZ. Budget 2022 allocated $188 million for its commissioning and iwi partnership work. It operated for two years before the incoming government disestablished it on 30 June 2024.",False,,"Labour 2020 term commitment, following the Health and Disability System Review, to establish an independent Māori health authority",https://ao.parliament.nz/data/health-reforms/about-health-reform,https://en.wikipedia.org/wiki/Te_Aka_Whai_Ora | https://en.wikipedia.org/wiki/Pae_Ora_(Healthy_Futures)_Act_2022,False
health-labour-dunedin-hospital,health,Health,labour,Labour,manifesto,other,partly,"Rebuild Dunedin Hospital, starting construction before 2020 and completing it before 2027.","Construction start before 2020 and completion before 2027 promised -> main build not started by 2020, completion pushed to 2029","There was real progress: the site was secured, the business case approved, and enabling works and the outpatient building were underway. But neither the promised construction start date nor the completion date was met.","In May 2018 Health Minister David Clark announced a new hospital on the former Cadbury factory site, estimated at about $1.4 billion with completion by 2026. Site acquisition, demolition and enabling works ran through the term, and the outpatient building was separated out. But the main inpatient build had not started by the 2020 deadline, and the completion date slipped to 2029. By May 2024 the estimated cost had risen above $2 billion.",False,,Labour 2017 election campaign commitment on the new Dunedin Hospital,https://en.wikipedia.org/wiki/Dunedin_Hospital,https://en.wikipedia.org/wiki/Dunedin_Hospital | https://www.1news.co.nz/2025/07/03/work-restarts-on-new-18b-dunedin-hospital/,False
health-labour-smokefree-generation,health,Health,labour,Labour,manifesto,outcome,delivered,"Legislate a smokefree generation, ban tobacco sales to anyone born on or after 1 January 2009, cut nicotine levels in smoked tobacco, and sharply reduce the number of tobacco retailers.",3 measures legislated Dec 2022 -> repealed 6 March 2024,The law promised was passed within the term. Its later repeal was the act of a different government and is recorded separately.,"The Smokefree Environments and Regulated Products (Smoked Tobacco) Amendment Act 2022 passed its third reading 76-43 on 13 December 2022 and received royal assent on 16 December 2022. It contained all three measures, with provisions taking effect from 1 January 2023 and 1 October 2023. The incoming National-led government repealed it. A repeal bill was introduced on 27 February 2024, passed on 28 February 2024 and took effect on 6 March 2024. That was before the denicotinisation and generation-ban provisions had taken effect.",False,,Labour's Smokefree Aotearoa 2025 Action Plan (December 2021) and resulting legislation,https://en.wikipedia.org/wiki/Smokefree_Environments_and_Regulated_Products_(Smoked_Tobacco)_Amendment_Act_2022,https://en.wikipedia.org/wiki/Smokefree_Environments_and_Regulated_Products_(Smoked_Tobacco)_Amendment_Act_2022 | https://www.legislation.govt.nz/bill/government/2024/0022/latest/whole.html,False
health-labour-mental-health-access-choice,health,Health,labour,Labour,manifesto,outcome,partly,"Invest $1.9 billion in mental health and build a new frontline mental health and addiction service reaching 325,000 people a year (6.5% of the population) by 2023/24.","325,000 people a year by 2023/24 promised -> 207,000 reached in 2023/24",Nearly all the money was spent and a large new service was built. But the headline access target was missed by more than a third at the end of the term.,"Budget 2019 allocated about $1.96 billion across 29 initiatives in 12 portfolios, with health receiving 57% ($1.12b over four years). By 30 June 2023, 92% of the money had been spent or committed, leaving $163.8m unspent. The Access and Choice primary mental health programme, funded $664m over five years, reached just over 207,000 people in 2023/24. That is 3.9% of the population and 64% of the 325,000 target. Services were available to 68% of the enrolled population as at 30 June 2024. The Mental Health and Wellbeing Commission projected the target would be met in 2025/26.",False,,Labour's mental health commitment delivered through the Budget 2019 Wellbeing Budget $1.9 billion mental health package,https://www.treasury.govt.nz/publications/wellbeing-budget/wellbeing-budget-2019,https://www.mhwc.govt.nz/assets/Reports/Access-and-Choice-programme/2025/Access-and-Choice-Summary-April-2025.pdf | https://www.mhwc.govt.nz/news-and-resources/budget-investment-report/,False
health-greens-free-counselling-under25,health,Health,labour,Greens,coalition-agreement,outcome,partly,"Ensure everyone has access to timely and high quality mental health services, including free counselling for those under 25 years.",Free counselling for all under-25s promised -> regional pilot (Wellington region) plus general expansion of primary mental health services,Free counselling for under-25s was delivered only as a regional pilot. The universal entitlement described in the agreement did not eventuate by the end of the term.,"A free youth mental health pilot, Piki, began in Porirua in February 2019. In May 2019 it was expanded across the Wellington, Hutt Valley and Kapiti region for 18 to 25 year olds. It was never rolled out nationally as a universal entitlement. Instead the Government built the wider Access and Choice programme, which by 2023/24 was reaching 207,000 people of all ages against a 325,000 target. The Mental Health and Wellbeing Commission reported in 2024 that young people in particular were missing out on services.",False,,Labour-Green Confidence and Supply Agreement 2017,https://thestandard.org.nz/labour-green-confidence-and-supply-agreement-released/,https://www.beehive.govt.nz/release/free-youth-mental-health-pilot-expands-coverage | https://www.mhwc.govt.nz/news-and-resources/young-people-missing-out-on-access-to-mental-health-services/,False
health-greens-child-youth-mental-health-2020,health,Health,labour,Greens,coalition-agreement,other,partly,"Cooperate on improving child and youth wellbeing, including child and youth mental health support.",,"Services expanded. But the agreement set no specific measurable commitment, and independent monitoring found young people's access remained a gap at the end of the term.","Child and youth mental health support kept expanding through the Access and Choice programme and school-based services funded from the 2019 package. But the Mental Health and Wellbeing Commission reported in 2024 that young people were still missing out on access to mental health services. Access and Choice coverage overall reached 207,000 people in 2023/24 against the 325,000 target.",False,,Labour-Green Cooperation Agreement 2020,https://www.scoop.co.nz/stories/PA2010/S00117/cooperation-agreement-between-the-nz-labour-party-and-the-green-party-of-aotearoa-nz.htm,https://www.mhwc.govt.nz/news-and-resources/young-people-missing-out-on-access-to-mental-health-services/ | https://www.mhwc.govt.nz/assets/Reports/Access-and-Choice-programme/2025/Access-and-Choice-Summary-April-2025.pdf,False
health-nzfirst-breast-screening-74-2017,health,Health,labour,NZ First,coalition-agreement,outcome,not-delivered,Progressively increase the age for free breast screening to 74.,Free breast screening to age 74 promised -> age range unchanged at 45-69 at Oct 2023 handover,"The screening age range was unchanged across both Labour-led terms, despite the commitment being in the signed coalition agreement.","The age range for free breast screening stayed at 45 to 69 throughout the 2017-2023 period. No extension was funded or started before the October 2023 handover. The extension only began under the next government, with a Nelson and Marlborough pilot from 1 October 2024 and a national phased rollout from 1 October 2025.",False,,Labour-NZ First Coalition Agreement 2017,https://www.nursingreview.co.nz/new-governments-health-policy-details-revealed/,https://www.tewhatuora.govt.nz/news-and-updates/extending-the-age-for-free-breast-screening-to-save-lives,False
health-nzfirst-mental-health-commission-2017,health,Health,labour,NZ First,coalition-agreement,act,delivered,Re-establish the Mental Health Commission.,,A standing independent mental health commission was re-created by statute and is operating.,"The Government held the He Ara Oranga inquiry into mental health and addiction in 2018, then legislated to create a permanent independent commission. Te Hiringa Mahara | Mental Health and Wellbeing Commission was established as a permanent independent Crown entity. It has since published regular monitoring of the mental health system, including reports on the $1.9 billion Budget 2019 package and the Access and Choice programme.",False,,Labour-NZ First Coalition Agreement 2017,https://www.nursingreview.co.nz/new-governments-health-policy-details-revealed/,https://www.mhwc.govt.nz/our-work/mental-health-and-addiction-system/ | https://www.mhwc.govt.nz/news-and-resources/budget-investment-report/,False
health-national-cancer-drugs-13,health,Health,national,National,manifesto,act,largely,"Fund 13 new cancer treatments, at $280 million over four years ($70m a year), starting 1 July 2024, paid for by reinstating the $5 prescription co-payment.","13 named treatments and $280m over 4 years promised -> $604m over 4 years announced June 2024, up to 7 of the 13 funded plus substitutes","More money and more medicines were funded in the end than promised. But it came a year late, not on the promised start date, and only about half the specific named treatments were funded.","Budget 2024, delivered 30 May 2024, contained no money for the 13 treatments. Finance Minister Nicola Willis said it had not been possible. After sustained criticism, on 24 June 2024 the Government announced a $604 million pre-commitment to Pharmac over four years. It covered up to 26 cancer treatments and up to 28 other medicines (around 54 in total), expected to benefit about 175,000 people in the first year. Health Minister Shane Reti said that of the 13 treatments listed in 2023, up to seven would be included. The rest would be replaced by alternatives judged as good or better. Pembrolizumab became available from 1 October 2024 and nivolumab from 1 November 2024, with the rest phased in over the following year.",True,"The Government's reading is that the promise was over-delivered: more medicines, more money, and every cancer type in the manifesto covered by an equivalent or better treatment. Critics read it the other way. The specific promise was those 13 treatments from 1 July 2024. Budget 2024 funded none of them, and only up to seven of the 13 named drugs were funded at all.","National 2023 campaign announcement, 21 August 2023",https://thespinoff.co.nz/politics/05-06-2024/the-full-timeline-of-nationals-broken-cancer-drugs-promise,https://www.beehive.govt.nz/release/transformative-investment-cancer-treatments-and-more-new-medicines | https://www.pharmac.govt.nz/news-and-resources/news/update-on-new-medicines-funding-after-the-budget-uplift,False
health-national-pharmac-funding,health,Health,national,National,manifesto,outcome,delivered,Increase Pharmac funding by $724 million over four years.,$724m over 4 years promised -> $604m for new medicines alone (June 2024) on top of Budget 2024 baseline increases,"Pharmac's funding rose by more than the promised amount across the term, counting the Budget 2024 baseline uplift and the June 2024 $604m new-medicines pre-commitment.","Pharmac's baseline was lifted at Budget 2024. In June 2024 the Government made a further $604 million four-year pre-commitment specifically for new medicines. Pharmac reported the combined pharmaceutical budget on a steadily rising trajectory, with a large increase in 2024. The June 2024 tranche alone funded or widened access to up to 54 medicines. The National-NZ First coalition agreement separately committed to increasing Pharmac funding every year.",False,,National 2023 health policy,https://policy.nz/2023/party-vote/policies/health,https://www.pharmac.govt.nz/news-and-resources/publications/corporate-publications/year-in-review/year-in-review/budget-increase-for-more-medicines | https://www.beehive.govt.nz/release/transformative-investment-cancer-treatments-and-more-new-medicines,False
health-act-disestablish-maori-health-authority,health,Health,national,ACT,coalition-agreement,act,delivered,Disestablish the Māori Health Authority.,"Te Aka Whai Ora disestablished 30 June 2024, after 2 years of operation","The authority was disestablished by legislation within four months of the government taking office, as the agreement required.","The Pae Ora (Disestablishment of Māori Health Authority) Amendment Bill was introduced on 27 February 2024. It passed all stages by 28 February 2024 under urgency, without select committee consideration. Te Aka Whai Ora ceased to exist on 30 June 2024, and its functions and staff moved into the Ministry of Health and Health NZ. Iwi-Māori partnership boards were retained. In November 2024 the Waitangi Tribunal released its Hautupua report. It found the Crown had breached Treaty principles by not consulting Māori, and recommended the Crown reconsider a standalone Māori health authority.",True,"The Government's position is that a separate commissioning agency duplicated Health NZ. It says responsibility for Māori health outcomes now sits with the whole system, and that iwi-Māori partnership boards were kept. The Waitangi Tribunal found the Crown did not act in good faith, did not consult Māori, and acted on political rather than evidential grounds. It also found the authority was integral to equitable delivery. Both readings agree on the facts of what was repealed and when. They differ on the significance.",National-ACT Coalition Agreement 2023 (the same commitment appears in the National-NZ First agreement and the coalition 100-day plan),https://assets.nationbuilder.com/actnz/mailings/6945/attachments/original/National_ACT_Agreement.pdf,https://www.buddlefindlay.com/insights/legislation-passed-to-disestablish-the-maori-health-authority-te-aka-whai-ora/ | https://www.waitangitribunal.govt.nz/en/news/tribunal-releases-report-on-disestablishment-of-te-aka-whai-ora | https://en.wikipedia.org/wiki/Te_Aka_Whai_Ora,False
health-national-smokefree-repeal,health,Health,national,National,coalition-agreement,act,delivered,Repeal the Smokefree Environments and Regulated Products (Smoked Tobacco) Amendment Act 2022 to remove the requirements for denicotinisation and the reduction in retail outlets.,"3 smokefree measures repealed, in force 6 March 2024","The repeal was passed within the 100-day plan window, and in the terms set out in the coalition agreements.","The Smokefree Environments and Regulated Products Amendment Bill was introduced on 27 February 2024, passed under urgency on 28 February 2024 and took effect on 6 March 2024. It removed the three measures of the 2022 Act before they had come into force. Those were the denicotinisation requirement, the reduction in the number of tobacco retailers, and the prohibition on sales to anyone born on or after 1 January 2009. The coalition also legislated separately on vaping, including a ban on disposable vapes and higher penalties for sales to under-18s.",False,,National-ACT Coalition Agreement 2023 (also in the National-NZ First agreement and the coalition 100-day plan),https://assets.nationbuilder.com/actnz/mailings/6945/attachments/original/National_ACT_Agreement.pdf,https://www.legislation.govt.nz/bill/government/2024/0022/latest/whole.html | https://en.wikipedia.org/wiki/Smokefree_Environments_and_Regulated_Products_(Smoked_Tobacco)_Amendment_Act_2022,False
health-national-five-health-targets,health,Health,national,National,coalition-agreement,other,delivered,"Set five major health targets for the health system, including for wait times and cancer treatment, and publish performance against them.",5 health targets promised -> 5 set March 2024 and reported quarterly since,"The targets were set and are reported publicly each quarter, which is what the commitment required. Whether the targets themselves are met is tracked separately.","Five health targets were set in March 2024. They are shorter emergency department stays, shorter waits for elective treatment, shorter waits for first specialist assessment, faster cancer treatment, and childhood immunisation. Results have been published quarterly since. Two of the five (ED stays and elective waits) also sit in the nine whole-of-government targets. In the January to March 2026 quarter, 74.4% of ED patients were seen within six hours and 64.9% were treated within four months for elective care. In the same quarter, 61.2% were seen within four months for a first specialist assessment, 86.2% started cancer treatment within 31 days, and 83.5% of two year olds were fully immunised.",False,,Coalition 100-day plan and National-NZ First Coalition Agreement 2023,https://www.national.org.nz/policies/targeting-better-health-outcomes,https://www.beehive.govt.nz/release/progress-continues-across-all-five-health-targets | https://www.beehive.govt.nz/release/health-targets-delivering-new-zealanders | https://www.dpmc.govt.nz/our-programmes/government-targets,False
health-national-ed-six-hour-target,health,Health,national,National,coalition-agreement,other,partly,"95% of patients to be admitted, discharged or transferred from an emergency department within six hours.",95% within 6 hours promised -> 68.0% (Sep 2023 baseline) to 74.4% (Mar 2026 quarter),"Term unfinished. There is measurable improvement on the baseline, but the target remains a long way off as at March 2026.","The baseline was 68.0% in September 2023. Performance reached 72.1% in December 2024, 74.2% in December 2025 and 74.4% in the January-March 2026 quarter. That is an improvement of about 6 percentage points over the baseline, but still more than 20 points short of the target. The Department of the Prime Minister and Cabinet rates the target 'feasible', while noting that whole-of-system improvements are needed to reduce what it calls unacceptable emergency department waits.",False,,"Government Targets (Target 1), set March 2024",https://www.dpmc.govt.nz/our-programmes/government-targets,https://www.dpmc.govt.nz/sites/default/files/2026-06/gt-factsheet-target-1-mar26.pdf | https://www.beehive.govt.nz/release/progress-continues-across-all-five-health-targets,False
health-national-elective-wait-target,health,Health,national,National,coalition-agreement,other,partly,95% of people to wait less than four months for elective treatment.,95% within 4 months promised -> 62.0% (Sep 2023 baseline) to 64.9% (Mar 2026 quarter),"Term unfinished. Volumes and the share treated within four months have risen from the baseline, but the target is far from being met.","The baseline was 62.0% in September 2023. Performance fell to 59.2% in December 2024, then rose to 65.9% in September 2025, 64.5% in December 2025 and 64.9% in the January-March 2026 quarter. Treatment volumes rose from 46,841 to 51,513 elective treatments in the December quarter year on year. Health NZ outsourced work to private hospitals to lift throughput. The target remains about 30 percentage points away.",False,,"Government Targets (Target 2), set March 2024",https://www.dpmc.govt.nz/our-programmes/government-targets,https://www.dpmc.govt.nz/sites/default/files/2026-06/gt-factsheet-target-2-mar26.pdf | https://www.beehive.govt.nz/release/progress-continues-across-all-five-health-targets,False
health-national-dunedin-hospital,health,Health,national,National,manifesto,outcome,partly,"Build the new Dunedin Hospital, including $30 million to restore beds, operating theatres and a PET scanner that had been cut from the design.","351 beds in the new build vs 396 in the old hospital; cost about $1.88b, opening 2031","The hospital is being built and construction is well advanced. But the scope was reduced rather than restored, and the promised restoration of beds and theatres did not occur.","By May 2024 costs had risen above $2 billion and the project was paused. On 26 September 2024 ministers said it could not proceed within budget and proposed scaling it back sharply. About 35,000 people marched in protest in Dunedin on 28 September 2024. On 31 January 2025 Health Minister Simeon Brown confirmed a new inpatient building at about $1.88 billion. It will have 351 beds and 24 theatres, compared with 396 beds in the old hospital. Construction restarted in July 2025, with completion scheduled for 2031. Tower cranes went up in June 2026 and steelwork began in August 2026. The Otago Daily Times reported in May 2026 that the project budget had been lifted to about $2.1 billion.",True,"The Government's reading is that it inherited an unaffordable design heading for a $3 billion blowout, made it deliverable and got construction underway. Local campaigners read it as the coalition cutting a hospital it had promised to enhance, delivering fewer beds than the building it replaces. Both agree on the final numbers: 351 beds, about $1.88b, opening 2031.",National 2023 election campaign commitment on the new Dunedin Hospital,https://en.wikipedia.org/wiki/Dunedin_Hospital,https://www.1news.co.nz/2025/07/03/work-restarts-on-new-18b-dunedin-hospital/ | https://en.wikipedia.org/wiki/Dunedin_Hospital | https://www.beehive.govt.nz/release/new-dunedin-hospital-takes-shape-steel-goes | https://www.odt.co.nz/news/dunedin/health/hospital-build-kitty-boosted-21b,False
health-national-waikato-medical-school,health,Health,national,National,coalition-agreement,act,delivered,"Sign a memorandum of understanding with Waikato University and progress a third medical school, subject to a full cost-benefit analysis presented to Cabinet.",$82.85m Crown funding; 120 extra doctor training places a year from 2028,"The commitment was to progress the school subject to a cost-benefit analysis. That analysis was done, and the school was approved and funded within the term.","A cost-benefit analysis was presented to Cabinet, as the National-ACT agreement required. On 21 July 2025 the Government approved the new Waikato medical school. It has $82.85 million of Crown funding, alongside more than $150 million from the University of Waikato plus philanthropic support. It will be a graduate-entry programme, adding 120 doctor training places a year from 2028, with an emphasis on primary care and rural health. Ground was broken during 2026. The Government separately added 100 more medical training places at Auckland and Otago.",False,,Coalition 100-day plan and National-ACT Coalition Agreement 2023,https://www.russellmcveagh.com/media/h1whr1gg/national-act-nz-first-coalition-government-policies-public-services.pdf,https://www.beehive.govt.nz/release/new-waikato-medical-school-gets-green-light | https://www.beehive.govt.nz/release/ground-broken-waikato-medical-school,False
health-nzfirst-breast-screening-74-2023,health,Health,national,NZ First,manifesto,act,in-progress,Extend free breast cancer screening to those aged up to 74.,"Screening to age 74 promised -> phased rollout started 1 Oct 2025, full coverage due end of 2029","The extension has begun and is funded, but full coverage to age 74 is not due until the end of 2029. This is the same commitment NZ First made in 2017 and did not deliver in the previous era.","Legislation and funding were put in place, and a pilot ran in Nelson and Marlborough from 1 October 2024. The national extension began on 1 October 2025. It is being phased in one year of age at a time each October, through to the end of 2029, when the full 70-74 range will be covered. Health NZ estimates up to 54,000 additional women screened a year once fully implemented, with around 60 invasive cancers a year detected earlier.",False,,NZ First 2023 health policy; also in the National-ACT coalition agreement and the coalition 100-day plan,https://policy.nz/2023/party-vote/policies/health,https://www.tewhatuora.govt.nz/news-and-updates/extending-the-age-for-free-breast-screening-to-save-lives,False
health-nzfirst-three-day-postnatal-stay,health,Health,national,NZ First,coalition-agreement,act,largely,"Fund birthing units and maternity care properly, including providing for a three day stay for new mothers.","3-day postnatal stay promised -> $34.4m over 4 years in Budget 2026, bill still before Parliament in Aug 2026","Funding is committed and the legislation adopted, but the entitlement was not yet law at the end of the period assessed.","The Government adopted a member's bill from National MP Catherine Wedd in September 2025, creating an entitlement to a three-day postnatal stay. Budget 2026 allocated $34.4 million over four years to expand maternity capacity, infrastructure and workforce so longer stays can be delivered. As at August 2026 the Three Day Postnatal Stay Amendment Bill was still going through Parliament, so the legal entitlement was funded but not yet in force. The New Zealand College of Midwives argued the funding should be usable flexibly rather than tied to inpatient stays.",False,,National-NZ First Coalition Agreement 2023,https://assets.nationbuilder.com/nzfirst/pages/4462/attachments/original/1700784896/National___NZF_Coalition_Agreement_signed_-_24_Nov_2023.pdf,https://www.beehive.govt.nz/release/increased-support-mothers-and-babies | https://www.midwife.org.nz/news/34m-in-funding-for-3-day-postnatal-stay-must-be-used-flexibly/,False
health-national-nursing-midwifery-bonding,health,Health,national,National,coalition-agreement,other,partly,"Encourage more people to study nursing and midwifery, and to stay here, with a bonding scheme.","Bonding scheme promised -> up to 400 graduate nurses a year given $15,000-$20,000 incentives; about 1,800 graduate nurse roles offered in 2026",Financial incentives for graduate nurses were introduced and graduate placements grew. But this was a targeted recruitment payment rather than the general study-and-stay bonding scheme described in the 100-day plan.,"On 3 March 2025 the Government announced about $30 million over five years in recruitment incentives. These would place up to 400 graduate registered nurses a year into primary and community care, at $20,000 per nurse in rural areas and $15,000 in cities. The package also included 100 clinical placements for overseas-trained doctors and a $285 million performance-based uplift for general practice from 1 July 2025. By July 2026 Health NZ was offering around 1,800 graduate nurse roles a year, up from 1,716 offers the previous year. Over the preceding 12 months, 1,845 graduate registered nurses were employed across the wider health sector.",False,,Coalition 100-day plan 2023,https://www.russellmcveagh.com/media/h1whr1gg/national-act-nz-first-coalition-government-policies-public-services.pdf,https://www.beehive.govt.nz/release/healthcare-boost-means-seeing-gp-faster | https://www.beehive.govt.nz/release/homegrown-nursing-workforce-continues-grow,False
gapfill-national-nzf-covid-vaccine-mandates,health,Health,national,NZ First,coalition-agreement,act,largely,End all Covid-19 vaccine mandates still in operation.,All remaining mandates to end -> government mandates already revoked in 2022; no action on employer mandates by Aug 2026,"The promised end state, no government Covid-19 vaccine mandates in operation, holds. But it was already true when the promise was made, and no action was taken on the employer-imposed requirements that remained.","All government-imposed Covid-19 vaccination requirements, including those for health, disability and corrections workers, had already been revoked in late 2022 under the previous government. That was more than a year before the coalition agreement was signed on 24 November 2023. What remained were vaccination requirements imposed by individual employers under their own health and safety assessments. In May 2024 Health Minister Shane Reti said the Government was still working out what the commitment covered, asking 'what was exactly meant by that? Was it also meant to cover the workplace mandates as well?' NZ First said it was 'still working through the details'. No order, regulation or Act removing or prohibiting employer-imposed vaccination requirements had been made by August 2026.",True,"Read narrowly, the commitment was satisfied on day one: no government mandates were in operation, so nothing needed to be ended. Read as supporters of the policy understood it, it covered workplace vaccination requirements still being applied by employers, and on that reading nothing was delivered. The Government itself said publicly that it was unsure which reading applied.","National. NZ First Coalition Agreement, 24 November 2023 (Strengthening Democracy and Freedoms)",https://assets.nationbuilder.com/nzfirst/pages/4462/attachments/original/1700784896/National___NZF_Coalition_Agreement_signed_-_24_Nov_2023.pdf,https://www.hcamag.com/nz/specialisation/employment-law/will-new-zealand-end-covid-19-vaccine-mandates-in-workplaces/489945 | https://www.stuff.co.nz/politics/350459889/confusion-surrounds-coalition-s-covid-19-vaccine-mandate-pledge-nz-first-still-working-through-the-details,False
gapfill-national-nzf-medsafe-30-day-approval,health,Health,national,NZ First,coalition-agreement,act,delivered,Require Medsafe to approve new pharmaceuticals within 30 days of them being approved by at least two overseas regulatory agencies.,30-day approval after 2 overseas regulators -> legislated 12 November 2025,The 30-day rule and the two-overseas-regulator test were legislated in the terms set out in the agreement.,"The Medicines Amendment Bill passed its third reading on 12 November 2025. It allows medicines already approved by two or more recognised overseas regulators to receive ministerial approval in New Zealand within 30 days. The recognised regulators are those of Australia, the United States, Canada, the United Kingdom, the European Union, Singapore and Switzerland. Health Minister Simeon Brown and Associate Health Minister David Seymour said the change would shave months off the approval process at no cost. The change came almost two years into the term.",False,,"National. NZ First Coalition Agreement, 24 November 2023 (Health)",https://assets.nationbuilder.com/nzfirst/pages/4462/attachments/original/1700784896/National___NZF_Coalition_Agreement_signed_-_24_Nov_2023.pdf,https://www.rnz.co.nz/news/political/578629/law-ensuring-approval-of-new-medicines-allowed-in-other-countries-passes-in-parliament | https://www.health.govt.nz/regulation-legislation/medicines-legislation/regulating-medicines-medical-devices-and-natural-health-products/documents-on-the-medical-products-bill,False
gapfill-national-nzf-repeal-therapeutic-products-act,health,Health,national,NZ First,coalition-agreement,act,delivered,Repeal the Therapeutic Products Act 2023.,Repeal promised -> Therapeutic Products Act 2023 repealed 13 December 2024,"The Act was repealed as promised. The promise was to repeal, not to replace.","Repeal of the Act appeared in the Government's 100-day plan announced in December 2023. The Therapeutic Products Act Repeal Bill was introduced in 2024 and passed on 13 December 2024, becoming the Therapeutic Products Act Repeal Act 2024 (2024 No 55). Associate Health Minister Casey Costello said the Medicines Act 1981 and the Dietary Supplements Regulations 1985 would keep applying while replacement regulation was developed. Cabinet had agreed in September 2024 to develop separate legislation for medicines and medical devices, and standalone legislation for natural health products. That replacement legislation had not been enacted as at August 2026.",False,,"National. NZ First Coalition Agreement, 24 November 2023 (Health)",https://assets.nationbuilder.com/nzfirst/pages/4462/attachments/original/1700784896/National___NZF_Coalition_Agreement_signed_-_24_Nov_2023.pdf,https://www.legislation.govt.nz/act/public/2024/0055/latest/whole.html | https://www.scoop.co.nz/stories/PA2412/S00157/therapeutic-products-act-repeal-bill-passed.htm | https://www.bellgully.com/insights/therapeutic-products-business-as-usual-for-the-moment-but-the-rationale-for-reform-remains/,False
housing-labour-kiwibuild,housing,Housing,labour,Labour,manifesto,act,not-delivered,"Build 100,000 affordable homes over 10 years through KiwiBuild, including 1,000 in the first year.","100,000 homes over 10 years -> approx 2,229 completed by Dec 2023","The promising party formally abandoned the headline target in 2019, and delivery reached roughly 2 per cent of the promised number by the end of the term.","KiwiBuild launched in 2018, with $2 billion of capital allocated in December 2017. By 23 January 2019 only 33 homes had been built, and Housing Minister Phil Twyford conceded the 1,000-home first-year target would be missed. On 4 September 2019 incoming Housing Minister Megan Woods announced a 'reset'. It scrapped the 100,000-home target entirely, replacing it with progressive home ownership and lower deposit requirements. About 2,229 KiwiBuild homes had been completed by December 2023.",False,,Labour 2017 manifesto / KiwiBuild campaign policy,https://en.wikipedia.org/wiki/KiwiBuild,https://www.nzherald.co.nz/nz/kiwibuild-reset-government-axes-its-100000-homes-over-10-years-target/AP2SYCESGXEEE6A3GWOOSDWM7Y/ | https://www.stuff.co.nz/national/politics/300347258/kiwibuild-reaches-first-target--two-years-late-15000-homes-behind-schedule,False
housing-labour-foreign-buyer-ban,housing,Housing,labour,Labour,manifesto,act,delivered,Ban non-resident overseas buyers from buying existing residential homes in New Zealand.,Ban promised -> in force 22 Oct 2018 (Australia and Singapore exempt),"Legislated and in force within the first year of the term, substantially as promised, with the trade-treaty exemptions that were flagged at the time.","The Overseas Investment Amendment Bill was introduced on 14 December 2017, passed its third reading on 15 August 2018 and received Royal assent on 22 August 2018. It took effect on 22 October 2018. It reclassified existing residential land as 'sensitive land', so most people who are not New Zealand citizens or permanent-resident-visa holders can no longer buy an existing house. Australian and Singaporean citizens are exempt under trade arrangements, and overseas persons may still buy to develop new housing.",False,,Labour 2017 campaign commitment to ban non-resident foreign buyers of existing homes,https://www.cnbc.com/2017/10/25/new-zealand-property-ban-to-take-effect-on-foreign-buyers.html,https://en.wikipedia.org/wiki/Overseas_Investment_Amendment_Act_2018,False
housing-labour-healthy-homes,housing,Housing,labour,Labour,manifesto,act,largely,"Require every rental home to be warm and dry, by setting enforceable minimum standards for heating, insulation, ventilation, moisture and draught stopping.",All rentals compliant by 1 July 2024 -> final private-rental deadline moved to 1 July 2025,"The legislation and standards were delivered early in the term. But the deadline for full private-rental compliance was extended, and fell after the promising government left office.","The Healthy Homes Guarantee Act passed its third reading 63-57 on 29 November 2017 and received Royal assent on 4 December 2017. The detailed Healthy Homes Standards regulations came into force on 1 July 2019. Compliance was phased: boarding houses from 1 July 2021, Kāinga Ora and registered community housing providers from 1 July 2024, and all private rentals by 1 July 2025. That last date was pushed back during the term from the original 1 July 2024 final deadline. Ceiling-insulation exemptions were reinstated for some homes from 25 September 2025.",False,,Labour 2017 manifesto / Healthy Homes Guarantee Bill,https://en.wikipedia.org/wiki/Healthy_Homes_Guarantee_Act_2017,https://www.hud.govt.nz/our-work/healthy-homes-standards | https://www.tenancy.govt.nz/about-tenancy-services/news/healthy-homes-standards-final-deadline-1-july-2025/,False
housing-labour-public-homes-18000,housing,Housing,labour,Labour,manifesto,outcome,largely,"Deliver 18,000 additional public and transitional housing places by 2024.","18,000 public and transitional places by 2024 -> 12,017 net additional public homes plus 4,000+ transitional places by June 2023","The build programme was the largest since the 1970s, and the combined public plus transitional total was close to the 18,000 places promised. But it did not arrest growth in the waiting list.","By June 2023 the Government reported a net increase of 12,017 public homes since October 2017, 9,917 of them new builds. That took total public homes to 78,251, plus more than 4,000 additional transitional housing places, with over 4,500 public housing places under construction. Budget 2023 funded a further 3,000 public homes by June 2025. Demand outstripped supply: the social housing register stood at 25,483 applicants in late 2023, well above 2017 levels.",False,,"Labour 2020 election platform, public housing build programme",https://en.wikipedia.org/wiki/Sixth_Labour_Government_of_New_Zealand,https://www.beehive.govt.nz/release/labour-delivers-12000-more-public-homes | https://www.beehive.govt.nz/release/more-social-homes-better-targeted,False
housing-labour-tenancy-security,housing,Housing,labour,Labour,manifesto,outcome,delivered,"Reform the Residential Tenancies Act to improve security of tenure for renters, including removing no-cause terminations and limiting rent increases.",No-cause terminations removed and rent rises limited to once a year -> both enacted in 2020,The promised statutory changes were enacted and in force for the rest of the term. A different government reversed them later.,The Residential Tenancies Amendment Act 2020 removed the landlord's ability to end a periodic tenancy without giving a reason. It also eliminated rental bidding and limited rent increases to once every 12 months. The changes took effect during the 2020-2023 term and remained in force at the October 2023 handover. The incoming government reversed them from 30 January 2025.,False,,"Labour renters policy (2017 and 2020 terms), restated in Labour's 2023 housing platform",https://thespinoff.co.nz/politics/12-10-2023/election-2023-the-housing-policies-in-two-minutes,https://en.wikipedia.org/wiki/Sixth_Labour_Government_of_New_Zealand | https://www.hud.govt.nz/our-work/residential-tenancies-amendment-act-2024,False
housing-greens-homes-for-all,housing,Housing,labour,Greens,manifesto,outcome,not-delivered,"Build 5,000 new public and community homes a year, lift Kāinga Ora's borrowing cap from $7.1 billion to $12 billion, and clear the social housing waiting list within five years.","5,000 homes a year and waiting list cleared by 2025 -> approx 2,000 a year, register at 25,483 in late 2023","None of the three parts was achieved: the annual build rate, the borrowing cap change, or the waiting-list target. The Greens did not hold the housing portfolio in Cabinet.","The Labour-led government the Greens supported did not adopt the policy. Public housing delivery ran at roughly 2,000 net additional homes a year rather than 5,000. The net increase was 12,017 public homes over the six years to June 2023. The social housing register was not cleared. It stood at 25,483 applicants in late 2023, higher than when the policy was announced.",False,,"Green Party 2020 'Homes for All' housing policy, released 9 August 2020",https://www.interest.co.nz/property/106435/greens-borrow-5-billion-more-build-5000-homes-year-and-clear-social-housing-list,https://www.beehive.govt.nz/release/labour-delivers-12000-more-public-homes | https://www.beehive.govt.nz/release/more-social-homes-better-targeted,False
housing-greens-rent-to-own,housing,Housing,labour,Greens,coalition-agreement,other,partly,"Develop a rent-to-own scheme or similar progressive home ownership models as part of the KiwiBuild programme, with a set allocation of KiwiBuild homes.",,"Progressive home ownership products were created, but not as a defined allocation within KiwiBuild, and at modest scale.","No dedicated rent-to-own allocation was carved out of KiwiBuild as originally described. The September 2019 KiwiBuild reset instead introduced alternative ownership products, including rent-to-own style models and a reduced 5 per cent deposit requirement. A separate Progressive Home Ownership Fund, with the First Home Partner shared-equity scheme, was established from 2020. Volumes under these schemes were small next to the KiwiBuild programme.",False,,"Labour-Green Party Confidence and Supply Agreement, October 2017",https://www.interest.co.nz/news/90522/greens-outline-confidence-and-supply-agreement-new-government-which-includes-20-policy,https://en.wikipedia.org/wiki/KiwiBuild | https://thespinoff.co.nz/politics/12-10-2023/election-2023-the-housing-policies-in-two-minutes,False
housing-nzfirst-overseas-investment-register,housing,Housing,labour,NZ First,coalition-agreement,act,largely,Strengthen the Overseas Investment Act and create a comprehensive register of foreign-owned land and housing.,"Two commitments -> ban delivered Oct 2018, comprehensive foreign ownership register not established","The main limb, strengthening the Overseas Investment Act, was delivered in full early in the term. The separate comprehensive register was not created as described.","The Overseas Investment Amendment Act 2018 received Royal assent on 22 August 2018 and took effect on 22 October 2018. It made existing residential land 'sensitive' and in practice barred most non-resident foreign buyers, with penalties of up to $20,000 for non-compliance. A single comprehensive public register of foreign-owned land and housing was not established as a standalone instrument. Monitoring continued through existing Overseas Investment Office consent records and Statistics New Zealand property transfer data.",False,,"Labour-NZ First Coalition Agreement, 24 October 2017",https://www.nzherald.co.nz/nz/labour-nz-first-coalition-at-a-glance/OGW5YCYCI4D4AHS6YIS64UKZNA/,https://en.wikipedia.org/wiki/Overseas_Investment_Amendment_Act_2018,False
housing-national-interest-deductibility,housing,Housing,national,National,manifesto,act,delivered,"Restore full interest deductibility for residential rental property owners, reversing Labour's 2021 interest limitation rules.","Full deductibility restored -> 80% from 1 Apr 2024, 100% from 1 Apr 2025",Full deductibility was restored on the announced timetable within the term.,"Finance Minister Nicola Willis confirmed the commitment in December 2023. On 10 March 2024 the Government announced the phasing: 80 per cent of interest expenses deductible from 1 April 2024, and 100 per cent from 1 April 2025. The change was legislated and took effect on those dates.",False,,National 2023 election housing and tax policy,https://thespinoff.co.nz/politics/12-10-2023/election-2023-the-housing-policies-in-two-minutes,https://www.beehive.govt.nz/release/government-agrees-restore-interest-deductions | https://www.beehive.govt.nz/release/first-steps-tax-and-income-relief-announced,False
housing-national-brightline-two-years,housing,Housing,national,National,manifesto,outcome,delivered,Reduce the bright-line test on residential property from 10 years back to two years.,10 years -> 2 years from 1 July 2024,Delivered in full and on the date announced.,The Government announced in December 2023 that the bright-line test would return to two years from 1 July 2024. The change was legislated and took effect on that date. Properties sold from 1 July 2024 are only caught if held for less than two years.,False,,National 2023 election housing and tax policy,https://thespinoff.co.nz/politics/12-10-2023/election-2023-the-housing-policies-in-two-minutes,https://www.beehive.govt.nz/release/first-steps-tax-and-income-relief-announced,False
housing-national-no-cause-terminations,housing,Housing,national,National,manifesto,act,delivered,"Bring back 90-day no-cause terminations for periodic tenancies, and remove the automatic rollover of fixed-term tenancies.",90-day no-cause notice restored -> in force 30 Jan 2025,Both limbs were legislated and in force within about 14 months of taking office.,"The Residential Tenancies Amendment Act 2024 was passed, and the main changes took effect on 30 January 2025. Landlords can again end a periodic tenancy with 90 days' notice and no stated ground. Notice for specified grounds fell to 42 days, and tenant notice to 21 days. Either party can end a fixed-term tenancy at expiry with between 90 and 21 days' notice and no reason required. This applies to fixed terms expiring on or after 1 May 2025.",False,,National 2023 election housing policy,https://thespinoff.co.nz/politics/12-10-2023/election-2023-the-housing-policies-in-two-minutes,https://www.hud.govt.nz/our-work/residential-tenancies-amendment-act-2024,False
housing-national-foreign-buyer-tax,housing,Housing,national,National,manifesto,outcome,superseded,"Allow foreign buyers to buy homes worth more than $2 million, taxed at 15 per cent, raising around $700 million a year to help fund tax cuts.","$2m threshold with 15% tax and approx $700m a year -> dropped; $5m threshold for investor-visa holders from early 2026, no 15% tax",The manifesto policy was abandoned in coalition negotiation before the Government took office. The later $5 million investor-visa change is a materially narrower policy.,"The policy was dropped in the November 2023 coalition negotiations after NZ First refused to accept it, and the tax package was refinanced from other sources. A narrower change was made later. Parliament passed amendments under urgency in December 2025. They allow holders of the Active Investor Plus 'golden visa', who invest at least $5 million, to buy or build a home, effective early 2026. Officials estimated only about 5,000 to 6,000 properties nationally sit above the $5 million threshold, under 0.5 per cent of housing stock.",False,,"National 2023 tax plan, announced 30 August 2023",https://www.nzherald.co.nz/nz/politics/election-2023-national-tax-cuts-luxon-unveils-146b-plan-foreign-homebuyers-to-foot-bill/IMWYSQWTB5ELVFJLRNSJL4XTR4/,https://www.rnz.co.nz/news/political/582054/what-changes-to-new-zealand-s-foreign-buyers-real-estate-ban-will-mean | https://en.wikipedia.org/wiki/Overseas_Investment_Amendment_Act_2018,False
housing-national-first-home-grant,housing,Housing,national,National,manifesto,act,abandoned,"Retain the First Home Grant for first-home buyers (in contrast to ACT, which campaigned to abolish it).","First Home Grant retained -> abolished 22 May 2024; $245m of savings, $140m redirected to approx 1,500 social homes","The scheme National said it would keep was scrapped by National in its first Budget, six months into the term.","On 22 May 2024, as part of Budget 2024, the Government announced the immediate abolition of the First Home Grant. Kāinga Ora stopped accepting new applications from that date, though existing applications were processed. Housing Minister Chris Bishop said the grant was an expensive and inefficient way to support first home buyers. Its value had fallen from nearly 10 per cent of a standard deposit in 2010 to just over 4 per cent in 2024. The change saved $245 million over the four-year forecast period. Of that, $140 million was redirected to about 1,500 new social housing places delivered by community housing providers. The First Home Loan was retained.",False,,National 2023 election housing policy (support for retaining the First Home Grant),https://thespinoff.co.nz/politics/12-10-2023/election-2023-the-housing-policies-in-two-minutes,https://www.1news.co.nz/2024/05/22/budget-2024-first-home-grant-cut-1500-social-homes-in-its-place/ | https://www.interest.co.nz/property/127882/k%C4%81inga-ora-will-not-accept-any-new-applications-first-home-grant-which-will-be,False
housing-national-mdrs-optional,housing,Housing,national,National,manifesto,other,partly,"Allow councils to opt out of the mandatory Medium Density Residential Standards, while requiring them to zone for housing growth.",MDRS optional for all councils -> opt-out enacted for Auckland and Christchurch (Aug 2025); wider changes still in progress,"Auckland and Christchurch were enabled to opt out, and the policy framework is set. But the general opt-out and the 30-year zoning obligations were not yet law for most councils at August 2026, and the term is unfinished.","Going for Housing Growth stage one was announced on 4 July 2024. The MDRS would become optional, subject to a council ratification vote. Tier 1 and 2 councils would have to live-zone at least 30 years of feasible housing capacity, up from three years. Minimum floor area and balcony rules would be abolished, and Auckland's Rural-Urban Boundary removed. The Resource Management (Consenting and Other System Changes) Amendment Act came into force in August 2025. It provides a process for Auckland and Christchurch to opt out of the MDRS. The wider Pillar 1 package for other councils was still being consulted on and legislated as at August 2026. A submissions summary is due later in 2026.",False,,National 2023 housing policy and National-ACT coalition agreement (flexibility of the Medium Density Residential Standards),https://thespinoff.co.nz/politics/12-10-2023/election-2023-the-housing-policies-in-two-minutes,https://www.beehive.govt.nz/release/going-housing-growth-stage-one-unveiled | https://www.hud.govt.nz/our-work/going-for-housing-growth-programme,False
housing-national-emergency-housing-target,housing,Housing,national,National,coalition-agreement,outcome,delivered,Reduce the number of households living in emergency housing motels by 75 per cent by 2030.,"75% reduction by 2030 -> 3,141 households (Dec 2023) to 591 (Dec 2024) and 471 (May 2026)","The stated numeric target was met, and exceeded, five years ahead of the deadline.","Households in emergency housing motels fell from a peak of 4,983 in November 2021, and 3,141 in December 2023, to 591 in December 2024. That is an 81 per cent reduction against the December 2023 baseline. The Government announced on 24 January 2025 that the target had been met five years early. Numbers fell further, to 471 households by May 2026. The reduction followed the Priority One policy for families with children, tighter eligibility gateways and expanded social housing supply. In August 2026 the Ministry of Social Development removed the emergency-housing reduction measures from regional performance letters. It said numbers were expected to stay broadly stable.",True,"The Government says the fall reflects people moving into stable housing, supported by more social homes and Housing First places. It points to $24.5 million for homelessness services and 300 new Housing First placements. Critics, including the Auckland City Mission, opposition parties and frontline charities, say the target gave Ministry of Social Development staff an incentive to decline applications. The City Missioner described staff as 'perversely incentivised to say no'. Critics also say rough sleeping rose over the same period. MSD dropped the related staff performance measures in August 2026. Both readings accept the headline motel numbers. They differ on where the people went.","Coalition Government Targets, announced 2024",https://www.beehive.govt.nz/release/emergency-housing-target-achieved-five-years-early,https://www.beehive.govt.nz/release/emergency-housing-target-achieved-five-years-early | https://newswire.co.nz/2026/06/labour-scrap-emergency-housing-targets/ | https://www.scoop.co.nz/stories/PO2608/S00046/performance-targets-linked-to-reducing-emergency-housing-numbers-dropped.htm,False
housing-national-kainga-ora-review,housing,Housing,national,National,coalition-agreement,procedural,delivered,"Conduct an independent review of Kāinga Ora's financial situation, procurement and asset management, and act on its findings.",Independent review promised -> delivered May 2024; peak debt forecast cut from approx $29b to $19.5b by 2029/30,"The review was commissioned, completed, published and acted on within the term, with a published turnaround plan and reported results against it.","The review was commissioned in December 2023 and released on 20 May 2024. It was led by Sir Bill English with Ceinwen McNeill and Simon Allen. It found the agency was underperforming and not financially viable without significant savings. It also found debt had risen from $2.3 billion in 2017/18 to $16.5 billion in 2023/24. Cabinet reconstituted the board, appointing Simon Moutter as chair from 4 June 2024. It also issued a new Letter of Expectations and required a turnaround plan, which was released 4 February 2025. In 2024/25 Kāinga Ora delivered $211 million of operating savings against a $41 million target, and 2,564 net new homes against a 2,230 target. Peak debt forecasts were cut from about $29 billion to $19.5 billion by 2029/30. Around 321 jobs were cut in September 2024.",False,,"Coalition Government commitment to an independent review of Kāinga Ora, announced December 2023",https://www.hud.govt.nz/news/government-releases-the-independent-review-of-kainga-ora,https://www.beehive.govt.nz/release/turnaround-plan-get-k%C4%81inga-ora-back-track | https://www.beehive.govt.nz/release/k%C4%81inga-ora%E2%80%99s-turnaround-plan-working,False
housing-national-granny-flats,housing,Housing,national,National,coalition-agreement,other,delivered,Allow a granny flat of up to 70 square metres to be built without a building consent or a resource consent.,70 sqm granny flats consent-free -> in force January 2026,"Both the building and resource consent exemptions were legislated and in force, at the promised 70 square metre size.","The Building and Construction (Small Standalone Dwellings) Bill passed on 23 October 2025. It created a building consent exemption for simple standalone dwellings of up to 70 square metres that comply with the Building Code and are built by authorised building professionals. The council must be notified before and after the work. A National Environmental Standard for Detached Minor Residential Units removed the resource consent requirement, and the combined regime was in place from January 2026. On 28 April 2026 the Government announced further changes, to allow off-site construction before a Project Information Memorandum is issued and to cover CodeMark-certified structural insulated panels. These are to be made by Order in Council in the third quarter of 2026. MBIE reported more than 52,000 downloads of the guidance within months.",False,,"Coalition Government policy programme, granny flats consent exemption (announced 2024)",https://www.mbie.govt.nz/about/news/granny-flats-exemption-in-place-from-early-2026,https://www.beehive.govt.nz/release/updated-granny-flat-rules-increase-choice | https://www.mbie.govt.nz/about/news/granny-flats-exemption-in-place-from-early-2026,False
housing-act-first-home-grant-abolish,housing,Housing,national,ACT,manifesto,act,delivered,Abolish the First Home Grant and the progressive home ownership scheme.,First Home Grant abolished -> closed to new applicants 22 May 2024,"The First Home Grant, the central element of the policy, was abolished in the Government's first Budget.","Budget 2024, announced on 22 May 2024, scrapped the First Home Grant with immediate effect, and Kāinga Ora accepted no new applications from that date. The change saved $245 million over four years, with $140 million redirected to around 1,500 community housing provider social homes. The First Home Loan was retained. Progressive home ownership funding was later folded into the Government's contestable Flexible Fund arrangements.",False,,ACT 2023 election housing policy,https://thespinoff.co.nz/politics/12-10-2023/election-2023-the-housing-policies-in-two-minutes,https://www.1news.co.nz/2024/05/22/budget-2024-first-home-grant-cut-1500-social-homes-in-its-place/ | https://www.interest.co.nz/property/127882/k%C4%81inga-ora-will-not-accept-any-new-applications-first-home-grant-which-will-be,False
housing-act-pet-bonds,housing,Housing,national,ACT,manifesto,outcome,delivered,"Allow landlords to charge a pet bond, so that more rentals will accept pets.",Pet bond allowed -> up to 2 weeks' rent from 1 Dec 2025,"Legislated as promised, in force from 1 December 2025.","The Residential Tenancies Amendment Act 2024 introduced pet provisions that took effect on 1 December 2025. Landlords may require a pet bond of up to two weeks' rent. Tenants must get written consent to keep a pet, and a landlord may refuse only on reasonable grounds.",False,,ACT 2023 election housing policy (adopted in the National-ACT coalition agreement),https://thespinoff.co.nz/politics/12-10-2023/election-2023-the-housing-policies-in-two-minutes,https://www.hud.govt.nz/our-work/residential-tenancies-amendment-act-2024 | https://www.nzherald.co.nz/nz/new-government-coalition-details-at-a-glance-what-you-need-to-know/FBTX3E6HXREFXDTOA6AA5K7IUQ/,False
housing-act-abolish-brightline,housing,Housing,national,ACT,manifesto,outcome,not-delivered,Eliminate the bright-line test on residential property entirely.,"Bright-line abolished -> reduced to 2 years, still in force at Aug 2026","The test was shortened rather than eliminated, so ACT's specific promise did not happen.","The coalition adopted National's policy instead. The bright-line test was reduced from 10 years to two years with effect from 1 July 2024, but was not abolished. Sales within two years of purchase remain taxable. No proposal to remove the test altogether was advanced during the term.",False,,ACT 2023 election housing and tax policy,https://thespinoff.co.nz/politics/12-10-2023/election-2023-the-housing-policies-in-two-minutes,https://www.beehive.govt.nz/release/first-steps-tax-and-income-relief-announced,False
housing-nzfirst-density-rules,housing,Housing,national,NZ First,manifesto,other,partly,Oppose and unwind the National Policy Statement on Urban Development and the Medium Density Residential Standards.,Remove NPS-UD and MDRS -> MDRS made optional for Auckland and Christchurch; NPS-UD retained,"The MDRS limb was largely advanced. But the NPS-UD was kept rather than removed, and intensification obligations on councils were extended.","The MDRS were made optional in policy from July 2024. The Resource Management (Consenting and Other System Changes) Amendment Act, in force August 2025, gave Auckland and Christchurch a route to opt out. Further changes for other councils were still in the legislative pipeline at August 2026. The coalition kept the NPS-UD, retaining and in places strengthening intensification requirements, and added obligations to zone 30 years of housing capacity. A replacement planning system to succeed the Resource Management Act was announced in December 2025.",False,,NZ First 2023 election housing policy,https://thespinoff.co.nz/politics/12-10-2023/election-2023-the-housing-policies-in-two-minutes,https://www.beehive.govt.nz/release/going-housing-growth-stage-one-unveiled | https://www.hud.govt.nz/our-work/going-for-housing-growth-programme,False
gapfill-greens-homelessness-action-plan,housing,Housing,labour,Greens,coalition-agreement,other,largely,"Take action on homelessness through the Aotearoa New Zealand Homelessness Action Plan, a cross-agency plan backed by over $300 million. It committed to 1,000 additional transitional housing places and 18 immediate actions.","1,000 additional transitional housing places by end 2020 -> 1,005 delivered as at February 2021","The named plan and its numeric transitional housing target were delivered on time. But homelessness, as measured by emergency housing and register numbers, rose across the term.","The plan was launched on 13 February 2020 with over $300 million in extra funding. It committed to 1,000 additional transitional housing places by the end of 2020, on top of more than 1,300 already created. Marama Davidson took the Homelessness portfolio in November 2020. The second progress report, released 15 May 2021, recorded 1,005 transitional housing places delivered as at February 2021. It also recorded about $4 million through the Local Innovation Fund for seven initiatives, 37 projects funded through He Taupua, and 342 households engaged in a rapid rehousing pilot with 140 housed. All 18 immediate actions got under way. Against that, households in emergency housing motels and the number on the public housing register both rose sharply over the term. The 2023 Census recorded continued severe housing deprivation.",True,"Supporters point out the plan's own targets were met or exceeded, and that it was the first cross-agency homelessness plan. Critics note the plan's stated purpose was to reduce homelessness. They point out that emergency housing motel numbers and the public housing register both grew sharply while it was in force.","Labour-Greens Cooperation Agreement 2020, action on homelessness, with Marama Davidson as Associate Minister of Housing (Homelessness)",https://www.scoop.co.nz/stories/PA2010/S00117/cooperation-agreement-between-the-nz-labour-party-and-the-green-party-of-aotearoa-nz.htm,https://www.beehive.govt.nz/release/government-steps-action-prevent-homelessness | https://www.scoop.co.nz/stories/PA2105/S00131/report-shows-progress-on-homelessness-action-plan.htm | https://www.hud.govt.nz/our-work/aotearoa-new-zealand-homelessness-action-plan-2020-2023,False
immigration-labour-net-migration-cut,immigration,Immigration,labour,Labour,manifesto,outcome,not-delivered,"Reduce net migration by 20,000 to 30,000 a year, mainly by tightening student visas and low-skilled work visas.","cut of 20,000-30,000 a year promised -> net migration gain of 126,000 in the December 2023 year, a record","By the October 2023 handover, net migration was at a record high rather than 20,000-30,000 lower. The policy package was never scaled to deliver the promised cut.","Jacinda Ardern confirmed in October 2017 that the coalition negotiation had not changed Labour's policy. The detailed package announced in mid-2018 tightened post-study work visas. Officials estimated it would affect only 9,000 to 12,000 of about 18,266 post-study visa holders. By then the government was calling the 20,000-30,000 figure an estimate rather than a commitment. Net migration then fell sharply for reasons unrelated to policy when the border closed in March 2020, and turned negative during 2021-22. After the border reopened it rebounded to a record. There was a net gain of 126,000 in the December 2023 year, and 245,600 migrant arrivals in the year to October 2023, up 165 percent on the year before. Along the way the government granted residence to 212,649 people through the one-off 2021 Resident Visa.",True,"Labour argues COVID-19 distorts the comparison. The border was shut for two years, then a catch-up surge followed reopening, so no year in the term was a normal test of the policy. Critics note the target was quietly downgraded to an 'estimate' in 2018, before COVID. They also note the government chose to grant residence to more than 212,000 people and to reopen work visa settings after 2021.",Labour 2017 immigration policy,https://www.rnz.co.nz/news/political/342077/ardern-confirms-labour-s-immigration-target-to-hold-sway,https://newsroom.co.nz/2018/06/01/immigration-cuts-finally-revealed/ | https://www.stats.govt.nz/news/net-migration-remains-near-record-level/ | https://www.stats.govt.nz/information-releases/international-migration-october-2023/,False
immigration-labour-nzf-10000-net-migration,immigration,Immigration,labour,NZ First,manifesto,outcome,superseded,"Cut net migration to around 10,000 a year.","10,000 net migration a year sought -> no migration number in the signed coalition agreement","The 10,000 target was dropped in the coalition negotiation and does not appear in the signed agreement.","NZ First campaigned on a net migration figure roughly a fifth of Labour's. Labour's policy prevailed in the coalition negotiation. Jacinda Ardern said on 21 October 2017 that 'Labour's policy remains absolutely unchanged as a result of these negotiations'. The signed coalition agreement contained no net migration number at all. It committed only to ensure work visas reflect genuine skills shortages, cut down on low-quality international education courses, and act on migrant exploitation.",False,,NZ First 2017 immigration policy,https://www.rnz.co.nz/news/political/342077/ardern-confirms-labour-s-immigration-target-to-hold-sway,https://www.mcguinnessinstitute.org/wp-content/uploads/2025/03/WP202007-202009-AnalysisOfThe2017Labour-FINAL.pdf,False
immigration-labour-nzf-work-student-visas,immigration,Immigration,labour,NZ First,coalition-agreement,outcome,largely,Ensure work visas issued reflect genuine skills shortages and cut down on low quality international education courses.,,The visa settings were changed broadly as described. The effect on overall student numbers was smaller and less even than intended.,"Changes announced in 2018 came into force in late November 2018. They removed employer-assisted post-study work visas and gave graduates at bachelor's level and above a three-year open post-study work visa. Students studying below degree level had to complete two years of study to qualify for a one-year visa. Partner and dependent rights were restricted to students in long-term skill shortage areas at postgraduate level. First-time student visas were down 7 percent in the year to May 2019, though applications from some markets rose. An independent review of the coalition agreement recorded the commitment as fully implemented.",False,,"Labour-NZ First coalition agreement, October 2017",https://www.mcguinnessinstitute.org/wp-content/uploads/2025/03/WP202007-202009-AnalysisOfThe2017Labour-FINAL.pdf,https://newsroom.co.nz/2018/06/01/immigration-cuts-finally-revealed/ | https://www.rnz.co.nz/news/national/391498/the-unintended-consequences-of-tightening-student-visas,False
immigration-labour-nzf-migrant-exploitation,immigration,Immigration,labour,NZ First,coalition-agreement,other,partly,"Take serious action on migrant exploitation, particularly of international students.","action on migrant exploitation promised -> Migrant Exploitation Protection Visa from 1 Jul 2021, but 145 employer accreditations revoked and a critical review of the AEWV in Feb 2024","Real protections were built. But the same government's flagship work visa scheme created large-scale exploitation risk, and a formal review found the agency should have done more to prevent it.","MBIE ran a Temporary Migrant Worker Exploitation Review from 2018, backed by $50 million over four years. From 1 July 2021 a Migrant Exploitation Protection Visa let exploited migrants leave an employer and stay lawfully for up to six months. It came with a dedicated 0800 reporting line and extra funding for Immigration NZ and Employment NZ investigators. Against that, the Accredited Employer Work Visa (AEWV) scheme introduced in July 2022 became the largest source of exploitation complaints. An independent assurance review released on 27 February 2024 found serious weaknesses in employer accreditation and job checks. There were nearly 33,000 accredited employers, over 108,000 approved AEWV applications, 145 accreditations revoked and 53 suspended. MBIE accepted all findings and all 10 recommendations. The Human Rights Commission published a critical human rights review of the scheme in 2024.",True,"The government points to the Migrant Exploitation Protection Visa, the $50m package and increased enforcement as delivery of the commitment. Critics say the AEWV, launched under the same government, enabled exploitation on a scale that outweighed those protections. MBIE itself accepted it 'should have done more' on risk.","Labour-NZ First coalition agreement, October 2017",https://www.mcguinnessinstitute.org/wp-content/uploads/2025/03/WP202007-202009-AnalysisOfThe2017Labour-FINAL.pdf,https://www.mbie.govt.nz/immigration-and-tourism/immigration/temporary-migrant-worker-exploitation-review/ | https://www.mbie.govt.nz/about/news/mbie-responds-to-review-on-accredited-employer-work-visa | https://www.publicservice.govt.nz/assets/Assurance-review-of-the-operation-of-the-AEWV-scheme-Final-Report.pdf,False
immigration-labour-refugee-quota-1500,immigration,Immigration,labour,Labour,manifesto,outcome,delivered,"Raise the annual refugee quota to 1,500 within three years, with funding for resettlement services.","quota of 1,500 promised -> quota lifted from 1,000 to 1,500 from 1 July 2020; 797 arrivals in the year to June 2020","The quota was lifted to 1,500 on the promised timetable. Border closures then meant actual arrivals fell far short of the quota for several years.","Prime Minister Jacinda Ardern announced the increase from 1,000 to 1,500 on 19 September 2018, to take effect from July 2020. The package included $6.2 million operating funding over four years and $7.7 million capital for two new accommodation blocks at the Mangere Refugee Resettlement Centre. It also included $32.5 million over three years for public housing for about 150 additional refugee families, and six new settlement locations. The quota did rise to 1,500 places from 1 July 2020. Actual arrivals then collapsed. There were 797 in the year to 30 June 2020 against a 1,000 quota, and no quota arrivals in July 2020 because of COVID-19 border restrictions.",False,,Labour 2017 immigration policy,https://www.rnz.co.nz/news/political/366801/refugee-quota-to-rise-from-1000-to-1500,https://www.beehive.govt.nz/release/refugee-quota-increases-1500-2020 | https://www.immigration.govt.nz/about-us/our-strategies-and-programmes/supporting-refugees-and-asylum-seekers/refugee-resettlement-strategy/increasing-new-zealands-refugee-quota/ | https://www.waikato.ac.nz/assets/Uploads/News-and-events/News/News/2021/new-zealand-refugee-quota-august-2020.pdf,False
immigration-labour-greens-refugee-quota-6000,immigration,Immigration,labour,Greens,manifesto,outcome,not-delivered,"Increase New Zealand's annual refugee quota to around 6,000 places.","quota of about 6,000 sought -> quota reached 1,500 from July 2020","The quota reached 1,500, a quarter of the level the Greens sought, and no further increase followed.","The Greens campaigned for a quota about six times the level in place in 2017. The government lifted the quota to 1,000 from July 2018 and to 1,500 from July 2020. It stayed at 1,500 through the end of the term. No further increase toward the Greens' figure was made in the 2017-2020 confidence and supply period or the 2020-2023 cooperation agreement period.",False,,Green Party 2017 refugee policy,https://www.rnz.co.nz/news/political/366801/refugee-quota-to-rise-from-1000-to-1500,https://www.immigration.govt.nz/about-us/our-strategies-and-programmes/supporting-refugees-and-asylum-seekers/refugee-resettlement-strategy/increasing-new-zealands-refugee-quota/ | https://www.beehive.govt.nz/release/refugee-quota-increases-1500-2020,False
immigration-labour-2021-resident-visa,immigration,Immigration,labour,Labour,manifesto,other,delivered,"Provide a one-off simplified residence pathway for about 165,000 migrants already in New Zealand on eligible work visas, and decide most applications within a year.","about 165,000 migrants promised a pathway -> 103,961 applications approved covering 212,649 residents",The pathway was opened on the announced timetable and granted residence to more people than the announcement estimated.,"Applications opened in two phases from 1 December 2021 and closed on 31 July 2022. Immigration New Zealand received 106,349 applications covering 217,586 people and approved 103,961 of them. That made 212,649 new New Zealand residents, well above the 165,000 estimated when the policy was announced. Processing ran past the one-year expectation for some applicants.",False,,"Labour government policy announcement, 30 September 2021 (one-off 2021 Resident Visa)",https://www.beehive.govt.nz/release/one-residence-pathway-provides-certainty-migrants-and-business,https://www.immigration.govt.nz/about-us/news-centre/2021-resident-visa/,False
immigration-national-parent-boost-visa,immigration,Immigration,national,National,manifesto,act,delivered,"Introduce a multiple-entry Parent Visa Boost valid for five years and renewable for a further five. Children or grandchildren sponsor it, health insurance is compulsory, and there is no access to NZ Super or other entitlements.",5-year renewable parent visitor visa promised -> opened 29 Sep 2025; 708 applications and 230 approvals by 2 Feb 2026,"The visa was created with the duration, renewal, sponsorship and insurance conditions promised, and is open.","Immigration Minister Erica Stanford confirmed in 2024 that work on the renewable parent visa was under way as a manifesto commitment. The Parent Boost Visitor Visa opened for applications on 29 September 2025. It allows stays of up to five years, with the option of a second five-year visa, sponsorship by a child or grandchild, and a health insurance requirement. By 2 February 2026 Immigration New Zealand had received 708 applications. It had approved 230 and declined 6, with 44 withdrawn and 108 approved in principle pending insurance.",False,,"National 2023 immigration policy announcement, 23 September 2023",https://www.ericastanfordmp.co.nz/post/national-to-introduce-parent-visa-boost,https://www.immigration.govt.nz/about-us/news-centre/overview-of-parent-visas-and-application-numbers | https://www.rnz.co.nz/news/political/531213/stanford-looks-to-trusted-employers-to-help-unblock-work-visas-logjam,False
immigration-national-nzf-parent-cap-1000,immigration,Immigration,national,NZ First,manifesto,other,superseded,"Maintain the parent category visa cap at 1,000 places, with sponsors required to adequately support family members.","cap of 1,000 sought -> 2,500 parent resident approvals in principle issued in 2025/26","The 1,000 cap was not carried into either coalition agreement and the parent categories operated well above it.","The National-NZ First coalition agreement contains no parent category cap. The National-ACT coalition agreement instead committed to a five-year renewable parent visa. The Parent Resident Visa continued to allow approvals of up to 2,500 a year. In 2025/26 exactly 2,500 approvals in principle were issued (2,103 from the ballot pool and 483 from the queued pool). The separate Parent Boost Visitor Visa opened on 29 September 2025 with no numerical cap of the kind NZ First proposed.",False,,NZ First 2023 election policies. Immigration,https://www.nzfirst.nz/2023_policies,https://assets.nationbuilder.com/nzfirst/pages/4462/attachments/original/1700784896/National___NZF_Coalition_Agreement_signed_-_24_Nov_2023.pdf | https://www.immigration.govt.nz/about-us/news-centre/overview-of-parent-visas-and-application-numbers,False
immigration-national-nzf-replace-aewv,immigration,Immigration,national,NZ First,manifesto,act,superseded,Replace the Accredited Employer Work Visa with a Critical Skill and Labour Shortage Visa that prioritises New Zealand workers.,AEWV replacement sought -> AEWV retained and amended,"The replacement visa was dropped in the coalition negotiation. In its place came a commitment to improve the existing scheme, which is what happened.","The National-NZ First coalition agreement committed only to 'improve the Accredited Employer Work Visa to focus the immigration system on attracting the workers and skills New Zealand needs' and to ensure Immigration New Zealand undertakes proper risk management and verification. No Critical Skill and Labour Shortage Visa was created. The AEWV remained the main employer-assisted work visa and was reformed in stages instead. The changes included tighter skills and English requirements from 2024, removal of the median wage threshold in favour of market-rate pay, and a shift toward a higher-trust model for compliant employers.",False,,NZ First 2023 election policies. Immigration,https://www.nzfirst.nz/2023_policies,https://assets.nationbuilder.com/nzfirst/pages/4462/attachments/original/1700784896/National___NZF_Coalition_Agreement_signed_-_24_Nov_2023.pdf | https://ojs.aut.ac.nz/nzjer/article/download/187/105/,False
immigration-national-nzf-improve-aewv,immigration,Immigration,national,NZ First,coalition-agreement,outcome,largely,"Improve the Accredited Employer Work Visa so the immigration system attracts the workers and skills New Zealand needs. Ensure Immigration New Zealand undertakes proper risk management and verification, and ensure those responsible for abusing migrant workers face consequences.","AEWV reform promised -> 145 accreditations revoked, review recommendations accepted Feb 2024; net migration 130,900 (Feb 2024 year) to 17,600 (Jun 2026 year)","The scheme was reviewed, tightened and then rebuilt broadly as the agreement described. The 'Essential Worker' workforce planning mechanism in the same agreement remains an investigation rather than a system.","An independent assurance review of the AEWV released on 27 February 2024 found weaknesses in accreditation and job checks. MBIE accepted all 10 recommendations, and by then 145 employer accreditations had been revoked and 53 suspended. The government tightened the scheme through 2024, adding English language and skills threshold requirements and restricting migrant employment durations. In 2025 it removed the median wage threshold, instead requiring that migrants be paid the market rate for the role, and moved toward a higher-trust model for established compliant employers. Erica Stanford said the scheme had nearly ground to a halt, with waits of more than six months, before the changes. Net migration fell from a peak of 130,900 in the year to February 2024 to a gain of 17,600 in the June 2026 year.",False,,"National-NZ First coalition agreement, 24 November 2023",https://assets.nationbuilder.com/nzfirst/pages/4462/attachments/original/1700784896/National___NZF_Coalition_Agreement_signed_-_24_Nov_2023.pdf,https://www.mbie.govt.nz/about/news/mbie-responds-to-review-on-accredited-employer-work-visa | https://ojs.aut.ac.nz/nzjer/article/download/187/105/ | https://www.scoop.co.nz/stories/AK2608/S00432/net-migration-gain-of-17600.htm,False
immigration-national-act-median-wage-removal,immigration,Immigration,national,ACT,coalition-agreement,act,largely,"Remove the median wage requirement from skilled migrant and employer-assisted work visas. Allow family members of visa holders to work, and increase the Recognised Seasonal Employer worker cap.",median wage requirement removed -> replaced with market-rate pay requirement for AEWV roles,"The median wage change and the skilled migrant rework were delivered. The wider package was implemented in stages, with some thresholds only taking effect in 2026.","The median wage threshold was removed from the Accredited Employer Work Visa and replaced with a requirement that employers pay the market rate for the role. Skilled Migrant Category settings were reworked from August 2024, with new work experience, English language and continuous stay rules. New wage thresholds were set at 1.1 times the median wage from mid-2026. Erica Stanford also confirmed policy decisions on partner work rights alongside the parent visa and investor visa work.",False,,"National-ACT coalition agreement, 24 November 2023",https://vialtopartners.com/regional-alerts/new-zealand-immigration-potential-immigration-policy-changes,https://ojs.aut.ac.nz/nzjer/article/download/187/105/ | https://www.rnz.co.nz/news/political/531213/stanford-looks-to-trusted-employers-to-help-unblock-work-visas-logjam,False
immigration-national-investor-visa,immigration,Immigration,national,National,manifesto,act,delivered,Replace the investor visa category with settings that actually attract international investment to New Zealand.,116 applications over 2.5 years under old settings -> 837 applications and NZ$2.3b transferred since April 2025,"The category was rebuilt, and application and investment volumes rose by an order of magnitude against the previous settings.","Revised Active Investor Plus settings took effect on 1 April 2025. They split the visa into a Growth category (NZ$5 million over three years into higher-risk investments) and a Balanced category (NZ$10 million over five years). They also removed the English language requirement and reduced time-in-New Zealand requirements for more active investors. Within under three months, 189 applications had been received, against 116 over the previous two and a half years under the old settings. By 2026 Immigration New Zealand reported 837 applications and 395 approvals since April 2025, covering 2,732 people, with NZ$2.3 billion in capital transferred to New Zealand and a further NZ$2.41 billion in the pipeline. The largest applicant groups were from the United States (277), China (156) and Hong Kong (110).",False,,National 2023 policy to attract top talent and investment; confirmed as an investor visa replacement by Immigration Minister Erica Stanford in 2024,https://www.rnz.co.nz/news/political/531213/stanford-looks-to-trusted-employers-to-help-unblock-work-visas-logjam,https://www.beehive.govt.nz/release/flood-interest-invest-new-zealand | https://www.immigration.govt.nz/about-us/news-centre/investor-category,False
immigration-national-international-education,immigration,Immigration,national,National,manifesto,other,in-progress,Revive the international education sector after the COVID-19 collapse.,"83,400 enrolments in 2024 -> 85,535 in Jan-Aug 2025; targets of 105,000 by 2027 and NZ$7.2b exports by 2034","Enrolments and export earnings are rising and the visa settings are in place. The enrolment and export targets run to 2027 and 2034, beyond this term.","The government set targets to lift international enrolments from 83,400 in 2024 to 105,000 by 2027 and 119,000 by 2034. It also set a target to double the economic impact of education exports from NZ$3.6 billion in 2024 to NZ$7.2 billion by 2034. Between January and August 2025 New Zealand hosted 85,535 international students, 14 percent more than the same period in 2024, and education-related travel exports reached NZ$4.5 billion in the year to September 2025. Post-study settings were widened from 16 November 2026. A new six-month Short Term Graduate Work Visa covers NZQCF Level 5-7 graduates, and Post Study Work Visa eligibility was extended to Level 7 graduate diploma holders who already hold a bachelor's degree.",False,,"National 2023 international education policy announcement, 21 September 2023",https://www.ericastanfordmp.co.nz/press,https://monitor.icef.com/2026/03/new-zealand-expands-post-study-work-opportunities-for-international-students/ | https://www.immigration.govt.nz/about-us/news-centre/new-and-updated-post-study-work-visa-options/,False
law-order-labour-prison-population-30-percent,law-order,Law & Order,labour,Labour,manifesto,outcome,partly,Reduce New Zealand's prison population by 30 percent over 15 years.,"30 pct cut over 15 years promised -> muster 10,645 (Mar 2018) to 8,893 (Sep 2023), about 16 pct","The muster fell about 16 percent, well short of 30 percent on the headline measure. The target was also dropped before the 15-year horizon.","Justice Minister Andrew Little announced the 30 percent target in 2018, when the muster stood at 10,645 (31 March 2018: 7,329 sentenced, 3,316 remand). The muster fell to 8,893 by 30 September 2023 (5,006 sentenced, 3,817 remand), a fall of about 16 percent in absolute terms. Over the same period the imprisonment rate per 100,000 people fell from about 213 to about 149. During the 2023 campaign Labour dropped the target. Corrections Minister Kelvin Davis said it had 'largely been achieved' and the focus had moved to rehabilitation and recidivism. The incoming government formally abolished the target in December 2023.",True,"Labour argued the target was met early because it was framed against the imprisonment rate per head of population. That rate fell from about 213 to about 149 per 100,000, close to 30 percent. Critics point out the headline prison muster fell by roughly 16 percent. They also note that much of the fall was in sentenced prisoners while the remand population grew, and that the target was abandoned rather than achieved over its stated 15-year period.","Labour government criminal justice target announced by Justice Minister Andrew Little, 2018 (Hapaitia te Oranga Tangata programme)",https://www.rnz.co.nz/news/on-the-inside/364632/reducing-prison-numbers-one-mighty-challenge-for-little,https://www.corrections.govt.nz/resources/statistics/quarterly_prison_statistics/prison_stats_march_2018 | https://www.corrections.govt.nz/resources/statistics/quarterly_prison_statistics/prison_stats_september_2023 | https://www.nzherald.co.nz/nz/election-2023-labour-dumps-prison-population-reduction-target/AAL2EXLUGBFNHJ27VJSRS2EPHY/,False
law-order-labour-nzf-1800-police,law-order,Law & Order,labour,NZ First,coalition-agreement,other,largely,"Strive towards adding 1800 new Police officers over three years, with a serious focus on combatting organised crime and drugs.","1,800 new police over 3 years -> 1,800th new constable sworn in 21 Nov 2019 (gross); net 1,800 above attrition not confirmed in that window",The gross recruitment count promised in the agreement was met inside three years. The net increase in officers after attrition took much longer and was disputed throughout.,"Police recruitment was funded through Budget 2018 and Budget 2019. The 1800th new constable since the government took office was sworn in on 21 November 2019, about two years into the three-year window, and the government declared the coalition commitment met. A second, separate measure, 1800 additional officers net of attrition, was not reached in the same timeframe. Police Minister Stuart Nash said that net figure was expected around 2021-22, and the shortfall was still being reported in 2022. A McGuinness Institute review of the coalition agreement recorded the commitment as fully implemented.",True,"The agreement did not say whether the 1800 was gross recruits or a net increase. The government counted new constables sworn in and declared success in November 2019. The opposition and later commentators argued the meaningful measure was net officer growth after attrition, which lagged.","Labour-NZ First coalition agreement, October 2017",https://www.police.govt.nz/about-us/publication/striving-towards-1800-new-police,https://www.rnz.co.nz/news/national/403851/police-welcome-1800th-officer-government-yet-to-meet-second-target | https://www.mcguinnessinstitute.org/wp-content/uploads/2025/03/WP202007-202009-AnalysisOfThe2017Labour-FINAL.pdf | https://newsroom.co.nz/2024/01/30/coalition-police-target-already-pushed-out/,False
law-order-labour-nzf-criminal-cases-review-commission,law-order,Law & Order,labour,NZ First,coalition-agreement,act,delivered,Establish a Criminal Cases Review Commission to investigate possible miscarriages of justice.,,The Commission was legislated for and stood up within the coalition's term.,The Criminal Cases Review Commission Act was passed in 2019 and the Commission (Te Kahui Tatari Ture) was established as an independent Crown entity. An independent review of the 2017 coalition agreement recorded the commitment as fully implemented.,False,,"Labour-NZ First coalition agreement, October 2017",https://www.mcguinnessinstitute.org/wp-content/uploads/2025/03/WP202007-202009-AnalysisOfThe2017Labour-FINAL.pdf,https://www.mcguinnessinstitute.org/wp-content/uploads/2025/03/WP202007-202009-AnalysisOfThe2017Labour-FINAL.pdf,False
law-order-labour-repeal-three-strikes,law-order,Law & Order,labour,Labour,manifesto,act,largely,Repeal the three strikes sentencing regime.,"repeal promised 2017 -> blocked June 2018, enacted 15 Aug 2022","The repeal happened as promised, but only in the second term. The coalition partner blocked it for the whole of the first term.","Andrew Little planned to take a repeal to Cabinet in June 2018. On 11 June 2018 the item was pulled after New Zealand First refused to support it, saying it did not want the repeal separated from a broader criminal justice reform package. The repeal only proceeded in the second term, once Labour governed alone. The Three Strikes Legislation Repeal Bill had its first reading on 17 November 2021 and received Royal assent on 15 August 2022. Labour, the Greens and Te Pāti Māori supported it, and National and ACT opposed it. The next government reinstated the regime in 2024.",False,,Labour 2017 justice policy; repeal announced by Justice Minister Andrew Little in 2018,https://www.rnz.co.nz/news/political/359325/labour-s-three-strikes-repeal-off-the-table,https://en.wikipedia.org/wiki/Three_Strikes_Legislation_Repeal_Act_2022 | https://www.justice.govt.nz/justice-sector-policy/key-initiatives/three-strikes-law/,False
law-order-labour-criminal-justice-reform-programme,law-order,Law & Order,labour,Labour,manifesto,other,partly,"Undertake a comprehensive reform of the criminal justice system, guided by an independent advisory group and a public criminal justice summit.",,The review process promised was set up and reported. Its central recommendations were not turned into legislation within the term.,"The Hapaitia te Oranga Tangata programme was launched in 2018. An independent advisory group, Te Uepu Hapai i te Ora, was appointed, and a criminal justice summit was held in August 2018. Te Uepu reported in 2019, recommending far-reaching change to sentencing, bail and parole. No comprehensive sentencing, bail or parole overhaul was legislated before the October 2023 handover. The main statutory change achieved was the three strikes repeal in 2022. Labour dropped its prison population target during the 2023 campaign.",False,,"Labour 2017 justice policy, delivered as Hapaitia te Oranga Tangata: Safe and Effective Justice (August 2018)",https://www.justice.govt.nz/about/news-and-media/news/safe-and-effective-justice-launched/,https://www.nzherald.co.nz/nz/election-2023-labour-dumps-prison-population-reduction-target/AAL2EXLUGBFNHJ27VJSRS2EPHY/ | https://en.wikipedia.org/wiki/Three_Strikes_Legislation_Repeal_Act_2022,False
law-order-labour-firearms-ban-buyback-registry,law-order,Law & Order,labour,Labour,manifesto,act,delivered,"Ban military-style semi-automatic firearms and assault rifles, buy them back from owners, and establish a national firearms registry.","ban and buyback promised -> about 51,000 firearms bought back for about NZ$100m; registry live 24 June 2023","The ban, the buyback and the registry were all legislated and implemented within the term, on the timetable set out.","Parliament banned the most lethal semi-automatic firearms within weeks of the March 2019 attacks, passing the first tranche 119 votes to 1. A six-month buyback closed in December 2019. It collected about 51,000 firearms from about 33,000 people, plus about 5,000 under a no-questions-asked amnesty, at a cost of about NZ$100 million. The Arms Legislation Act 2020 (Royal assent 24 June 2020) created the firearms registry, shortened licences from ten to five years and added new offences. Labour, the Greens and NZ First supported it, and National and ACT opposed it. The registry went live on 24 June 2023. By 28 September 2023 it held 10,044 licence holders and 47,162 firearms, with full registration required by 31 August 2028.",True,"The government presented the buyback as a large-scale removal of the most dangerous firearms from circulation. The Council of Licensed Firearms Owners estimated about 170,000 such firearms existed beforehand and argued roughly two-thirds were never handed in. There is no agreed independent estimate of the pre-ban stock, so how complete the buyback was remains disputed.","Government commitment announced by Prime Minister Jacinda Ardern, March 2019, after the Christchurch attacks; carried through in the Arms Legislation Act 2020",https://www.abc.net.au/news/2019-12-22/new-zealand-gun-buyback-ends-with-50000-firearms-handed-in/11821402,https://en.wikipedia.org/wiki/Arms_Legislation_Act_2020 | https://www.beehive.govt.nz/release/progress-firearms-register-and-safety-authority | https://www.firearmssafetyauthority.govt.nz/news-and-publications/news-and-announcements/10000th-person-signs-firearms-registry,False
law-order-labour-ram-raid-offence,law-order,Law & Order,labour,Labour,manifesto,act,not-delivered,"Create a specific ram-raid offence. Allow 12 and 13 year olds to be dealt with in the Youth Court for ram raiding, and target adults who recruit children into ram raids.","new ram-raid offence promised -> bill lapsed after first reading (29 Aug 2023), discontinued Feb 2025",The bill was introduced and passed only its first reading. The promised offence never became law.,"Ram raids rose sharply from 2017, peaking at 714 recorded incidents in 2022. The government responded with a retail crime package in November 2022, including a fog cannon subsidy of $4,000 per shop and a $6 million Retail Crime Prevention Fund. It also introduced the Ram Raid Offending and Related Measures Amendment Bill, which passed its first reading on 29 August 2023. The bill did not pass before the election. The incoming government formally discontinued it on 5 February 2025 in favour of its own youth offending legislation.",False,,"Labour government policy announcement, 2023 (Ram Raid Offending and Related Measures Amendment Bill)",https://en.wikipedia.org/wiki/Ram_Raid_Offending_and_Related_Measures_Amendment_Bill,https://www.beehive.govt.nz/release/multi-million-dollar-package-tackle-retail-crime-and-reoffending | https://www.rnz.co.nz/news/indonz/542587/ram-raids-decline-almost-60-percent-year-on-year,False
law-order-labour-greens-replace-prisons,law-order,Law & Order,labour,Greens,manifesto,other,not-delivered,"Reform sentencing, bail and parole laws to enable the gradual replacement of most prisons with community-based rehabilitation.",,"The Greens' central sentencing, bail and parole reform was not enacted. The policy direction was reversed after 2023.","No sentencing, bail or parole overhaul of this kind was legislated during the 2020-2023 term. The main justice statute change was the repeal of three strikes in August 2022. The prison muster fell to 8,893 by September 2023, but the government dropped its own prison reduction target during the 2023 campaign. The muster then rose again under the next government, to 11,255 by March 2026.",False,,Green Party 2020 justice policy,https://www.greens.org.nz/justice_2020,https://www.nzherald.co.nz/nz/election-2023-labour-dumps-prison-population-reduction-target/AAL2EXLUGBFNHJ27VJSRS2EPHY/ | https://www.corrections.govt.nz/resources/statistics/quarterly_prison_statistics/prison_facts_and_statistics_-_march_2026,False
law-order-national-nzf-500-police,law-order,Law & Order,national,NZ First,coalition-agreement,other,not-delivered,Commit to training no fewer than 500 new frontline police within the first two years.,500 new frontline police within 2 years -> deadline of 27 Nov 2025 missed; projected date pushed to Sep 2026,"The commitment carried an explicit two-year deadline, which passed on 27 November 2025 without being met. The target had still not been confirmed as reached by August 2026.","Within weeks of the agreement being signed, Police Minister Mark Mitchell described the goal as 500 additional officers over the three-year term, before NZ First pushed the two-year framing back. Applications surged, with more than 5,500 in 2024, and wings expanded from 80 to 100 recruits from April 2025. But the two-year deadline of 27 November 2025 passed with the target unmet. The projected date was pushed back to early 2026, then May 2026, August 2026 and then September 2026, with Treasury warning even that would require significant catch-up. In April 2026 the Police Commissioner sought answers after recruiting again fell below expected levels. Recruit training was extended from 16 to 20 weeks.",True,"The government argues the officers are being delivered, just later than planned. It points to recruit training being lengthened from 16 to 20 weeks to protect standards, and to Australian police forces actively recruiting New Zealand officers. Critics say a promise with a stated two-year deadline that was missed, and then repeatedly re-dated, is a broken promise regardless of the eventual total.","National-NZ First coalition agreement, 24 November 2023",https://assets.nationbuilder.com/nzfirst/pages/4462/attachments/original/1700784896/National___NZF_Coalition_Agreement_signed_-_24_Nov_2023.pdf,https://www.rnz.co.nz/news/political/580108/minister-defends-ambitious-goal-as-coalition-officially-misses-500-new-police-target | https://www.1news.co.nz/2025/11/18/govts-target-for-500-new-police-officers-bumped-out-again/ | https://www.police.govt.nz/news/release/police-prepare-welcome-larger-wings-application-numbers-soar,False
law-order-national-gang-patch-ban,law-order,Law & Order,national,National,coalition-agreement,act,delivered,"Ban gang patches in public places, stop gang members gathering in public, and give police greater search powers over gang members.",gang patch ban promised -> Gangs Act in force 21 Nov 2024; 337 charges and 76 patches seized by 24 Feb 2025,The legislation promised was passed and brought into force within the first year of the term and is being enforced.,"The Gangs Act 2024 passed its third reading on 19 September 2024 (68-55), received Royal assent on 23 September 2024 and came into force on 21 November 2024. It bans gang insignia in public places, allows police to issue seven-day dispersal notices and lets District Courts impose three-year non-consorting orders. The companion Sentencing Amendment Act 2024 made gang membership an aggravating factor. Enforcement began within minutes, with the first seizure in Hastings three minutes after the law took effect. By 24 February 2025 police had seized 76 gang patches and 67 firearms and laid 337 insignia charges. Two further gangs were added to the identified-gangs list from 3 February 2025, taking the total to 37. The Greens and Te Pāti Māori opposed the legislation, and the Law Society raised freedom of expression and association concerns.",False,,"National-ACT and National-NZ First coalition agreements and the 100-day plan, November 2023",https://www.russellmcveagh.com/media/vb5pqsl4/national-act-nz-first-coalition-government-policies-law-and-order.pdf,https://en.wikipedia.org/wiki/Gangs_Act_2024 | https://www.beehive.govt.nz/release/first-arrests-made-under-gang-patch-ban | https://www.beehive.govt.nz/release/more-gangs-added-gangs-act-list,True
law-order-national-act-restore-three-strikes,law-order,Law & Order,national,ACT,coalition-agreement,act,delivered,"Restore the Three Strikes law, with amendments including a limited benefit for guilty pleas.","three strikes restored -> Act in force 17 June 2025, covering 42 offences with 12 and 24 month sentence thresholds","The law was restored with the amendments the agreement itself specified, and is in force.","The Sentencing (Reinstating Three Strikes) Amendment Bill had its first reading on 25 June 2024, third reading on 13 December 2024 and Royal assent on 17 December 2024, coming into force on 17 June 2025. It covers 42 serious violent and sexual offences (adding strangulation and suffocation). But it applies only where the sentence exceeds 12 months for a first strike and 24 months for later strikes, widens the 'manifestly unjust' exception, and gives a limited guilty plea discount. Qualifying strikes from the old regime that meet the new thresholds were reactivated. The Sensible Sentencing Trust criticised the new regime as weaker than the 2010 law. The Law Society and Human Rights Commission warned of disproportionate effects on Māori and Pasifika.",False,,"National-ACT coalition agreement, 24 November 2023",https://www.russellmcveagh.com/media/vb5pqsl4/national-act-nz-first-coalition-government-policies-law-and-order.pdf,https://en.wikipedia.org/wiki/Sentencing_(Reinstating_Three_Strikes)_Amendment_Act_2024 | https://www.justice.govt.nz/justice-sector-policy/key-initiatives/three-strikes-law/,False
law-order-national-sentencing-discount-cap,law-order,Law & Order,national,National,coalition-agreement,act,delivered,"Amend sentencing law to limit the discounts judges can apply, and to remove concurrent sentences for offending committed while on bail, parole or in custody.","cap on sentencing discounts promised -> 40 pct cap on personal mitigating factors, in force 29 June 2025",The discount cap and the cumulative sentencing changes promised were legislated and are in force.,"The Sentencing (Reform) Amendment Act 2025 came into force on 29 June 2025. It caps total sentence discounts for personal mitigating factors at 40 percent, unless that would be manifestly unjust. It puts guilty plea discounts on a sliding scale capped at 25 percent, falling to 5 percent if the plea comes during trial. It also prevents repeat discounts for youth and remorse, and encourages cumulative rather than concurrent sentencing for offending on bail, in custody or on parole.",False,,"National-ACT and National-NZ First coalition agreements, November 2023",https://assets.nationbuilder.com/nzfirst/pages/4462/attachments/original/1700784896/National___NZF_Coalition_Agreement_signed_-_24_Nov_2023.pdf,https://www.justice.govt.nz/about/news-and-media/news/sentencing-act-changes-now-in-force/ | https://www.legislation.govt.nz/act/public/2025/0013/13.0/LMS989992.html,True
law-order-national-victims-sentencing,law-order,Law & Order,national,National,coalition-agreement,act,delivered,"Amend the Sentencing Act so the needs of victims and communities are prioritised, and stop taxpayer funding for section 27 cultural reports.",,Both the cultural reports change and the victim-focused sentencing amendments were made within the term.,"The incoming government removed funding for section 27 cultural reports in December 2023. The Sentencing (Reform) Amendment Act 2025, in force 29 June 2025, requires courts to take victims' interests into account at sentencing. It adds aggravating factors for offending against victims who were in state or faith-based care, and extends child-victim protections from under-14s to under-18s for violence and neglect offences. It also creates aggravating factors for serious retail crime against sole workers and home-based businesses.",False,,"National-ACT and National-NZ First coalition agreements, November 2023",https://www.russellmcveagh.com/media/vb5pqsl4/national-act-nz-first-coalition-government-policies-law-and-order.pdf,https://www.justice.govt.nz/about/news-and-media/news/sentencing-act-changes-now-in-force/ | https://www.nzherald.co.nz/nz/politics/government-scraps-labours-target-of-reducing-the-prison-population-and-funding-for-cultural-reports/3K3NNZD5QFCSZD5YMOW6Y5TNGA/,True
law-order-national-act-prison-capacity,law-order,Law & Order,national,ACT,coalition-agreement,act,largely,"Abolish the previous government's prisoner reduction target, and increase funding for Corrections to ensure there is enough prison capacity.","prison capacity funding promised -> about NZ$1.9b in Budget 2024; 596 beds opened June 2025; muster 8,893 (Sep 2023) to 11,255 (Mar 2026)","The target was abolished, and major capacity funding and one large new facility were delivered. But most of the promised extra beds are not due until 2029, and the muster has grown faster than capacity.","The prison population reduction target was abolished in December 2023. Budget 2024 allocated close to $2 billion over four years to prisons, staff and rehabilitation. That included an 810-bed extension at Waikeria (600 beds previously funded plus a new 210-bed wing), 685 new frontline Corrections staff and $78 million for rehabilitation for remand prisoners. A 596-bed development at Waikeria (500 high-security beds plus 96 mental health and addiction beds) opened on 5 June 2025, with 300 extra frontline staff recruited. The further 810 beds are scheduled for completion in 2029, after this term. The muster reached 11,255 at 31 March 2026 (6,606 sentenced, 4,537 remand), up from 8,893 in September 2023.",False,,"National-ACT coalition agreement and the 100-day plan, November 2023",https://www.russellmcveagh.com/media/vb5pqsl4/national-act-nz-first-coalition-government-policies-law-and-order.pdf,https://www.corrections.govt.nz/news/2025/new_596-bed_development_opens_at_waikeria_prison | https://www.interest.co.nz/public-policy/127630/almost-2-billion-will-be-spent-prisons-staff-and-rehabilitation-over-next-four | https://www.corrections.govt.nz/resources/statistics/quarterly_prison_statistics/prison_facts_and_statistics_-_march_2026,False
law-order-national-act-arms-act-rewrite,law-order,Law & Order,national,ACT,coalition-agreement,act,delivered,"Repeal and replace Part 6 of the Arms Act relating to shooting clubs and ranges, and rewrite the Arms Act 1983.","Arms Act rewrite promised -> Arms Bill Royal assent 5 Aug 2026, most provisions in force 23 Sep 2026",Both the Part 6 replacement and the full Arms Act rewrite were passed inside the term.,"The Arms (Shooting Clubs, Shooting Ranges, and Other Matters) Amendment Act passed on 26 March 2025 and came into force on 29 June 2025, completing the Part 6 commitment. Public consultation on a full rewrite ran in January-February 2025 and drew about 8,500 submissions. Cabinet decisions were announced on 11 November 2025. The Arms Bill was introduced on 8 December 2025, had its first reading on 9 December 2025, and received Royal assent on 5 August 2026, with most provisions taking effect on 23 September 2026. The new law creates an independent firearms regulator with a chief executive appointed by the Governor-General and reporting to the Minister. It also makes gang membership a disqualifier for a licence, adds new offences and infringement powers, and increases penalties.",False,,"National-ACT coalition agreement, 24 November 2023",https://www.russellmcveagh.com/media/vb5pqsl4/national-act-nz-first-coalition-government-policies-law-and-order.pdf,https://www.justice.govt.nz/justice-sector-policy/key-initiatives/firearms-reform/ | https://www.justice.govt.nz/about/news-and-media/news/arms-act-rewrite-decisions-announced/,False
law-order-national-nzf-firearms-registry-review,law-order,Law & Order,national,NZ First,coalition-agreement,procedural,largely,Move responsibility for the Arms Act to the Ministry of Justice and review the effectiveness of the Firearms Registry by June 2024.,registry review due June 2024 -> published May 2025; registry retained,"The transfer and the review both happened, but the review was published about eleven months after the deadline in the agreement.","Responsibility for firearms policy moved to the Ministry of Justice, with Associate Justice Minister Nicole McKee (ACT) leading the work. The Firearms Registry Review was not published by the June 2024 deadline. It was released in May 2025. In May 2025 ACT invoked the coalition agreements' 'agree to disagree' provision over firearms decisions. The registry was retained. McKee said in November 2025 that she disagreed with the registry but could not get enough coalition support to scrap it. The Arms Bill passed in August 2026 keeps it while creating a standalone regulator separate from Police. McKee also invoked the agree-to-disagree clause over her proposal to allow access to military-style semi-automatics under strict conditions for club and competitive use, which coalition partners rejected.",False,,"National-NZ First coalition agreement, 24 November 2023",https://www.russellmcveagh.com/media/vb5pqsl4/national-act-nz-first-coalition-government-policies-law-and-order.pdf,https://www.justice.govt.nz/justice-sector-policy/key-initiatives/firearms-reform/ | https://www.1news.co.nz/2025/11/11/nicole-mckee-reveals-gun-laws-shake-up/,False
law-order-national-boot-camps,law-order,Law & Order,national,National,manifesto,act,partly,"Establish military-style academies for serious repeat youth offenders, backed by legislation creating Young Serious Offender declarations.",military-style academies promised -> 10-person pilot Jul 2024 to Aug 2025; 7 of 10 reoffended; second programme from 9 Mar 2026,"A pilot ran and a second programme was scheduled. But the enabling legislation had not completed passage, and the promised permanent academy regime was not yet operating at scale.","A 12-month pilot ran from late July 2024 to August 2025 with 10 young men aged 14-17, all Māori. One was withdrawn and eight completed. Seven of the ten reoffended, most within two months of moving to the community phase. One participant died in a car accident and another escaped custody. An independent 82-page evaluation published in November 2025 found meaningful and positive change for participants, including reduced severity of offending. It also concluded the implementation was rushed, therapeutic and clinical support was inadequate, whānau engagement came too late, cultural elements did not go far enough, and the cohort was too small to give meaningful data. The Oranga Tamariki (Responding to Serious Youth Offending) Amendment Bill was introduced in November 2024 and was still progressing through Parliament. A second academy programme was set to begin on 9 March 2026, with academy orders of 3 to 12 months for 15-17 year olds declared Young Serious Offenders.",True,"The government points to the evaluation's finding of positive change and reduced severity of offending among participants, and to the wider fall in serious repeat youth offending. Critics point to seven of ten participants reoffending. They also cite the evaluation's own caution that the cohort was far too small to support any conclusion about effectiveness.","National 2023 youth justice policy, delivered as Oranga Tamariki Military-Style Academies",https://www.orangatamariki.govt.nz/youth-justice/military-style-academies/,https://www.rnz.co.nz/news/top/578157/implementation-of-boot-camp-rushed-report-concludes | https://www.1news.co.nz/2025/11/07/military-style-boot-camp-pilot-too-rushed-and-too-small-report/,False
law-order-national-violent-crime-target,law-order,Law & Order,national,National,manifesto,other,delivered,"20,000 fewer people are victims of an assault, robbery or sexual assault.","20,000 fewer violent crime victims promised -> about 46,000 fewer (185,000 in Oct 2023 to 138,795 in Feb 2026)","The reduction reported is more than double the promised 20,000, and has held across successive quarterly reports.","The target is measured against a baseline of 185,000 adult victims in the year to October 2023, using the New Zealand Crime and Victims Survey. The December 2025 factsheet reported 135,797 victims in the year to October 2025, about 49,000 fewer than baseline. The March 2026 factsheet reported 138,795 victims to February 2026, about 46,000 fewer than baseline. Both were rated 'on track'.",True,"The measure is a sample survey estimate with confidence intervals, not a count of reported crimes. The size of the fall therefore carries statistical uncertainty, and the government's own factsheets publish margins of error. The term is also not finished, so the final position will not be known until after November 2026.","National 2023 campaign commitment, adopted as Government Target 4",https://www.dpmc.govt.nz/our-programmes/government-targets,https://www.dpmc.govt.nz/sites/default/files/2026-06/gt-factsheet-target-4-mar26.pdf | https://www.dpmc.govt.nz/sites/default/files/2026-03/gt-factsheet-target-4-dec25.pdf,False
law-order-national-youth-offending-target,law-order,Law & Order,national,National,manifesto,outcome,delivered,A 15 percent reduction in the total number of children and young people with serious and persistent offending behaviour.,"15 pct cut in serious repeat youth offenders promised -> 25 pct cut (1,100 in Jun 2023 to 829 in Mar 2026)","The reported reduction of 25 percent exceeds the promised 15 percent, ahead of the target date.","The June 2023 baseline was 1,100. The March 2026 factsheet reported 829 children and young people with serious and persistent offending behaviour, a 25 percent reduction, rated 'on track'. Ram raids fell from a peak of 714 recorded incidents in 2022 to 207 in 2024. Offenders aged 14-17 involved in ram raids fell from 440 in 2023 to 157 in 2024. Progress is uneven across police districts. At December 2025 eight of twelve districts had fallen by at least 20 percent, while Eastern district was above baseline. The government attributes the fall to military-style academies, intensive case management and fast-track responses. The decline in ram raids began in 2023, before the change of government.",True,"The government credits its youth justice measures. Others note that ram raids and youth offending were already falling from their 2022 peak before the change of government, after the previous government's Fast Track and retail crime programmes. That makes it hard to attribute the fall to any single set of policies.","National 2023 campaign commitment, adopted as Government Target 3",https://www.dpmc.govt.nz/our-programmes/government-targets,https://www.dpmc.govt.nz/sites/default/files/2026-06/gt-factsheet-target-3-mar26.pdf | https://www.rnz.co.nz/news/indonz/542587/ram-raids-decline-almost-60-percent-year-on-year | https://www.dpmc.govt.nz/sites/default/files/2026-03/gt-factsheet-target-3-dec25.pdf,False
gapfill-greens-te-aorerekura-fvsv,law-order,Law & Order,labour,Greens,coalition-agreement,other,delivered,"Lead a whole-of-government response to family violence and sexual violence, including coordinating budget proposals across agencies, under a new dedicated ministerial portfolio.",First national FVSV strategy -> Te Aorerekura launched December 2021 with $114.5m over four years in Budget 2022,"The portfolio was created, the national strategy was published within the term and dedicated multi-year funding was secured for it.","Marama Davidson became New Zealand's first Minister for the Prevention of Family and Sexual Violence in November 2020. Te Aorerekura, the first national strategy to eliminate family violence and sexual violence, was launched in December 2021. It had a 25-year horizon, six strategic shifts and a two-year action plan, and was developed jointly with tangata whenua and the specialist sector. On 10 May 2022 Davidson announced $114.5 million over four years in Budget 2022 to implement it. That included $37.6 million for community initiatives, $38.1 million for integrated community-led responses and $26.7 million for workforce capability. The strategy remained in place at the October 2023 handover.",False,,"Labour-Greens Cooperation Agreement 2020. Marama Davidson appointed Minister for the Prevention of Family and Sexual Violence, leading the whole-of-government response and coordinating related budget proposals",https://www.scoop.co.nz/stories/PA2010/S00117/cooperation-agreement-between-the-nz-labour-party-and-the-green-party-of-aotearoa-nz.htm,https://www.justice.govt.nz/about/news-and-media/news/te-aorerekura-the-national-strategy-to-eliminate-family-violence-and-sexual-violence-launched/ | https://www.beehive.govt.nz/release/budget-2022-investing-eliminate-violence-our-homes-and-communities,False
gapfill-national-nzf-hate-speech-ruled-out,law-order,Law & Order,national,NZ First,coalition-agreement,act,delivered,"Protect freedom of speech by ruling out the introduction of hate speech legislation, and stop the Law Commission's work on hate speech legislation.",Hate speech legislation ruled out -> no incitement bill introduced by August 2026,"Both limbs were carried out. No hate speech legislation was introduced, and the Law Commission's hate speech work was stopped.","Justice Minister Paul Goldsmith confirmed in early 2024 that the Government would not proceed with the previous government's proposed incitement (hate speech) law changes. He directed the Law Commission to stop its review of hate speech law, including work that would have extended protection to religious belief. Goldsmith said 'we opposed and will not continue Labour's proposed hate speech laws, because they would have undermined free speech', and confirmed that separate work on hate crime would continue. The Federation of Islamic Associations of New Zealand publicly questioned the decision in April 2024. No hate speech or incitement bill was introduced during the term to August 2026. Work instead proceeded on treating hostility as an aggravating factor at sentencing and on a separate Law Commission reference.",False,,"National. NZ First Coalition Agreement, 24 November 2023 (Strengthening Democracy and Freedoms)",https://assets.nationbuilder.com/nzfirst/pages/4462/attachments/original/1700784896/National___NZF_Coalition_Agreement_signed_-_24_Nov_2023.pdf,https://www.rnz.co.nz/news/national/513176/muslim-organisation-questions-why-hate-speech-law-reforms-abandoned | https://nzfvc.org.nz/news/submissions-open-bill-related-hate-crime-and-new-work-law-commission,False
gapfill-national-labour-hate-speech-protections,law-order,Law & Order,labour,Labour,manifesto,act,abandoned,"Extend legal protections for groups that experience hate speech, including for reasons of religion, gender, disability or sexual orientation.",Protections promised on 4 additional grounds -> none legislated by October 2023,The commitment was first narrowed to one ground and then explicitly removed from the legislative programme by the promising party in February 2023.,"The proposal originated in recommendation 40 of the Royal Commission of Inquiry into the Christchurch attacks. Six proposals to strengthen incitement law were released for public consultation in mid-2021 and drew a large and divided response. In November 2022 the Government narrowed the plan to cover religious belief only, dropping gender, disability and sexual orientation. On 8 February 2023 Chris Hipkins removed the remaining proposal from the legislative programme and referred the whole area to the Law Commission. He said that would let the Commission 'consider a difficult and highly contested area of law in totality'. No change to incitement law was enacted before the October 2023 handover, and the incoming government stopped the Law Commission's work in 2024.",False,,Labour 2020 manifesto,https://s3.ap-southeast-2.amazonaws.com/nzdoctor.files/production/public/2020-10/Labour_Manifesto_2020.pdf,https://www.rnz.co.nz/news/political/483875/watch-tvnz-rnz-merger-scrapped-income-insurance-and-hate-speech-laws-delayed | https://www.rnz.co.nz/news/national/513176/muslim-organisation-questions-why-hate-speech-law-reforms-abandoned,False
gapfill-national-labour-pike-river-reentry,law-order,Law & Order,labour,Labour,coalition-agreement,other,largely,Commit to re-entry of the Pike River mine.,Re-entry promised -> 2.26km of drift recovered by 17 Feb 2021; main workings not entered; about $48m spent,"Re-entry happened and the full drift was recovered and examined. But the main mine workings where the men died were never entered, and no bodies were recovered.","The Pike River Recovery Agency was established on 31 January 2018 with a dedicated minister. Manned re-entry of the mine drift began on 21 May 2019 when the concrete seal was breached. In March 2020 Cabinet approved a further $10.8 million plus a $4.2 million contingency to complete the work. The minister confirmed at the time that recovery would not go beyond the end of the drift into the main mine workings. The team reached a roof fall 2.26 kilometres up the drift on 17 February 2021, the end point of the recovery. Forensic examination and deep borehole drilling followed. By March 2022 remains of eight of the 29 men had been located by borehole but could not be retrieved. The agency closed on 1 July 2022 and the site was handed to the Department of Conservation. Total expenditure was about $48 million.",False,,Labour. NZ First Coalition Agreement 2017 (priority 54: commit to re-entry to Pike River),https://www.mcguinnessinstitute.org/wp-content/uploads/2025/03/WP202007-202009-AnalysisOfThe2017Labour-FINAL.pdf,https://www.beehive.govt.nz/release/final-costs-pike-river-recovery-released | https://en.wikipedia.org/wiki/Pike_River_Recovery_Agency,False
gapfill-national-labour-christchurch-royal-commission-response,law-order,Law & Order,labour,Labour,manifesto,act,largely,Respond to the Royal Commission of Inquiry into the terrorist attack on the Christchurch masjidain with a view to eradicating violent extremism.,"44 recommendations accepted -> 36 implemented or integrated, 8 not progressed (confirmed 2 August 2024)",A full response was mounted and most recommendations were implemented. Eight were still outstanding at the end of the term and were later dropped.,"The Royal Commission's report, containing 44 recommendations, was released on 8 December 2020, and the Government accepted all 44 in principle on the same day. It established Kapuia, a ministerial advisory group including affected communities, and set up the Ministry for Ethnic Communities in 2021. The Department of the Prime Minister and Cabinet tracked progress publicly. The tracker was current to August 2023 at the change of government, with most recommendations complete or under way. On 2 August 2024 the successor government concluded the coordinated response. It reported 36 of the 44 recommendations implemented or integrated into agency work, and confirmed the remaining eight would not be progressed. Those eight included a separate national intelligence agency, a counter-terrorism advisory group, a public reporting system for concerning behaviour, mandatory firearms injury reporting and amendments to hate speech law.",False,,Labour 2020 manifesto,https://s3.ap-southeast-2.amazonaws.com/nzdoctor.files/production/public/2020-10/Labour_Manifesto_2020.pdf,https://www.beehive.govt.nz/release/government-accepts-all-royal-commission-recommendations | https://www.rnz.co.nz/news/national/523941/government-won-t-progress-remaining-8-recommendations-of-christchurch-terror-attack-commission | https://www.dpmc.govt.nz/our-programmes/national-security/royal-commission-inquiry-terrorist-attack-christchurch-masjidain/response-progress,False
primary-labour-on-farm-freshwater-rules,primary,Primary Industries,labour,Labour,coalition-agreement,other,partly,"Set higher water quality standards for rural as well as urban waterways, using measurements that take account of seasonal differences.","Higher rural water standards -> NPS-FM 2020, NES-Freshwater and stock exclusion rules in force 3 Sept 2020; farm plans started in 5 regions by 2023",The rules were made and came into force. The on-farm instruments were still being phased in region by region when the term ended.,"The Essential Freshwater package was gazetted and came into force on 3 September 2020. It included the National Policy Statement for Freshwater Management 2020, the National Environmental Standards for Freshwater, stock exclusion regulations and amended water measurement and reporting rules. On-farm, this brought stock exclusion from waterways on a staged timetable, consent or permitted-activity rules for intensive winter grazing, and freshwater farm plans under a new Part 9A of the Resource Management Act. Farmers were given 18 months to get a certified plan once regulations started in their region. Rollout was slower than the design. Plans had started in only five regions (Waikato, Southland, West Coast, Otago and Manawatu-Whanganui) by the change of government, and independent tracking of the coalition agreement records the water quality commitment as only partially implemented.",False,,"Labour-NZ First Coalition Agreement 2017, priority 47, higher water quality standards for urban and rural",https://www.mcguinnessinstitute.org/wp-content/uploads/2025/03/WP202007-202009-AnalysisOfThe2017Labour-FINAL.pdf,https://environment.govt.nz/assets/publications/npsfm-2020-amended-december-2025.pdf | https://www.russellmcveagh.com/insights-news/fresh-updates-in-the-freshwater-space/ | https://www.beehive.govt.nz/release/freshwater-farm-plan-systems-be-improved,False
primary-labour-biosecurity-funding,primary,Primary Industries,labour,Labour,coalition-agreement,outcome,delivered,Increase the resourcing of Biosecurity New Zealand within the Ministry for Primary Industries.,,Recorded as fully implemented in independent tracking of the coalition agreement.,"Biosecurity New Zealand's resourcing was increased across the term, and independent tracking of the 2017 coalition agreement records this priority as fully implemented. The system was tested heavily during the period by the Mycoplasma bovis eradication programme and border restrictions. The following government continued to fund biosecurity responses, including foot and mouth disease preparedness exercises and the H5 bird flu response in 2026.",False,,"Labour-NZ First Coalition Agreement 2017, priority 4, increase MPI Biosecurity New Zealand resourcing",https://www.mcguinnessinstitute.org/wp-content/uploads/2025/03/WP202007-202009-AnalysisOfThe2017Labour-FINAL.pdf,https://www.mcguinnessinstitute.org/wp-content/uploads/2025/03/WP202007-202009-AnalysisOfThe2017Labour-FINAL.pdf | https://www.beehive.govt.nz/release/big-step-forward-mbovis-programme,False
primary-nzf-biosecurity-inquiry,primary,Primary Industries,labour,NZ First,coalition-agreement,procedural,not-delivered,Hold a Select Committee inquiry into biosecurity.,,Recorded as not implemented. The inquiry never took place.,No Select Committee inquiry into biosecurity was held. Independent tracking of the 2017 coalition agreement records this priority as not implemented. The associated commitment to increase Biosecurity New Zealand's resourcing was implemented.,False,,"Labour-NZ First Coalition Agreement 2017, priority 4a. Select Committee inquiry into biosecurity",https://www.mcguinnessinstitute.org/wp-content/uploads/2025/03/WP202007-202009-AnalysisOfThe2017Labour-FINAL.pdf,https://www.mcguinnessinstitute.org/wp-content/uploads/2025/03/WP202007-202009-AnalysisOfThe2017Labour-FINAL.pdf,False
primary-nzf-forestry-service,primary,Primary Industries,labour,NZ First,coalition-agreement,act,delivered,"Re-establish a New Zealand Forestry Service, located in regional New Zealand.","Re-establish a Forestry Service -> Te Uru Rākau established, based in Rotorua",The agency was created and located in a regional centre as promised.,"Te Uru Rākau (Forestry New Zealand) was established as a business unit within the Ministry for Primary Industries, with its head office in Rotorua. Independent tracking of the coalition agreement records the priority as fully implemented. It administered the associated One Billion Trees programme, which had 149,399,000 trees planted by May 2020.",False,,"Labour-NZ First Coalition Agreement 2017, priority 3, re-establish the New Zealand Forestry Service",https://www.mcguinnessinstitute.org/wp-content/uploads/2025/03/WP202007-202009-AnalysisOfThe2017Labour-FINAL.pdf,https://www.mcguinnessinstitute.org/wp-content/uploads/2025/03/WP202007-202009-AnalysisOfThe2017Labour-FINAL.pdf,False
primary-nzf-aquaculture-growth,primary,Primary Industries,labour,NZ First,coalition-agreement,other,delivered,Recognise and promote the potential of aquaculture as a driver of regional economic growth.,"Aquaculture strategy -> published, targeting a $3 billion industry by 2035","The strategy the commitment called for was published within the term. The $3 billion figure is a 2035 goal, not a term commitment.","The Government released an aquaculture strategy setting a goal of a $3 billion aquaculture industry by 2035, and independent tracking of the coalition agreement records the priority as fully implemented. The sector continued to be supported by later governments, including fast-tracked open ocean salmon farming approval in August 2026 and longer marine farming permit durations.",False,,"Labour-NZ First Coalition Agreement 2017, priority 6, recognise the potential for aquaculture",https://www.mcguinnessinstitute.org/wp-content/uploads/2025/03/WP202007-202009-AnalysisOfThe2017Labour-FINAL.pdf,https://www.mcguinnessinstitute.org/wp-content/uploads/2025/03/WP202007-202009-AnalysisOfThe2017Labour-FINAL.pdf | https://www.beehive.govt.nz/release/open-ocean-salmon-farm-fast-tracked,False
primary-nzf-farm-debt-mediation,primary,Primary Industries,labour,NZ First,coalition-agreement,procedural,delivered,"Examine agricultural debt mediation, along with receivership fees and charges.","Examine farm debt mediation -> Farm Debt Mediation Act passed, Royal assent December 2019",The commitment was to examine the issue and it produced legislation within the term.,The Farm Debt Mediation Bill was passed and received Royal assent in December 2019. It created a compulsory mediation scheme before a secured creditor can take enforcement action against a farm business. Independent tracking of the coalition agreement records the priority as fully implemented.,False,,"Labour-NZ First Coalition Agreement 2017, priority 7, examination of agricultural debt mediation",https://www.mcguinnessinstitute.org/wp-content/uploads/2025/03/WP202007-202009-AnalysisOfThe2017Labour-FINAL.pdf,https://www.mcguinnessinstitute.org/wp-content/uploads/2025/03/WP202007-202009-AnalysisOfThe2017Labour-FINAL.pdf,False
primary-nzf-crown-irrigation,primary,Primary Industries,labour,NZ First,coalition-agreement,other,delivered,Honour the Crown's existing irrigation investment commitments.,,"Existing commitments were honoured, which is what the agreement required.","Existing Crown Irrigation Investments commitments were honoured, while no new government funding for large irrigation schemes was provided. Independent tracking of the coalition agreement records the priority as fully implemented. This sat directly against the Labour-Green confidence and supply agreement, which committed to 'winding down Government support for irrigation'.",False,,"Labour-NZ First Coalition Agreement 2017, priority 5, honour existing Crown Irrigation investment commitments",https://www.mcguinnessinstitute.org/wp-content/uploads/2025/03/WP202007-202009-AnalysisOfThe2017Labour-FINAL.pdf,https://www.mcguinnessinstitute.org/wp-content/uploads/2025/03/WP202007-202009-AnalysisOfThe2017Labour-FINAL.pdf | https://www.interest.co.nz/sites/default/files/embedded_images/Labour%20and%20Green%20Party%20Confidence%20and%20Supply%20Agreement.pdf,False
primary-greens-agriculture-emissions-assistance,primary,Primary Industries,labour,Greens,coalition-agreement,outcome,partly,"Provide assistance to the agricultural sector to reduce biological emissions and improve water quality, and to shift to more diverse and sustainable land use including more forestry.",Farm-level emissions pricing designed under He Waka Eke Noa -> no pricing system in force by Oct 2023; scheme disbanded in 2024,"Research, planting and partnership assistance were delivered, but the pricing and land-use transition the commitment pointed to never took effect.","Agriculture was kept out of the reformed Emissions Trading Scheme in October 2019 in favour of the He Waka Eke Noa primary sector partnership. A legislated backstop would have brought processors into the ETS from 2025 if no alternative was agreed. He Waka Eke Noa reported in 2022 and the Government proposed a farm-level split-gas levy in October 2022. But no farm emissions pricing system was in force when Labour left office in October 2023. Support did flow through research and mitigation programmes and through the One Billion Trees planting programme. The incoming coalition then disbanded He Waka Eke Noa in 2024 and removed agriculture from the ETS entirely. In the January 2026 amendment to the second emissions reduction plan, it confirmed it would not introduce on-farm emissions pricing by 2030.",False,,Labour-Green Confidence and Supply Agreement 2017,https://www.interest.co.nz/sites/default/files/embedded_images/Labour%20and%20Green%20Party%20Confidence%20and%20Supply%20Agreement.pdf,https://www.rnz.co.nz/news/country/476451/he-waka-eke-noa-government-proposes-farm-level-system-by-2025 | https://www.rnz.co.nz/news/political/519248/coalition-exempts-farmers-from-ets-sets-up-fresh-working-group | https://www.beehive.govt.nz/release/agriculture-come-out-ets,False
primary-greens-wind-down-irrigation-support,primary,Primary Industries,labour,Greens,coalition-agreement,outcome,partly,"Improve water quality and prioritise achieving healthy rivers, lakes and aquifers, with stronger regulatory instruments, funding for freshwater enhancement and a wind-down of Government support for irrigation.",Wind down support for irrigation -> existing Crown Irrigation commitments honoured in full,Stronger freshwater regulation and enhancement funding arrived. The irrigation wind-down was constrained by a competing commitment in the other coalition agreement.,"The regulatory side was delivered through the Essential Freshwater package, in force from 3 September 2020. It introduced Te Mana o te Wai and a hierarchy putting the health of water bodies first, together with stock exclusion rules and freshwater farm plans. Government support for irrigation was not wound down in the way the agreement implied. The parallel Labour-NZ First coalition agreement committed to honouring existing Crown Irrigation investment commitments, and that commitment was recorded as fully implemented. Freshwater enhancement funding was provided through Jobs for Nature and catchment programmes.",True,"The Greens can point to the 2020 freshwater rules as the strongest regulatory instruments ever applied to farming. Critics of the claim note that the commitment to wind down irrigation support was cut across by the NZ First commitment to honour existing Crown irrigation investments, which was implemented in full.",Labour-Green Confidence and Supply Agreement 2017,https://www.interest.co.nz/sites/default/files/embedded_images/Labour%20and%20Green%20Party%20Confidence%20and%20Supply%20Agreement.pdf,https://www.mcguinnessinstitute.org/wp-content/uploads/2025/03/WP202007-202009-AnalysisOfThe2017Labour-FINAL.pdf | https://environment.govt.nz/assets/publications/npsfm-2020-amended-december-2025.pdf | https://www.russellmcveagh.com/insights-news/fresh-updates-in-the-freshwater-space/,False
primary-national-reverse-live-export-ban,primary,Primary Industries,national,National,coalition-agreement,act,partly,Reverse the recent ban on live animal exports while ensuring the highest standards of animal welfare.,Reverse the live export ban -> legislation timetable slipped from early 2025; exports had not resumed by Aug 2026,Consultation and policy work proceeded. But the ban had not been lifted and the trade had not resumed nearly three years into the term.,"On 27 June 2024 the Government said it would consult before September 2024, take Cabinet decisions by the end of 2024 and introduce legislation amending the Animal Welfare Act 1999 in early 2025. By 20 November 2024 the timetable had shifted. Officials would engage with industry and animal welfare groups over November and December 2024, a discussion document would be released for public comment in 2025, and legislative proposals would go to a select committee during 2025. Ministers said exports would only restart once strengthened welfare standards were in effect, and that exports for slaughter, stopped in 2007, would not resume. The trade was valued at $374 million in 2022. No announcement that livestock exports by sea had resumed had been made as at August 2026.",True,"The Government's position is that the reversal is on track and deliberately sequenced behind new welfare standards, which would make this in-progress. Read against the promise itself, the ban is still in force close to three years after the commitment was signed. That reads as well short of delivery.",National-NZ First Coalition Agreement 2023 (the same commitment appears in the National-ACT agreement),https://assets.nationbuilder.com/nzfirst/pages/4462/attachments/original/1700784896/National___NZF_Coalition_Agreement_signed_-_24_Nov_2023.pdf,https://www.beehive.govt.nz/release/government-progressing-commitment-reinstate-livestock-exports-sea | https://www.beehive.govt.nz/release/government-continues-work-reinstate-livestock-exports-sea,False
primary-nzf-luc-forestry-ets-ban,primary,Primary Industries,national,NZ First,manifesto,act,delivered,"Stop exotic planting on Land Use Capability class 1, 2, 3, 4 and 5 land from entering the Emissions Trading Scheme for carbon sequestration. The aim is to protect productive farmland from carbon farming.","No exotic ETS forestry on LUC 1-5 -> legislated 2025, with LUC 6 capped at 15,000 hectares a year","The LUC 1-5 restriction the manifesto specified was legislated, with an added annual cap on LUC 6 and a 25 per cent on-farm allowance.","The policy was announced on 4 December 2024. The Climate Change Response (Emissions Trading Scheme. Forestry Conversions) Amendment Bill was introduced on 10 June 2025 and passed its first reading on 25 June 2025, with effect intended from October 2025. Exotic forestry on actively farmed LUC 1-5 land is restricted from entering the ETS. LUC 6 land is capped at 15,000 hectares of new ETS registrations a year, allocated by ballot from mid-2026 with a reserved share for small block holders. Landowners may still put up to 25 per cent of LUC 1-6 land into ETS forestry. There are transitional exemptions for investments made between 1 January 2021 and 4 December 2024, and specific protections for Māori-owned land.",False,,"New Zealand First 2023 Policy Manifesto: 'Right tree, right place'",https://assets.nationbuilder.com/nzfirst/pages/4158/attachments/original/1696631089/2023-New-Zealand-First-Policy-Manifesto-1.pdf,https://www.beehive.govt.nz/release/legislation-introduced-restrict-farm-forest-conversions | https://www.beehive.govt.nz/release/protecting-nz-food-production-and-ets-credibility | https://www.beehive.govt.nz/release/farm-forest-ban-passes-first-reading,False
primary-nzf-wool-in-government-buildings,primary,Primary Industries,national,NZ First,coalition-agreement,other,partly,"Direct government agencies, where practical and appropriate, to prefer woollen fibres rather than artificial fibres in government buildings.",Prefer wool in government buildings -> Kāinga Ora carpet tender reopened to wool Jan 2025; detailed direction still being worked through,"The one clear procurement outcome was a single agency reopening a tender. Sector investment has been large, but a whole-of-government wool preference direction has not been published.","In January 2025 Kāinga Ora reopened its carpet tender to include wool suppliers, after ministers objected to woollen carpets being ruled out. The Housing Minister said at the time the Government was still 'working through the finer details' of the wool preference commitment. Separate support for the sector followed, rather than a published procurement rule. It included a government woolshed roadshow in April 2024, the reopening of a wool scouring facility in April 2024, and an export deal for wool particle technology in December 2025. On 11 June 2026 the Government announced an $8 million contribution to a $20 million Wool Source manufacturing plant in Christchurch, with capacity of one million kilograms a year.",False,,National-NZ First Coalition Agreement 2023,https://assets.nationbuilder.com/nzfirst/pages/4462/attachments/original/1700784896/National___NZF_Coalition_Agreement_signed_-_24_Nov_2023.pdf,https://www.beehive.govt.nz/release/ministers-welcome-k%C4%81inga-ora%E2%80%99s-revised-approach-wool-carpets | https://www.beehive.govt.nz/release/boosting-returns-kiwi-wool-growers,False
primary-act-significant-natural-areas,primary,Primary Industries,national,ACT,coalition-agreement,other,delivered,Cease the implementation of new Significant Natural Areas and seek advice on the operation of existing Significant Natural Areas.,"Cease new SNAs -> three-year suspension announced 14 March 2024, legislated 24 October 2024",Both limbs of the commitment (stopping new SNAs and reviewing existing ones) were actioned and legislated within the first year.,On 14 March 2024 the Government announced a three-year suspension of councils' obligation to identify new Significant Natural Areas under the National Policy Statement for Indigenous Biodiversity. It told councils they no longer needed to comply with the SNA provisions. The scope of a review of existing SNAs was announced on 28 August 2024. The suspension passed its third reading on 24 October 2024 as part of the first Resource Management Act amendment bill.,False,,National-ACT Coalition Agreement 2023,https://assets.nationbuilder.com/actnz/mailings/6945/attachments/original/National_ACT_Agreement.pdf,https://www.beehive.govt.nz/release/significant-natural-areas-requirement-be-suspended | https://www.beehive.govt.nz/release/suspension-new-snas-passes-its-third-reading | https://www.rnz.co.nz/news/politics/511689/government-drops-need-for-councils-to-comply-with-significant-natural-areas-provisions,False
primary-national-freshwater-farm-plans,primary,Primary Industries,national,National,coalition-agreement,outcome,delivered,"Improve farm plans so they are more cost-effective and pragmatic for farmers, tailored to the risks on the property and catchment rather than applied broadly.","Cheaper, more pragmatic farm plans -> minimum farm size lifted from 20ha to 50ha, about 8,000 farms exempted","The system was legislatively rewritten along the lines promised, with a narrower scope and industry certification.","On 10 April 2024 the Government announced the freshwater farm plan system would be reworked because it was 'too costly and complex, and too broadly applied'. The rollout was paused from September 2024, and Southland farmers were given more time in November 2024. The Resource Management (Consenting and Other System Changes) Amendment Act, announced as law on 20 August 2025, allowed approved industry organisations such as Horticulture New Zealand's NZGAP and Fonterra's Tiaki to certify and audit plans. It also refocused plans on actual farm risks and lifted the minimum farm size requiring a plan from 20 hectares to 50 hectares for sheep, beef, arable, orcharding and viticulture. About 8,000 smaller, lower-risk farms no longer need a plan. An improved farm plan system for Southland was announced on 18 May 2026.",False,,"National-ACT Coalition Agreement 2023, improve Farm Environment Plans so they are more cost-effective and pragmatic for farmers",https://assets.nationbuilder.com/actnz/mailings/6945/attachments/original/National_ACT_Agreement.pdf,https://www.beehive.govt.nz/release/freshwater-farm-plan-systems-be-improved | https://www.beehive.govt.nz/release/farming-get-easier-improved-freshwater-farm-plans | https://www.beehive.govt.nz/release/southland-farmers-benefit-under-improved-farm-plan-system,False
primary-nzf-catchment-farm-plans-reporting,primary,Primary Industries,national,NZ First,coalition-agreement,other,largely,"Support Farm Environment Plans administered by regional councils and targeted at a catchment level, and adopt standardised farm level reporting.",Catchment-level farm plans -> $36m over four years for catchment group support announced June 2024,"Catchment-level support and standardised measurement were delivered, but certification was shifted partly away from regional councils rather than administered by them.","Budget 2024 provided $36 million over four years for regionally based MPI staff supporting catchment groups. It was announced on 5 June 2024, with $7 million going directly to 11 catchment groups and collectives. Further catchment group funding was announced in May 2025, and longer-term certainty for rural catchment groups was announced on 11 June 2026. On standardised reporting, the Government announced a standardised on-farm emissions measurement tool on 13 December 2024. Farm plans themselves moved away from purely council administration. The 2025 Resource Management amendment allows approved industry bodies, not only regional councils, to certify and audit freshwater farm plans.",False,,National-NZ First Coalition Agreement 2023,https://assets.nationbuilder.com/nzfirst/pages/4462/attachments/original/1700784896/National___NZF_Coalition_Agreement_signed_-_24_Nov_2023.pdf,https://www.beehive.govt.nz/release/36-million-commitment-local-catchment-groups | https://www.beehive.govt.nz/release/government-delivers-standardised-emissions-measurement-tool | https://www.beehive.govt.nz/release/creating-certainty-rural-catchment-groups,False
primary-national-double-exports,primary,Primary Industries,national,National,manifesto,outcome,partly,"Double the value of New Zealand's exports within a decade, with food and fibre exports carrying much of the growth.","Double exports in a decade -> food and fibre exports forecast at $64.3b for the year to June 2026, projected $70.1b by 2030","Export values are rising and hitting records. But the forecast growth path to 2030 is far short of doubling, and the ten-year period runs past the current term.","The Ministry for Primary Industries' June 2026 outlook forecast food and fibre export revenue of $64.3 billion for the year to 30 June 2026, up 6 per cent. That was made up of dairy at $28.6 billion (up 5 per cent) and meat and wool at $14.1 billion (up 14 per cent). Horticulture was $9.5 billion (up 7 per cent), and processed foods and other products $3.5 billion (up 5 per cent). The same forecast projects $70.1 billion by June 2030. The December 2025 forecast had been $62 billion. Trade agreements concluded in the period include the NZ-EU FTA entering into force on 1 May 2024, a Gulf Cooperation Council deal in October 2024 and a free trade agreement with India announced on 22 December 2025.",False,,"National 2023 commitment to double the value of New Zealand's exports within a decade, as restated by the Government at Fieldays 2026",https://www.beehive.govt.nz/release/food-and-fibre-exports-set-hit-record-643-billion,https://www.beehive.govt.nz/release/food-and-fibre-exports-set-hit-record-643-billion | https://www.beehive.govt.nz/release/food-and-fibre-exports-set-reach-record-62-billion | https://www.beehive.govt.nz/release/new-zealand-secures-landmark-free-trade-agreement-india,False
primary-nzf-cut-rural-red-tape,primary,Primary Industries,national,NZ First,coalition-agreement,outcome,partly,"Cut red tape and regulatory blocks on irrigation, water storage, managed aquifer recharge and flood protection schemes.",Cut rural red tape -> 12 national direction instruments amended and 4 new ones proposed from May 2025; RMA replacement bills still in Parliament in Aug 2026,A large deregulation programme is well advanced but the central resource management replacement was still before Parliament as at August 2026.,"Consultation opened on 29 May 2025 on a sweeping national direction package. It covered amendments to 12 instruments and 4 new ones across infrastructure, primary sector and freshwater, with a target of 16 new or updated national direction instruments in place by the end of 2025. The primary sector package proposed removing restrictions on non-intensive grazing of beef cattle and deer in wetlands, and removing LUC 3 land from the National Policy Statement on Highly Productive Land. It also proposed streamlining aquaculture consent changes, easing forestry rules and creating special agricultural areas around horticulture hubs such as Pukekohe and Horowhenua. Updated national direction for natural hazards and highly productive land was announced on 15 January 2026. The Natural Environment Bill and Planning Bill replacing the Resource Management Act were reported back from select committee in July 2026, with the Agriculture Minister calling it a significant step for the primary sector.",False,,National-NZ First Coalition Agreement 2023,https://assets.nationbuilder.com/nzfirst/pages/4462/attachments/original/1700784896/National___NZF_Coalition_Agreement_signed_-_24_Nov_2023.pdf,https://www.beehive.govt.nz/release/consultation-opens-sweeping-overhaul-primary-sector-regulations | https://www.beehive.govt.nz/release/updated-national-direction-natural-hazards-and-highly-productive-land | https://www.beehive.govt.nz/release/select-committee-report-natural-environment-bill-and-planning-bill-welcomed,False
primary-national-rse-cap,primary,Primary Industries,national,National,manifesto,outcome,partly,Double the cap on Recognised Seasonal Employer workers to give horticulture and viticulture a bigger seasonal workforce.,"Double the RSE cap -> about 17,000 RSE workers a year as at July 2026, scheme changes staged 2027-2029","The scheme was reviewed and reworked but the published intake remains at about 17,000 a year, nowhere near double.","An RSE modernisation package was announced on 28 July 2026. It includes a graduated accreditation system recognising employers with a strong track record, and more flexibility for workers to move between employers with added safeguards. It also sets clearer rules on recoverable transport, insurance and accommodation costs, and adds internet access to accommodation standards. The changes are staged from early 2027 through to 2029. The Government's own statement records about 17,000 RSE workers a year across 207 accredited employers, alongside horticulture export growth from $2.5 billion in 2007 to nearly $9 billion. No doubling of the scheme's cap has been announced.",True,"Read strictly, no doubling of the cap has been announced and annual intake remains around 17,000. Read generously, RSE settings have been reworked to expand employer capacity, and the changes do not take effect until 2027-2029, so the outcome is not yet measurable.","National 2023 horticulture policy, as summarised in RNZ's guide to party policy",https://www.rnz.co.nz/programmes/news-extras/story/2018902030/election-2023-rnz-s-guide-to-party-policy,https://www.beehive.govt.nz/release/simpler-clearer-more-effective-rse-scheme | https://www.beehive.govt.nz/release/new-zealand-horticulture-sector-set-reach-record-high,False
primary-nzf-bycatch-review,primary,Primary Industries,national,NZ First,manifesto,procedural,largely,"Review the suitability of the systems dealing with by-catch within the Quota Management System, while retaining the QMS itself.","Review bycatch systems -> consultation drew over 22,000 submissions; retention ban on 19 reef fish species kept, 19 March 2026",The bycatch review the manifesto promised was carried out with public consultation and produced ministerial decisions. Parts of the package remain undecided.,"The Government consulted on a wider package of commercial fishing rule changes, including a proposal to let commercial fishers retain and sell 19 non-quota reef fish species taken as bycatch. The consultation drew more than 22,000 submissions. On 19 March 2026 the Oceans and Fisheries Minister decided to keep the existing ban, in place since 1993, saying he had weighed the costs and benefits along with feedback from recreational fishers and the public. Further decisions from the same consultation were still to be announced, including proposed changes to the deemed value regime consulted on in January 2026.",False,,"New Zealand First 2023 Policy Manifesto, fisheries",https://assets.nationbuilder.com/nzfirst/pages/4158/attachments/original/1696631089/2023-New-Zealand-First-Policy-Manifesto-1.pdf,https://www.beehive.govt.nz/release/ban-retaining-reef-fish-bycatch-remains | https://www.beehive.govt.nz/release/changes-proposed-deemed-value-fish,False
primary-nzf-forestry-slash,primary,Primary Industries,national,NZ First,coalition-agreement,act,partly,Amend the National Environmental Standards for Plantation Forestry to place a duty on harvesters to contain and remove post-harvest slash.,,The change is being carried inside a wider resource management rewrite still before Parliament rather than delivered as a standalone amendment.,"Forestry rules were folded into the wider national direction programme consulted on from 29 May 2025, which included reducing inefficiencies in forestry regulation. They were also folded into the Resource Management Act replacement bills reported back from select committee in July 2026. Slash management in the worst-affected region remained an active problem. On 17 August 2026 the Government appointed a facilitator to restore confidence in Tairawhiti forestry. A specific standalone duty on harvesters to contain and remove slash had not been separately announced as in force by August 2026.",False,,National-NZ First Coalition Agreement 2023,https://assets.nationbuilder.com/nzfirst/pages/4462/attachments/original/1700784896/National___NZF_Coalition_Agreement_signed_-_24_Nov_2023.pdf,https://www.beehive.govt.nz/release/consultation-opens-sweeping-overhaul-primary-sector-regulations | https://www.beehive.govt.nz/release/government-appoints-facilitator-restore-confidence-tair%C4%81whiti-forestry,False
public-service-labour-rnz-tvnz-merger,public-service,Public Service & Regulation,labour,Labour,manifesto,other,abandoned,"Merge Radio New Zealand and Television New Zealand into one new public media entity, Aotearoa New Zealand Public Media. It would run as an autonomous Crown entity from 1 March 2023.",Merged entity from 1 March 2023 -> cancelled 8 Feb 2023 at a sunk cost of about $19.6m,"The promising party cancelled the merger outright in February 2023, after the bill had already passed its first reading.","Broadcasting Minister Willie Jackson introduced the Aotearoa New Zealand Public Media Bill on 23 June 2022. It passed its first reading on 26 July 2022. The start date slipped from 1 March 2023 to July 2023. On 8 February 2023 Prime Minister Chris Hipkins announced the merger would stop entirely, as part of a policy reprioritisation towards cost-of-living measures. RNZ received an extra $10 million instead. By April 2023 the cancelled project had cost about $19.6 million. That was roughly $12 million on contractors and consultants, $2.6 million on offices and overheads, and $3 million in compensation to TVNZ, RNZ and NZ On Air.",False,,"Labour 2020 term commitment to a new public media entity, following the 2019 advisory group process and Cabinet consideration in January 2020",https://en.wikipedia.org/wiki/Aotearoa_New_Zealand_Public_Media,https://en.wikipedia.org/wiki/Aotearoa_New_Zealand_Public_Media | https://en.wikipedia.org/wiki/Sixth_Labour_Government_of_New_Zealand,False
public-service-labour-foreign-donations,public-service,Public Service & Regulation,labour,Labour,manifesto,act,delivered,Ban foreign donations to political parties and candidates above a nominal threshold.,Foreign donation cap cut to $50,The ban was legislated and in force well before the end of the term.,"A law was passed banning foreign donations above NZ$50 to political parties and candidates. It replaced the previous $1,500 threshold. The change was in force for the 2020 general election and stayed in place for the rest of the term.",False,,Labour 2017-2020 term commitment to tighten electoral donation rules against foreign influence,https://en.wikipedia.org/wiki/Sixth_Labour_Government_of_New_Zealand,https://en.wikipedia.org/wiki/Sixth_Labour_Government_of_New_Zealand,False
public-service-labour-prisoner-voting,public-service,Public Service & Regulation,labour,Labour,manifesto,act,delivered,"Restore the right to vote for prisoners serving sentences of less than three years, reversing the 2010 blanket ban.",Voting restored for sentences under 3 years; ban retained for 3 years and over,The promised partial restoration was legislated within the term. Lifting the wider ban was never promised.,"A law passed in 2020 restored the vote to prisoners serving sentences of under three years, in time for the general election that year. Separate legislation removed the Electoral Commission's power to strike prisoners from the electoral roll. The blanket ban on voting for those serving three years or more stayed in place.",False,,Labour 2020 term commitment to act on the Supreme Court's declaration of inconsistency and the Waitangi Tribunal's findings on the prisoner voting ban,https://en.wikipedia.org/wiki/Sixth_Labour_Government_of_New_Zealand,https://en.wikipedia.org/wiki/Sixth_Labour_Government_of_New_Zealand,False
public-service-greens-cannabis-referendum,public-service,Public Service & Regulation,labour,Greens,coalition-agreement,other,delivered,"Hold a referendum on legalising the personal use of cannabis at, or by, the 2020 general election.","Referendum by the 2020 election -> held 17 Oct 2020, 51.17 per cent no to 48.83 per cent yes","The promise was to hold the referendum by the 2020 election, and it was held on time. The outcome was not part of the commitment.","The referendum was held alongside the general election on 17 October 2020. It asked voters whether they supported the proposed Cannabis Legalisation and Control Bill. Voters rejected the proposal: 1,474,635 votes (51.17 per cent) against and 1,406,973 votes (48.83 per cent) in favour. The referendum was non-binding, so Parliament was not required to act on the result. The bill was not proceeded with.",False,,Labour-Greens Confidence and Supply Agreement 2017,https://en.wikipedia.org/wiki/2020_New_Zealand_cannabis_referendum,https://en.wikipedia.org/wiki/2020_New_Zealand_cannabis_referendum | https://en.wikipedia.org/wiki/Sixth_Labour_Government_of_New_Zealand,False
public-service-nzfirst-2017-smacking-referendum,public-service,Public Service & Regulation,labour,NZ First,manifesto,other,superseded,Hold a binding referendum on overturning New Zealand's anti-smacking law.,"Binding referendum promised -> dropped in the 2017 coalition negotiation, 0 held","The commitment was traded away in the 2017 coalition negotiation, before the government took office.","In the October 2017 coalition negotiations, NZ First agreed to drop its demand for referendums on overturning the anti-smacking law and on abolishing the Māori electorates. That was part of the price of forming a government with Labour. Neither referendum was held during the 2017-2023 government, and the law was not changed.",False,,"NZ First 2017 election campaign commitment to binding referendums, including on the anti-smacking law",https://en.wikipedia.org/wiki/Sixth_Labour_Government_of_New_Zealand,https://en.wikipedia.org/wiki/Sixth_Labour_Government_of_New_Zealand,False
public-service-national-act-public-service-act-amendment,public-service,Public Service & Regulation,national,National,coalition-agreement,act,partly,"Amend the Public Service Act 2020 to clarify the role of the public service, drive performance, and make it accountable for delivering the agenda of the government of the day.","Amend the Public Service Act 2020 -> bill first reading 31 July 2025, not passed as at Aug 2026","Term unfinished: the bill was introduced and passed a first reading, but it had not been enacted with under three months of the term remaining.","Public Service Minister Judith Collins announced the overhaul on 1 April 2025. She said the 2020 Act 'added new responsibilities to the core role of chief executives which diminished their responsibility for implementing government policies'. The Public Service Amendment Bill passed its first reading on 31 July 2025. It clarifies the role of the public service, streamlines chief executive responsibilities and reinforces merit-based appointments. It also ends automatic reappointment at the end of a fixed term and strengthens performance management. It removes pay equity, diversity and inclusion provisions on the basis that they are covered elsewhere. The bill had not passed its remaining stages as at 17 August 2026. A separate Plain Language Act Repeal Bill passed its first reading on 1 April 2025.",False,,National-ACT Coalition Agreement 2023,https://www.russellmcveagh.com/media/h1whr1gg/national-act-nz-first-coalition-government-policies-public-services.pdf,https://www.beehive.govt.nz/release/back-basics-public-service | https://www.beehive.govt.nz/release/public-service-get-back-basics-deliver-value | https://www.beehive.govt.nz/portfolio/nationalactnew-zealand-first-coalition-government-2023-2026/public-service,False
public-service-national-consultant-spending,public-service,Public Service & Regulation,national,National,manifesto,outcome,delivered,Cut public service spending on consultants and contractors by $400 million over two years to 2024/25.,$400m saved on consultants and contractors over 2 years -> about $800m by June 2025,"The savings target was met and roughly doubled inside the promised period, on the Government's own published figures.","Public Service Minister Judith Collins announced on 27 March 2025 that savings were on track to reach about $800 million by the end of June. That is double the original $400 million target. Earlier data released on 13 June 2024 showed contractor and consultant spending had fallen to $700.5 million over nine months. That was down 34 per cent on an annualised basis, and the lowest share of total workforce expenditure since 2018. A further release on 9 October 2025 reported contractor spending down by $915 million, while frontline roles increased over two years.",False,,"National 2023 campaign commitment to cut back-office and contractor spending, given effect by the Government's savings target set in Budget 2024",https://www.beehive.govt.nz/release/cuts-consultant-contractor-spend-exceed-target,https://www.beehive.govt.nz/release/cuts-consultant-contractor-spend-exceed-target | https://www.beehive.govt.nz/release/latest-data-shows-size-public-service-decreasing | https://www.beehive.govt.nz/portfolio/nationalactnew-zealand-first-coalition-government-2023-2026/public-service,False
public-service-nzfirst-core-crown-expenditure,public-service,Public Service & Regulation,national,NZ First,coalition-agreement,outcome,partly,Reduce Core Crown expenditure as a proportion of the overall economy.,"Public service FTEs 65,699 (Dec 2023 peak) -> 62,654 (Jun 2025) -> 64,535 (Mar 2026); target 55,000 by July 2029","Spending as a share of the economy was forecast to fall, but the reduction sits mostly beyond the end of this term. The public service workforce was also larger in March 2026 than a year earlier.","Public service full-time equivalent staff peaked at 65,699 in the December 2023 quarter. Over the next 18 months they fell 4.6 per cent to 62,654 by June 2025, then rose again to 64,535 by March 2026. Budget 2026 was delivered on 28 May 2026. It forecast core Crown expenses staying stable as a share of GDP for the first two forecast years, then falling to 30.3 per cent of GDP in 2029/30. It also forecast the operating balance returning to a $2.6 billion surplus in 2028/29, and net core Crown debt peaking at 46.1 per cent of GDP in 2027/28. On 19 May 2026 Finance Minister Nicola Willis announced a plan to cut 8,700 public sector jobs and merge departments by mid-2029. It targets 55,000 FTEs by July 2029 and $2.4 billion of savings, with teachers, doctors, nurses, police and defence personnel excluded.",False,,"National-NZ First Coalition Agreement, signed 24 November 2023",https://assets.nationbuilder.com/nzfirst/pages/4462/attachments/original/1700784896/National___NZF_Coalition_Agreement_signed_-_24_Nov_2023.pdf,https://www.publicservice.govt.nz/data/workforce-data/public-sector-composition/workforce-size | https://budget.govt.nz/budget/2026/fiscal-strategy-report/fiscal-outlook.htm | https://www.globalgovernmentforum.com/new-zealand-government-announces-plan-to-cut-nearly-9000-public-service-jobs/ | https://en.wikipedia.org/wiki/2026_New_Zealand_budget,False
public-service-nzfirst-four-year-term-referendum,public-service,Public Service & Regulation,national,NZ First,coalition-agreement,other,not-delivered,Support a bill providing for a binding referendum on extending the parliamentary term from three years to four.,"Binding referendum on a 4-year term -> scrapped 18 Feb 2026, 0 referendums held","The referendum the commitment was aimed at was explicitly dropped in February 2026, and the term was not extended.","A four-year term proposal was progressed during the term. But on 18 February 2026 the Government confirmed it had scrapped plans to hold a referendum on extending the parliamentary term at the 2026 general election. No referendum on the parliamentary term was held or scheduled, and the three-year term applied to the 7 November 2026 election.",True,"The commitment was to support a bill to a referendum, not to guarantee a referendum. On that reading the parties met their obligation, and the referendum simply did not survive the parliamentary process. The detail of the bill's progress through the House was not established from the sources available for this run. The status call therefore rests mainly on the February 2026 decision not to hold the referendum.","National-NZ First Coalition Agreement, signed 24 November 2023",https://assets.nationbuilder.com/nzfirst/pages/4462/attachments/original/1700784896/National___NZF_Coalition_Agreement_signed_-_24_Nov_2023.pdf,https://en.wikipedia.org/wiki/2026_in_New_Zealand | https://en.wikipedia.org/wiki/2026_New_Zealand_general_election,False
public-service-nzfirst-covid-inquiry,public-service,Public Service & Regulation,national,NZ First,coalition-agreement,procedural,delivered,"Conduct a full-scale, wide-ranging, independent public inquiry into the Covid-19 pandemic response, covering matters the existing inquiry did not.","Wider Covid-19 inquiry -> scope expanded 2 Feb 2024, phase two hearings from 7 July 2025, report 10 March 2026","A second, expanded inquiry phase covering the promised subject matter was established and reported inside the term.","The Labour government established the Royal Commission of Inquiry into COVID-19 Lessons Learned on 5 December 2022. It launched on 1 February 2023 at an estimated cost of $15 million. On 2 February 2024 Internal Affairs Minister Brooke van Velden announced the scope would be expanded. On 25 June 2024 the Government confirmed a second phase covering vaccine efficacy and safety, the use of vaccine mandates, lockdowns, and the disruption to health, education and business. The phase one report was released on 28 November 2024. Phase two public hearings began on 7 July 2025. The phase two report was released on 10 March 2026 and concluded that the response was effective but late and poorly communicated.",True,"NZ First campaigned for a separate standalone inquiry. The Government instead expanded and re-staged the existing Royal Commission. Supporters say the expanded terms of reference cover everything that was promised. Critics, including some of those who pushed for the inquiry, say reusing the existing commission was not the fresh independent inquiry that was sought. The terms of reference, hearing dates and report dates are agreed.","National-NZ First Coalition Agreement, signed 24 November 2023",https://assets.nationbuilder.com/nzfirst/pages/4462/attachments/original/1700784896/National___NZF_Coalition_Agreement_signed_-_24_Nov_2023.pdf,https://en.wikipedia.org/wiki/Royal_Commission_of_Inquiry_into_COVID-19_Lessons_Learned | https://en.wikipedia.org/wiki/2026_in_New_Zealand | https://en.wikipedia.org/wiki/Sixth_National_Government_of_New_Zealand,False
public-service-act-regulatory-standards-act,public-service,Public Service & Regulation,national,ACT,coalition-agreement,act,delivered,"Pass a Regulatory Standards Act setting principles of responsible regulation, so that all new and existing legislation is tested against those principles.","Regulatory Standards Act -> passed 13 Nov 2025, in force 1 July 2026; about 23,000 submissions, 88 per cent opposed","The Act was passed and brought into force inside the term, with the review board established and operating.","Public consultation ran from 19 November 2024 to 13 January 2025 and drew nearly 23,000 submissions. The Ministry estimated 88 per cent opposed the proposal and 0.33 per cent supported it. The bill was introduced on 19 May 2025 and passed its first reading on 23 May 2025 by 68 votes to 55. The Finance and Expenditure Committee heard oral submissions on 7-10 July 2025 and reported back on 10 October 2025. The bill passed its second reading on 4 November 2025 and its third reading on 13 November 2025, on party lines, with royal assent later that month. A Regulatory Standards Board was appointed on 20 April 2026, statutory guidance was issued on 15 May 2026, and the Act took effect on 1 July 2026.",True,"ACT's position is that the Act creates a transparent, non-binding quality check on regulation, protecting property rights and the rule of law. Opponents, including the large majority of submitters, argued it embeds a particular economic philosophy in statute, weakens environmental protection and omits the Treaty of Waitangi. The Waitangi Tribunal heard an urgent claim on 15 May 2025 and issued an interim report on 16 May 2025, urging the Crown to pause for consultation with Māori. David Seymour disputed the submission figures, claiming 99.5 per cent were bot-generated. The legislative dates and vote outcomes are not in dispute.",National-ACT Coalition Agreement 2023,https://www.russellmcveagh.com/media/h1whr1gg/national-act-nz-first-coalition-government-policies-public-services.pdf,https://en.wikipedia.org/wiki/Regulatory_Standards_Act_2025 | https://www.beehive.govt.nz/portfolio/nationalactnew-zealand-first-coalition-government-2023-2026/regulation | https://en.wikipedia.org/wiki/54th_New_Zealand_Parliament,False
public-service-national-department-mergers,public-service,Public Service & Regulation,national,National,manifesto,outcome,partly,"Reduce the size and number of government departments and back-office functions, protecting frontline staff such as teachers, doctors, nurses and police.","Back-office reduction promised -> 4 agencies merged into MCERT from July 2026; 8,700 further cuts scheduled to mid-2029, FTEs 64,535 as at March 2026","Real agency mergers and savings were achieved. But the public service was still larger in March 2026 than in mid-2025, and most of the promised reduction is scheduled for after this term.","Finance Minister Nicola Willis asked departments on 26 January 2024 to identify $1.5 billion in annual savings. At least 845 job losses had been signalled by 6 April 2024. On 16 December 2025 the Government announced a merger. The Ministry for the Environment, the Ministry of Housing and Urban Development, the Ministry of Transport and the local government functions of the Department of Internal Affairs would become a new Ministry of Cities, Environment, Regions and Transport. The enabling legislation passed on 27 May 2026 and the ministry was to be operational from July 2026. Judith Collins said the merger was 'not intended as a cost-cutting exercise'. On 19 May 2026 the Government announced a further 8,700 job reductions and department mergers by mid-2029, a 14 per cent cut. That targets 55,000 FTEs and $2.4 billion of savings. Budget 2026 cut Te Puni Kōkiri by $23.6 million, the Ministry for Pacific Peoples by $2.8 million and the Ministry for Culture and Heritage by $27 million.",True,"The exact wording of National's 2023 back-office commitment was not verified from a primary manifesto document in this run. The promise text is therefore a summary of the position the Government has consistently described, rather than a word-for-word quotation. The events, dates and figures in the record of what happened all come from Government or Budget sources.",National 2023 campaign commitment to reduce back-office bureaucracy and the number of government agencies while protecting frontline services,https://www.globalgovernmentforum.com/new-zealand-government-announces-plan-to-cut-nearly-9000-public-service-jobs/,https://www.beehive.govt.nz/release/new-ministry-deliver-better-housing-transport-and-environmental-outcomes | https://en.wikipedia.org/wiki/2026_New_Zealand_budget | https://en.wikipedia.org/wiki/2026_in_New_Zealand | https://www.publicservice.govt.nz/data/workforce-data/public-sector-composition/workforce-size,False
gapfill-greens-public-sector-gender-pay-gap,public-service,Public Service & Regulation,labour,Greens,coalition-agreement,outcome,partly,Eliminate the gender pay gap within the public sector.,Eliminate the public sector gender pay gap -> median gap fell from 10.7 per cent (2018) to 5.8 per cent (June 2023); mean gap 7.1 per cent,"The gap roughly halved over the term, but the agreement promised elimination and it was not eliminated.","The Public Service Commission ran a Gender Pay Gap Action Plan from 2018. It then ran Kia Toipoto, the Public Service Pay Gaps Action Plan 2021-24. That plan extended coverage to Māori, Pacific and ethnic pay gaps, and required every agency to publish an action plan. The public service median gender pay gap fell from 10.7 per cent in 2018 to 5.8 per cent as at 30 June 2023. The mean gap was 7.1 per cent in 2023 ($101,700 average for men against $94,500 for women). The gap narrowed but was not eliminated by the October 2023 handover, and Kia Toipoto ran to 2024.",False,,"Labour-Green Confidence and Supply Agreement 2017, policy goal 12, eliminate the gender pay gap within the public sector",https://thestandard.org.nz/labour-green-confidence-and-supply-agreement-released/,https://www.publicservice.govt.nz/research-and-data/workforce-data-2023/workforce-data-2023-remunerationpay/workforce-data-2023-pay-gaps | https://www.publicservice.govt.nz/system/public-service-people/pay-gaps-and-pay-equity/kia-toipoto,False
gapfill-national-labour-public-interest-journalism-fund,public-service,Public Service & Regulation,labour,Labour,manifesto,act,delivered,Provide multi-year contestable funding through NZ On Air to fund public interest journalism.,"$55m fund promised -> about $64m allocated, 73 projects and 219 roles funded by April 2023","The multi-year contestable fund was set up through NZ On Air and fully allocated within the term, as promised.","A $55 million three-year Public Interest Journalism Fund was announced in 2021 and administered by NZ On Air. NZ On Air added a further $9 million, taking the total to about $64 million. The fund ran from July 2021 and completed its final general funding round in April 2023, across seven rounds. It supported 73 projects, 219 journalism roles and 22 industry development initiatives, including regional coverage and Māori journalist training. NZ On Air reported more than 60,000 pieces of funded content and over 134 million views by early April 2023. The fund was time-limited and was not renewed.",False,,Labour 2020 manifesto,https://s3.ap-southeast-2.amazonaws.com/nzdoctor.files/production/public/2020-10/Labour_Manifesto_2020.pdf,https://www.nzonair.govt.nz/news/expectations-exceeded-as-public-interest-journalism-fund-comes-to-a-close/ | https://www.nzherald.co.nz/nz/government-earmarks-55-million-to-support-public-interest-journalism-with-new-media-fund/5UU3XEUYEQ2422SKPKJR4JQZ2M/,False
gapfill-national-labour-electoral-finance-review,public-service,Public Service & Regulation,labour,Labour,manifesto,outcome,partly,"Protect the integrity of New Zealand elections and voters' access to the polls, including a review of election financing rules.","Review of financing rules -> disclosure changes legislated Dec 2022; Independent Electoral Review reported 30 Nov 2023, after the term","Targeted donation and loan disclosure changes were legislated. But the broader review of financing rules reported only after the term had ended, and produced no legislative change.","Two workstreams followed. The Electoral Amendment Act 2022 passed in December 2022, in time for the 2023 general election. It lowered the threshold at which party donations must be publicly attributed to a named donor, and required disclosure of party loans. Separately, an Independent Electoral Review panel of six was appointed and worked from May 2022 to November 2023. It carried out a full review of the Electoral Act 1993, including party and candidate funding. The panel delivered its final report to the Minister of Justice on 30 November 2023, and the report was published on 16 January 2024. Both fell after the change of government, so no response to the panel's recommendations was possible within the term.",False,,Labour 2020 manifesto,https://s3.ap-southeast-2.amazonaws.com/nzdoctor.files/production/public/2020-10/Labour_Manifesto_2020.pdf,https://www.justice.govt.nz/justice-sector-policy/constitutional-issues-and-human-rights/independent-electoral-review/ | https://elections.nz/guidance-and-rules/donations-and-loans/rules-for-party-donations-and-loans | https://www.rnz.co.nz/news/politics/480677/law-passes-to-tighten-political-donations-rules,False
rma-labour-repeal-replace-rma,rma,Resource Management,labour,Labour,manifesto,act,largely,"Repeal the Resource Management Act 1991 and replace it with three new laws (a Natural and Built Environments Act, a Spatial Planning Act and a Climate Change Adaptation Act), acting on the recommendations of the Randerson review.","3 replacement acts promised -> 2 passed (Aug 2023), 0 in operation at handover","Two of the three promised statutes were passed inside the term. The third was never introduced, and neither Act had begun operating before the handover.","The independent review panel chaired by retired Court of Appeal judge Tony Randerson reported in 2020 and recommended repealing and replacing the RMA. On 10 February 2021 the Government announced the three-law replacement. An exposure draft of the Natural and Built Environments Bill went to a select committee inquiry in 2021. The Natural and Built Environment Bill and Spatial Planning Bill were introduced together on 14 November 2022. Both passed their third readings on 15 August 2023 by 72 votes to 47 and received royal assent on 23 August 2023, about eight weeks before the general election. The third law, the Climate Change Adaptation Bill, was never introduced. Neither new Act was in operation when the government changed: no natural and built environment plan or regional spatial strategy had been made.",False,,"Labour 2020 campaign commitment to repeal and replace the RMA, given effect by the 10 February 2021 Government announcement following the Randerson review",https://en.wikipedia.org/wiki/Resource_Management_Act_1991,https://en.wikipedia.org/wiki/Natural_and_Built_Environment_Act_2023 | https://www.legislation.govt.nz/act/public/2023/0046/latest/LMS501892.html | https://en.wikipedia.org/wiki/Resource_Management_Act_1991,False
rma-labour-climate-adaptation-act,rma,Resource Management,labour,Labour,manifesto,act,not-delivered,"Pass a Climate Change Adaptation Act as the third pillar of the resource management reform, to deal with managed retreat and the funding of climate adaptation.",Climate Change Adaptation Act promised -> bill never introduced,"The promised third Act was never introduced, let alone passed, in either term.","The Climate Change Adaptation Bill was the only one of the three announced replacement laws never introduced to Parliament. Work was still at the policy stage when the term ended. A cross-party inquiry into community-led retreat and adaptation funding was under way in 2023, and no adaptation statute existed at the October 2023 handover. The two Acts that did pass, the Natural and Built Environment Act 2023 and Spatial Planning Act 2023, were repealed in December 2023.",False,,Labour-led Government's February 2021 three-law RMA replacement programme (Climate Change Adaptation Act),https://en.wikipedia.org/wiki/Resource_Management_Act_1991,https://en.wikipedia.org/wiki/Resource_Management_Act_1991 | https://en.wikipedia.org/wiki/Natural_and_Built_Environment_Act_2023,False
rma-labour-spatial-planning,rma,Resource Management,labour,Labour,manifesto,act,delivered,"Require every region to prepare a long-term regional spatial strategy, agreed between councils, central government and iwi, to co-ordinate land use, infrastructure and development.",Regional spatial strategies legislated Aug 2023 -> 0 completed before repeal Dec 2023,"The statute promised was enacted within the term, judged as at the October 2023 handover. Its later repeal was the successor government's decision.","The Spatial Planning Bill was introduced on 14 November 2022, and the Spatial Planning Act 2023 received royal assent on 23 August 2023. It required each region to develop a regional spatial strategy through a joint committee of councils, central government agencies and Māori representatives. No regional spatial strategy was completed before the Act was repealed on 23 December 2023, and the country reverted to the RMA 1991.",False,,Labour-led Government's RMA replacement programme. Spatial Planning Act,https://en.wikipedia.org/wiki/Spatial_Planning_Act_2023,https://www.legislation.govt.nz/act/public/2023/0047/latest/LMS545761.html | https://en.wikipedia.org/wiki/Spatial_Planning_Act_2023,False
rma-labour-nps-urban-development,rma,Resource Management,labour,Labour,manifesto,act,delivered,Use a National Policy Statement on Urban Development to force councils to allow greater building height and density near city centres and rapid transit. It would also make councils remove minimum car parking requirements from district plans.,"6-storey enablement near centres and rapid transit -> in force Aug 2020, parking minimums gone by Feb 2022","The national policy statement was issued, took effect and was implemented through council plan changes within the term. It survived the change of government.","The NPS-UD was gazetted in July 2020 and came into force in August 2020. It required tier 1 councils to enable buildings of at least six storeys within walking distance of city centres, metropolitan centres and rapid transit stops. It also required councils to remove minimum car parking rates from their district plans by February 2022. Auckland, Wellington, Christchurch, Hamilton and Tauranga notified intensification planning instruments giving effect to it from August 2022. The National-led coalition kept the NPS-UD after 2023. It later extended intensification obligations to strategic transport corridors, including key bus routes, and required councils to offset capacity lost to special character areas.",False,,Labour's urban growth agenda. National Policy Statement on Urban Development 2020,https://thespinoff.co.nz/politics/12-10-2023/election-2023-the-housing-policies-in-two-minutes,https://www.hud.govt.nz/our-work/going-for-housing-growth-programme | https://thespinoff.co.nz/politics/12-10-2023/election-2023-the-housing-policies-in-two-minutes,False
rma-labour-mdrs-bipartisan,rma,Resource Management,labour,Labour,manifesto,act,delivered,Legislate Medium Density Residential Standards so that up to three homes of up to three storeys can be built on most residential sites in the largest cities without a resource consent.,"3 homes of 3 storeys on most sites -> legislated Dec 2021, applied in tier 1 plans from Aug 2022","The density standards were legislated and applied through council plans within the term. Judged at the October 2023 handover the promise was met, and the partial unwinding came afterwards.","The MDRS were agreed with the National Party in October 2021 and legislated in December 2021 by amending the RMA. Tier 1 councils had to put the standards into their plans through intensification planning instruments notified in August 2022, alongside the NPS-UD intensification policies. In most cases the standards took effect immediately on notification. National campaigned in 2023 on giving councils the ability to withdraw from the MDRS. After the change of government the coalition made them optional in policy from July 2024. The Resource Management (Consenting and Other System Changes) Amendment Act, in force from August 2025, gave Auckland and Christchurch a bespoke route out. Other councils could not remove them under the legislation then in force.",False,,"Labour-National bipartisan housing density agreement, October 2021, enacted as the Resource Management (Enabling Housing Supply and Other Matters) Amendment Act 2021",https://thespinoff.co.nz/politics/12-10-2023/election-2023-the-housing-policies-in-two-minutes,https://www.hud.govt.nz/our-work/going-for-housing-growth-programme | https://thespinoff.co.nz/politics/12-10-2023/election-2023-the-housing-policies-in-two-minutes,False
rma-national-repeal-nba-spa,rma,Resource Management,national,National,coalition-agreement,act,delivered,Repeal the Natural and Built Environment Act 2023 and the Spatial Planning Act 2023 by Christmas 2023.,"Repeal by Christmas 2023 promised -> passed 19 Dec 2023, assent 23 Dec 2023","Both Acts were repealed before Christmas 2023, exactly as the coalition agreement and 100-day plan specified.","The Resource Management (Natural and Built Environment and Spatial Planning Repeal and Interim Fast-track Consenting) Bill was passed under urgency on 19 December 2023. It received royal assent on 23 December 2023, four weeks after the Government was sworn in. Both Labour Acts were repealed and the Resource Management Act 1991 was reinstated as the operative planning statute. An interim fast-track consenting pathway was carried over, pending the Government's own fast-track regime.",False,,"National-ACT Coalition Agreement 2023 and National's 100-day plan, repeal the Natural and Built Environment Act 2023 and the Spatial Planning Act 2023 by Christmas",https://assets.nationbuilder.com/actnz/mailings/6945/attachments/original/National_ACT_Agreement.pdf,https://www.beehive.govt.nz/release/nba-and-spa-successfully-repealed | https://en.wikipedia.org/wiki/Resource_Management_Act_1991 | https://thespinoff.co.nz/politics/28-11-2023/the-ctrl-z-coalition-all-the-repeals-and-reversals-planned-by-the-new-government,False
rma-national-two-act-replacement,rma,Resource Management,national,National,coalition-agreement,act,partly,"Replace the Resource Management Act 1991 with two new statutes, one for the natural environment and one for planning and development, during this parliamentary term.",100+ plans -> 17 regional combined plans proposed; bills at select committee Aug 2026,"The replacement bills were introduced and passed first reading, but they had not been enacted as at August 2026. The new system is not scheduled to operate until 2029, so the term is not finished.","After repealing Labour's replacement laws, the Government confirmed in September 2024 that the RMA would be replaced by two Acts. An expert advisory group reported, and on 24 March 2025 RMA Reform Minister Chris Bishop announced a Planning Act and a Natural Environment Act. Detail was released on 9 December 2025. More than 100 existing policy statements and plans would be reduced to 17 regional combined plans. Zoning would be standardised, and national instruments would replace much of the existing national direction. Councils would also have to compensate landowners for some restrictions on property rights. The Planning Bill and Natural Environment Bill passed their first readings on 16 December 2025 and were referred to the Environment Committee. Labour supported the bills' progression, and the Green Party and Te Pāti Māori opposed them. The Government's own timetable has the new system taking full effect in 2029, and the RMA 1991 remained the operative statute through the first half of 2026.",False,,"National-ACT Coalition Agreement 2023, replace the Resource Management Act 1991 with new resource management laws",https://assets.nationbuilder.com/actnz/mailings/6945/attachments/original/National_ACT_Agreement.pdf,https://en.wikipedia.org/wiki/Resource_Management_Act_1991 | https://en.wikipedia.org/wiki/Chris_Bishop,False
rma-national-fast-track-onestop,rma,Resource Management,national,National,coalition-agreement,act,delivered,Establish a permanent fast-track one-stop-shop consenting and permitting regime for regional and national projects of significance.,One-stop-shop promised -> Act in force 23 Dec 2024 with 149 listed projects,"A permanent one-stop-shop regime was legislated within the first term and is issuing decisions, although the final Act differs from the introduced Bill in who makes the decision.","The Fast-track Approvals Bill was introduced on 7 March 2024, with a design that gave three ministers the final say on approvals. After more than 27,000 submissions and sustained criticism about executive power, Cabinet agreed on 25 August 2024 to remove ministerial approval and give the decisions to independent expert panels. The change was carried at the select committee stage. On 6 October 2024 the Government listed 149 projects in the Bill: 44 housing, 43 infrastructure, 22 renewable energy, 11 mining and 7 aquaculture or farming projects. The Bill passed its third reading on 17 December 2024 and received royal assent on 23 December 2024. Panels began issuing decisions in 2025-2026. A Southland wind farm of 250-350 MW was referred on 31 July 2025 and approved on 2 April 2026. Trans-Tasman Resources withdrew its South Taranaki seabed mining application on 19 February 2026, after a draft decision to decline it on 5 February 2026. A Fast-track Approvals Amendment Bill adding an express lane for supermarkets was introduced on 3 November 2025 and passed on 11 December 2025. It also extended panel decision timeframes from 60 to 90 days.",True,"Supporters say the regime delivers exactly what was promised, a single consenting pathway with statutory timeframes, and that moving approvals to expert panels strengthened it. Critics say the Government promised, and initially legislated for, ministerial decision-making, and only retreated under public and legal pressure. On that reading the Act that passed is materially different from the one introduced. Others argue the change was a normal select committee improvement rather than a broken promise.","National-NZ First Coalition Agreement 2023, establish a fast-track one-stop-shop consenting and permitting process for regional and national projects of significance",https://assets.nationbuilder.com/nzfirst/pages/4462/attachments/original/1700784896/National___NZF_Coalition_Agreement_signed_-_24_Nov_2023.pdf,https://en.wikipedia.org/wiki/Fast-track_Approvals_Act_2024 | https://www.fasttrack.govt.nz/projects/southland-wind-farm | https://en.wikipedia.org/wiki/2026_in_New_Zealand,False
rma-national-phase-one-amendments,rma,Resource Management,national,National,coalition-agreement,act,delivered,"Amend the Resource Management Act 1991 to make it easier to consent new infrastructure including renewable energy, to allow farmers to farm, and to enable aquaculture and other primary industries.",Phase one amendments -> 2 Acts passed Aug and Oct 2024,The targeted amendments named in the agreement were passed inside the first year of the term.,"Phase one amendments were announced on 23 April 2024 and enacted as the Resource Management (Freshwater and Other Matters) Amendment Act 2024. It received royal assent on 24 October 2024 and commenced the next day. It removed the requirement to give effect to the Te Mana o te Wai hierarchy of obligations when deciding consents. It repealed the intensive winter grazing regulations, and removed freshwater farm plan requirements in five regions. It also eased the section 107 test for discharge permits, and blocked councils from notifying new freshwater plans until a replacement national policy statement was issued or 31 December 2025. The Resource Management (Extended Duration of Coastal Permits for Marine Farms) Amendment Act 2024, enacted 27 August 2024, automatically extended existing marine farm coastal permits by 20 years, capped at 2050. Also in March 2024, councils were told the Significant Natural Areas requirements of the indigenous biodiversity national policy statement would be suspended for three years.",False,,"National-NZ First Coalition Agreement 2023, amend the RMA to make it easier to consent new infrastructure, allow farmers to farm and enable primary industries",https://assets.nationbuilder.com/nzfirst/pages/4462/attachments/original/1700784896/National___NZF_Coalition_Agreement_signed_-_24_Nov_2023.pdf,https://www.dlapiper.com/en/insights/publications/2024/11/legislation-changes-in-resource-management-in-new-zealand | https://www.simpsongrierson.com/insights-news/legal-updates/rma-amendments-signal-major-change-of-direction-for-freshwater-planning-and-consenting | https://www.beehive.govt.nz/release/significant-natural-areas-requirement-be-suspended,False
rma-national-phase-two-consenting,rma,Resource Management,national,National,coalition-agreement,other,largely,"Change the consenting system so more houses get built. That includes requiring councils to live-zone at least 30 years of feasible housing capacity instead of three, and removing planning rules such as minimum floor areas, balcony requirements and Auckland's Rural-Urban Boundary.","3 years of live-zoned housing capacity -> 30 years required, in force Aug 2025",The main consenting and zoning changes are law and in force. But parts of the package for councils outside Auckland and Christchurch were still in consultation as at August 2026.,"Going for Housing Growth stage one was announced on 4 July 2024. The Resource Management (Consenting and Other System Changes) Amendment Act came into force in August 2025. Tier 1 and 2 councils must now zone for at least 30 years of housing demand, using high growth projections. Minimum floor area and balcony requirements were abolished. The NPS-UD was strengthened to require intensification along strategic transport corridors, including key bus routes, and to offset capacity lost to special character areas. Auckland and Christchurch were given bespoke processes to step away from the Medium Density Residential Standards. Work on the remaining pillar one changes for other councils was still going through submissions from the August 2025 consultation as at 2026. In February 2026 Auckland's intensification target was reduced from capacity for 2 million homes to 1.6 million.",False,,"National-NZ First Coalition Agreement 2023, amend the RMA to get more houses built; Going for Housing Growth stage one, 4 July 2024",https://assets.nationbuilder.com/nzfirst/pages/4462/attachments/original/1700784896/National___NZF_Coalition_Agreement_signed_-_24_Nov_2023.pdf,https://www.hud.govt.nz/our-work/going-for-housing-growth-programme | https://en.wikipedia.org/wiki/Chris_Bishop,False
rma-national-national-direction-rewrite,rma,Resource Management,national,National,coalition-agreement,other,partly,"Rewrite the national direction that sits under the resource management system, starting with replacing the National Policy Statement for Freshwater Management 2020 and the freshwater national environmental standards.","NPS-FM 2020 replacement promised -> amended NPS-FM gazetted Dec 2025, full package incomplete","Some instruments have been amended or replaced, including the freshwater national policy statement in December 2025. But the promised full rewrite of national direction is unfinished, and partly depends on legislation still before Parliament.","Cabinet agreed on 14 December 2023 to replace the NPS-FM, and pushed the council notification deadline out from 31 December 2024 to 31 December 2027. Consultation on a large national direction package covering infrastructure, primary industries, freshwater and housing ran to 27 July 2025, with three options offered for rebalancing Te Mana o te Wai. An amended National Policy Statement for Freshwater Management was gazetted in December 2025. New or amended national environmental standards were issued alongside it, including standards enabling detached minor residential units. The wider rewrite is being folded into the national instruments proposed in the Planning and Natural Environment Bills, so the full replacement set was not complete as at August 2026.",False,,"National-NZ First Coalition Agreement 2023, replace the National Policy Statement for Freshwater Management 2020 and the National Environmental Standards for Freshwater, and review national direction",https://assets.nationbuilder.com/nzfirst/pages/4462/attachments/original/1700784896/National___NZF_Coalition_Agreement_signed_-_24_Nov_2023.pdf,https://environment.govt.nz/assets/publications/npsfm-2020-amended-december-2025.pdf | https://www.simpsongrierson.com/insights-news/legal-updates/rma-amendments-signal-major-change-of-direction-for-freshwater-planning-and-consenting | https://www.russellmcveagh.com/insights-news/fresh-updates-in-the-freshwater-space/,False
rma-national-mdrs-optional,rma,Resource Management,national,National,manifesto,other,partly,"Give councils the ability to withdraw from the mandatory Medium Density Residential Standards, while keeping the National Policy Statement on Urban Development and requiring councils to zone for growth.",MDRS optional for all councils promised -> opt-out legislated for Auckland and Christchurch only by Aug 2026,Optionality was legislated for two cities and promised for the rest. Most councils still had the standards imposed on them nearly three years into the term.,"The Government announced on 4 July 2024 that the MDRS would become optional, subject to a council ratification vote. Councils choosing to step away would have to zone for 30 years of housing capacity instead. The Resource Management (Consenting and Other System Changes) Amendment Act, in force August 2025, delivered this only for Auckland and Christchurch, through bespoke processes. Other councils could not remove the MDRS under the legislation in force as at August 2026. The wider settings were still working through submissions from the August 2025 consultation. The NPS-UD was kept and strengthened, as promised.",False,,"National 2023 housing and planning policy, give councils the ability to withdraw from the MDRS while keeping the NPS-UD",https://thespinoff.co.nz/politics/12-10-2023/election-2023-the-housing-policies-in-two-minutes,https://www.hud.govt.nz/our-work/going-for-housing-growth-programme | https://www.beehive.govt.nz/release/going-housing-growth-stage-one-unveiled,False
rma-act-property-rights-replacement,rma,Resource Management,national,ACT,coalition-agreement,act,partly,Replace the Resource Management Act 1991 with new resource management laws premised on the enjoyment of property rights as a guiding principle.,"RMA replacement premised on property rights -> bills before select committee Aug 2026, system due 2029","The property-rights principle has been carried into the drafted replacement bills. But the laws themselves were not passed as at August 2026, and the term is unfinished.","Labour's replacement statutes were repealed in December 2023 and the RMA 1991 was reinstated. The replacement package released on 9 December 2025 adopts the property rights framing. The new system is built around managing effects on other people's use of their property, and standardised zoning. It also puts an obligation on councils to compensate landowners where planning rules restrict the use of their land. The Planning Bill and Natural Environment Bill passed first reading on 16 December 2025 and went to the Environment Committee. As at August 2026 no replacement statute had been enacted and the RMA 1991 was still the operative law, with the new system scheduled to take effect in 2029.",False,,"National-ACT Coalition Agreement 2023, replace the RMA with new resource management laws premised on the enjoyment of property rights as a guiding principle",https://assets.nationbuilder.com/actnz/mailings/6945/attachments/original/National_ACT_Agreement.pdf,https://en.wikipedia.org/wiki/Resource_Management_Act_1991 | https://en.wikipedia.org/wiki/Chris_Bishop,False
rma-act-mdrs-ratification,rma,Resource Management,national,ACT,coalition-agreement,act,partly,"Legislate to make the Medium Density Residential Standards optional for councils, requiring councils to ratify any use of the MDRS including in existing zones.",MDRS ratification for all councils -> delivered for 2 of the affected councils by Aug 2026,The commitment was legislated for two councils and announced as policy for the rest. The general ratification requirement in the agreement had not been delivered nearly three years in.,"The policy decision to make the MDRS optional, subject to a council ratification vote, was announced on 4 July 2024. The legislation that followed was the Resource Management (Consenting and Other System Changes) Amendment Act, in force from August 2025. It provided bespoke opt-out processes for Auckland and Christchurch only. Councils elsewhere could not remove the standards under the legislation in force as at August 2026. The ratification requirement for existing MDRS zones had not been generally legislated, and the remaining changes were still in consultation.",False,,"National-ACT Coalition Agreement 2023, legislate to make the MDRS optional for councils, with councils to ratify any use of MDRS including existing zones",https://assets.nationbuilder.com/actnz/mailings/6945/attachments/original/National_ACT_Agreement.pdf,https://www.hud.govt.nz/our-work/going-for-housing-growth-programme | https://www.beehive.govt.nz/release/going-housing-growth-stage-one-unveiled,False
rma-nzfirst-planning-law-model,rma,Resource Management,national,NZ First,manifesto,act,partly,"Repeal Labour's planning laws and temporarily reinstate the Resource Management Act. Then replace it with legislation modelled on Ireland's Planning and Development Act and England's Town and Country Planning Act, restricting third party appeals and replacing the Environment Court.","Repeal then replace on the Irish/English model -> repeal done Dec 2023, replacement bills unpassed Aug 2026","The repeal and temporary reinstatement happened as promised. But the specific replacement model, the appeal restrictions and the replacement of the Environment Court had not been enacted as at August 2026.","The first half was done immediately. The Natural and Built Environment Act and Spatial Planning Act were repealed on 19 December 2023, and the RMA 1991 was reinstated. The replacement was announced in March 2025 and introduced as the Planning Bill and Natural Environment Bill on 16 December 2025. It takes a standardised-zoning and national-instruments approach, with compensation for property rights restrictions, rather than adopting the Irish or English statutes wholesale. No legislation replacing the Environment Court had been passed as at August 2026, and the replacement bills were still before the Environment Committee.",False,,"New Zealand First 2023 Policy Manifesto, planning legislation",https://www.nzfirst.nz/2023_policies,https://en.wikipedia.org/wiki/Resource_Management_Act_1991 | https://www.beehive.govt.nz/release/nba-and-spa-successfully-repealed,False
rma-nzfirst-planning-cogovernance,rma,Resource Management,national,NZ First,manifesto,act,largely,"Stop the co-governance model built into Labour's planning legislation, including the joint council and iwi planning committees created under the new system.",,"The specific committee structures the party objected to were abolished with the repeal, though iwi involvement in the planning system continues in other forms.","The Natural and Built Environment Act and Spatial Planning Act were repealed on 19 December 2023. That removed the regional planning committees and the joint spatial planning committees that included mana whenua representation. The replacement system released on 9 December 2025 keeps a role for iwi in developing national instruments, and retains Treaty settlement protections. It does not restore the joint planning committee structure. Treaty settlement land, protected customary rights areas and iwi aquaculture settlement areas were also expressly excluded from the fast-track regime.",True,"NZ First and its supporters describe the repeal as ending co-governance in planning. Critics, including Te Pāti Māori and the Green Party, say iwi and hapū participation rights under Treaty settlements and section 8 of the RMA were never removed. On their reading the change was to the committee structure rather than to the underlying obligations, so how much was undone is disputed.","New Zealand First 2023 Policy Manifesto, opposition to 50:50 council/iwi planning committees",https://www.nzfirst.nz/2023_policies,https://en.wikipedia.org/wiki/Resource_Management_Act_1991 | https://en.wikipedia.org/wiki/Fast-track_Approvals_Act_2024,False
transport-labour-auckland-light-rail-2017,transport,Transport & Infrastructure,labour,Labour,manifesto,act,not-delivered,"Build light rail in Auckland from the city centre down Dominion Road to Mt Roskill within four years, then extend the line to Auckland Airport.",Light rail to Mt Roskill within 4 years (by 2021) -> 0 metres of track and approx $228m spent by Oct 2023,Six years and about $228m of planning produced no construction and no track.,"No construction started in the first term. A NZ Super Fund consortium proposal was run against a Waka Kotahi bid in a twin-track procurement, and the Super Fund proposal was blocked before the 2020 election. The project was reset in 2021 under a new establishment unit. Work stopped in November 2023 and the project was formally cancelled on 14 January 2024. Auckland Light Rail Ltd spent about $228 million on planning over six years, without a metre of track being laid.",False,,Labour 2017 campaign transport policy (Auckland light rail),https://www.greaterauckland.org.nz/2024/01/15/light-rail-officially-dies/,https://www.rnz.co.nz/news/politics/506674/national-led-government-officially-cancels-auckland-light-rail-plans | https://www.nzherald.co.nz/nz/auckland-light-rail-disestablishment-to-likely-cost-millions-over-six-months-cabinet-paper-release/DURFAAKNQ5GOHCDYIK2QBHTSZA/ | https://www.greaterauckland.org.nz/2024/01/15/light-rail-officially-dies/,False
transport-labour-auckland-light-rail-2020,transport,Transport & Infrastructure,labour,Labour,manifesto,other,not-delivered,"Re-commit to light rail from Auckland's city centre to Mangere and the airport, and settle the route and mode in the 2020-23 term.","$14.6b tunnelled line chosen in 2022 -> advice of up to $29.2b, cancelled Jan 2024 with no construction","A route and mode were chosen, but nothing was built and no funded delivery plan existed at the end of the term.","In January 2022 Cabinet chose a partly tunnelled light rail line to Mangere, estimated at about $14.6 billion. Later official advice put the possible cost at up to $29.2 billion. The detailed business case was still incomplete when the Government changed. Work was halted in November 2023 and the project was cancelled on 14 January 2024, with no construction ever begun.",False,,Labour 2020 campaign re-commitment to Auckland light rail (city centre to Mangere/airport),https://www.greaterauckland.org.nz/2020/03/11/light-rail-key-decisions/,https://www.rnz.co.nz/news/politics/506674/national-led-government-officially-cancels-auckland-light-rail-plans | https://www.greaterauckland.org.nz/2024/01/15/light-rail-officially-dies/,False
transport-labour-nz-upgrade-programme,transport,Transport & Infrastructure,labour,Labour,manifesto,act,partly,"Deliver $6.8 billion of transport projects under the $12b New Zealand Upgrade Programme, including Penlink (open late 2025), Mill Road (complete 2027/28), Papakura to Drury South (complete late 2025), Drury rail stations (complete late 2024) and the Northern Pathway (complete 2023/24).",$6.8b transport package with completion dates 2023-2029 -> Drury/Paerata stations promised late 2024 opened Aug 2026,"A large programme was funded and parts were built, but the published completion dates were widely missed and the package was rescoped.","The transport component was $6.8b: about $5.3b for roads, $1.1b for rail and $360m for walking and cycling. Costs rose and the programme was rescoped. Several projects were deferred or dropped, and others slipped years behind their announced dates. The Drury and Paerata stations, announced for completion in late 2024, did not open until 1 August 2026. Otaki to north of Levin, announced to start in 2025, was still under construction in 2026.",False,,"New Zealand Upgrade Programme, announced 29 January 2020 (major government/campaign fiscal announcement)",https://www.greaterauckland.org.nz/2020/01/30/the-nz-upgrade-transport-package/,https://en.wikipedia.org/wiki/New_Zealand_Upgrade_Programme | https://www.beehive.govt.nz/release/new-drury-and-paer%C4%81t%C4%81-stations-open-south-auckland | https://www.beehive.govt.nz/release/transport-pipeline-provides-certainty,False
transport-labour-gps-rebalance,transport,Transport & Infrastructure,labour,Labour,coalition-agreement,act,largely,"Reprioritise National Land Transport Fund spending away from new state highways and towards rail infrastructure in cities and regions, public transport, and walking and cycling.",,"The funding rebalance and the new rail funding architecture happened. But walking and cycling stayed a minor share, and it was reversed within months of the handover.","The Government Policy Statement on land transport 2018 and GPS 2021 shifted the funding ranges towards public transport, rail, safety and road maintenance, and away from new state highway capacity. The Land Transport (Rail) Legislation Act 2020 brought rail network funding into the National Land Transport Fund and created the Rail Network Investment Programme, first published in 2021. Walking and cycling remained a small activity class throughout. The incoming Government's GPS 2024 reversed the rebalancing.",False,,Labour-NZ First coalition agreement 2017 and Labour-Greens confidence & supply agreement 2017 (transport clauses),https://thestandard.org.nz/labour-green-confidence-and-supply-agreement-released/,https://nzta.govt.nz/planning-and-investment/national-land-transport-programme/what-guides-the-nltp/government-policy-statement-on-land-transport | https://www.kiwirail.co.nz/our-network/funding-our-network/rail-network-investment-programme/ | https://www.transport.govt.nz/assets/Uploads/Government-Policy-Statement-on-land-transport-2024-FINAL.pdf,False
transport-labour-lgwm,transport,Transport & Infrastructure,labour,Labour,coalition-agreement,outcome,not-delivered,"Deliver the Let's Get Wellington Moving programme (mass rapid transit, a second Mt Victoria tunnel, Basin Reserve improvements and the Golden Mile), jointly funded by the Crown (60 per cent) and Wellington councils (40 per cent).",Multi-billion-dollar Wellington package agreed 2019 -> no major project built; programme ended 17 Dec 2023,Four and a half years of programme work produced no major built project before the programme was disestablished.,"LGWM stayed in the detailed investigation and development stage from May 2019 until it was wound up, and delivered no major infrastructure. Its mass rapid transit business case was still incomplete in 2023. On 17 December 2023 the incoming Government, the Wellington Mayor and the Greater Wellington Regional Council chair agreed to end LGWM. The Crown took the Mt Victoria tunnel and Basin Reserve projects, and the city council took the Golden Mile.",False,,Let's Get Wellington Moving Recommended Programme of Investment agreed by the Labour-led Government (Oct 2018; package announced May 2019),https://www.transport.govt.nz/area-of-interest/infrastructure-and-investment/lets-get-wellington-moving,https://www.beehive.govt.nz/release/ministers-mayor-and-chair-agree-end-let%E2%80%99s-get-wellington-moving | https://www.transport.govt.nz/area-of-interest/infrastructure-and-investment/lets-get-wellington-moving,False
transport-labour-greens-light-rail-airport,transport,Transport & Infrastructure,labour,Greens,coalition-agreement,other,partly,Work will begin on light rail from the city to the airport in Auckland.,"Work to begin on city-to-airport light rail -> planning only, approx $228m spent, cancelled Jan 2024","Planning work did begin, as the clause required, but no line was built and the project was cancelled.","Planning work did begin. A procurement process ran from 2018 to 2020, an establishment unit reported in 2021, and Cabinet selected a partly tunnelled route to Mangere in January 2022. No construction was ever started. Work was halted in November 2023 and the project was cancelled on 14 January 2024, after about $228 million of planning spend over six years.",True,"Read literally, the commitment was that work 'will begin', and design, procurement and route selection all happened, so it was met. Read against the outcome the Greens were seeking, a light rail line to the airport, nothing was delivered and the project was cancelled.",Labour-Greens confidence & supply agreement 2017,https://thestandard.org.nz/labour-green-confidence-and-supply-agreement-released/,https://www.greaterauckland.org.nz/2024/01/15/light-rail-officially-dies/ | https://www.rnz.co.nz/news/politics/506674/national-led-government-officially-cancels-auckland-light-rail-plans,False
transport-labour-greens-east-west-link,transport,Transport & Infrastructure,labour,Greens,coalition-agreement,other,delivered,Auckland's East-West motorway link will not proceed as currently proposed.,,"The project as proposed did not proceed at any point in the 2017-2023 period, which is what the clause committed to.","The consented East-West Link was shelved in 2018 and did not proceed during either Labour-led term. The incoming Government revived it as one of the 15 Roads of National Significance in GPS 2024. By July 2026 NZTA had placed the East-West Link in the slowest delivery phase, with route protection work only and no construction timeline.",False,,Labour-Greens confidence & supply agreement 2017,https://thestandard.org.nz/labour-green-confidence-and-supply-agreement-released/,https://www.transport.govt.nz/assets/Uploads/Government-Policy-Statement-on-land-transport-2024-FINAL.pdf | https://www.1news.co.nz/2026/07/09/govt-pulls-flagship-roading-projects-into-the-slow-lane/ | https://www.beehive.govt.nz/release/transport-pipeline-provides-certainty,False
transport-labour-greens-cycle-highways,transport,Transport & Infrastructure,labour,Greens,manifesto,act,not-delivered,"Create a $1.5 billion Cycle Super Highway fund for protected cycleways in major cities, plus more than $400 million for local walking and cycling improvements, within a $13.6 billion decade-long transport plan.",$1.5b cycle super highway fund promised -> no such fund created; walking and cycling class set at $70m-$110m a year in GPS 2024,"The specific $1.5b fund was never created, and cycling funding stayed an order of magnitude smaller.","No dedicated Cycle Super Highway fund was established in the 2020-23 term. Walking and cycling remained a small activity class inside the National Land Transport Fund, rather than a separate multi-billion-dollar programme. The incoming Government's GPS 2024 then reduced the walking and cycling activity class to a range of $70-110 million a year from 2025/26. It directed that 25 per cent of new improvement spending go to footpaths.",False,,Green Party 2020 transport policy,https://www.greaterauckland.org.nz/2020/09/30/greens-transport-policy-for-2020/,https://www.transport.govt.nz/assets/Uploads/Government-Policy-Statement-on-land-transport-2024-FINAL.pdf | https://nzta.govt.nz/planning-and-investment/national-land-transport-programme/what-guides-the-nltp/government-policy-statement-on-land-transport,False
transport-labour-nzfirst-ports-auckland,transport,Transport & Infrastructure,labour,NZ First,coalition-agreement,act,partly,"Commission a feasibility study on the options for moving the Ports of Auckland, with Northport at Whangarei given serious consideration.","Feasibility study on moving Ports of Auckland -> study delivered, relocation costed at $10.3b, no decision by Oct 2023","The study NZ First bargained for was delivered, but the relocation it was meant to enable never got a decision.","The Upper North Island Supply Chain Strategy working group was established in 2018. Its 2019 report recommended closing Auckland's freight port and shifting capacity to Northport, with an EY analysis putting the cost at about $10.3 billion. On 9 December 2019 Cabinet agreed the Ports of Auckland was not viable as the upper North Island's key import port in the long term. It did not decide where or when freight would move. No relocation decision was taken and nothing moved before the October 2023 handover.",False,,Labour-NZ First coalition agreement 2017,https://www.newsroom.co.nz/2017/10/24/55424/nz-first-labour-agree-1b-regional-fund,https://www.interest.co.nz/news/102934/jacinda-ardern-says-cabinet-agrees-its-unsustainable-ports-auckland-be-countrys-key | https://www.greaterauckland.org.nz/2019/11/13/moving-the-port/,False
transport-national-cancel-light-rail,transport,Transport & Infrastructure,national,National,coalition-agreement,act,delivered,Cancel the Auckland Light Rail project as part of the Government's 100-day plan.,Cancel Auckland light rail -> cancelled 14 Jan 2024; approx $228m already spent,The cancellation was completed inside the 100-day window.,"Stop-work notices were issued in November 2023, and the project was formally cancelled on 14 January 2024, with Auckland Light Rail Ltd instructed to cease work and wind down. The Transport Minister said the project would have cost $15 billion, with advice showing up to $29.2 billion. The Minister also said about $228 million had been spent in six years without a metre of track. Cabinet papers later released showed the disestablishment itself would cost millions more over about six months.",False,,Coalition Government 100-day plan (2023),https://www.rnz.co.nz/news/politics/506674/national-led-government-officially-cancels-auckland-light-rail-plans,https://www.rnz.co.nz/news/politics/506674/national-led-government-officially-cancels-auckland-light-rail-plans | https://www.nzherald.co.nz/nz/auckland-light-rail-disestablishment-to-likely-cost-millions-over-six-months-cabinet-paper-release/DURFAAKNQ5GOHCDYIK2QBHTSZA/,False
transport-national-regional-fuel-tax,transport,Transport & Infrastructure,national,National,coalition-agreement,act,delivered,Introduce legislation in the first 100 days to repeal the Auckland Regional Fuel Tax.,"Repeal Auckland regional fuel tax -> tax ended 30 June 2024, six years after it began",The tax was repealed on the announced date.,"Legislation was introduced within the 100 days and passed, and the Auckland Regional Fuel Tax ended on 30 June 2024. The tax was 10 cents a litre plus GST, and the previous Government had introduced it on 1 July 2018. Remaining collected funds were redirected by agreement with Auckland Council to the Eastern Busway, electric trains and stabling for the City Rail Link, and road corridor improvements.",False,,Coalition Government 100-day plan (2023),https://www.beehive.govt.nz/release/government-axe-auckland-regional-fuel-tax,https://www.beehive.govt.nz/release/auckland-regional-fuel-tax-abolished | https://www.rnz.co.nz/news/national/508653/auckland-regional-fuel-tax-to-end-in-june-pm-announces,False
transport-national-rons,transport,Transport & Infrastructure,national,National,manifesto,act,partly,"Build 13 new Roads of National Significance, including four-laning State Highway 1 from Whangarei to Tauranga, Mill Road, a second Mt Victoria Tunnel, the Hope Bypass, the Woodend Bypass, Hamilton Southern Links and Petone to Grenada, as part of a transport plan costed at about $24 billion.",13-15 Roads of National Significance -> 4 under construction and 6 expected by early 2027; 5 shifted to no construction timeline (July 2026),"The programme was reinstated and construction started on several roads. But a third of the projects have no construction timeline, and delivery of most is well beyond this term.","GPS 2024, issued in March 2024, reinstated the programme with 15 Roads of National Significance. NZTA's Major Transport Projects Pipeline of 9 July 2026 showed four under construction: Otaki to north of Levin, Hawke's Bay Expressway, Takitimu North Link Stage 1 and SH29 Tauriko West. Northland Expressway Stage 1 and Cambridge to Piarere were moving into construction, giving six under construction by early 2027. Five were placed on a slower track with no construction timeline: Hope Bypass Stage 2, Northland Expressway Stages 2 and 3, the Auckland East-West Link, Mill Road Alfriston to Drury, and Petone to Grenada. The Transport Minister said fuel excise duty had fallen 21 per cent in real terms since 2020, while construction costs had risen sharply. The Government acknowledged the 2023 promises had been very ambitious. The next Government Policy Statement, due before the 2026 election, was delayed until after it.",True,"The Government argues these are 10-year projects, and that route protection, design and property acquisition must come before construction, so phasing is normal delivery rather than retreat. Critics point out that specific roads promised in 2023 now have no construction date at all, and that the funding gap in the National Land Transport Fund is the binding constraint.",National 2023 policy: Transport for the Future,https://www.national.org.nz/policies/transport-for-the-future,https://www.scoop.co.nz/stories/PA2403/S00012/gps-2024-15-new-roads-of-national-significance.htm | https://www.beehive.govt.nz/release/transport-pipeline-provides-certainty | https://www.1news.co.nz/2026/07/09/govt-pulls-flagship-roading-projects-into-the-slow-lane/ | https://www.stuff.co.nz/politics/361004178/rons-nowhere-government-slows-work-promised-major-highways,False
transport-national-gps-2024,transport,Transport & Infrastructure,national,National,coalition-agreement,other,delivered,"Rewrite the Government Policy Statement on land transport within the first six months to prioritise roads and maintenance, including dedicated pothole prevention funding, and move to a ten-year investment horizon.",New GPS within 6 months -> issued March 2024 with over $22b for 2024/25-2026/27 and new pothole prevention classes,"The GPS was rewritten within the promised timeframe, with the promised reprioritisation.","GPS 2024 was issued in March 2024, about four months after the election. It set National Land Transport Fund expenditure of over $22 billion for 2024/25-2026/27 ($6.4b, $6.85b and $6.85b a year). It created two new activity classes: State Highway Pothole Prevention ($420-700m a year) and Local Road Pothole Prevention ($570-780m a year). It added $640 million to maintenance relative to the draft, reinstated 15 Roads of National Significance, and cut the walking and cycling range to $70-110m a year from 2025/26. It also relied on a $3.1 billion Crown loan facility for NZTA across the 2024-27 period, plus a further $1.795b of smaller facilities. The following GPS, covering 2027 onwards, was delayed until after the 2026 election, breaking a near two-decade pattern.",False,,National 2023 policy commitment to rewrite the Government Policy Statement within six months; GPS on land transport 2024 (issued March 2024),https://www.national.org.nz/news/national-releases-bold-transport-plan,https://www.transport.govt.nz/assets/Uploads/Government-Policy-Statement-on-land-transport-2024-FINAL.pdf | https://www.scoop.co.nz/stories/PA2403/S00012/gps-2024-15-new-roads-of-national-significance.htm | https://www.rnz.co.nz/news/politics/988376/government-policy-statement-on-land-transport-delayed-until-after-election,False
transport-national-lgwm-mt-victoria,transport,Transport & Infrastructure,national,National,manifesto,act,partly,"Scrap Let's Get Wellington Moving, and have central government fully fund and build a second Mt Victoria tunnel and the Basin Reserve upgrade.",Scrap LGWM and build second Mt Vic tunnel -> LGWM ended 17 Dec 2023; tunnel at route protection only as at Aug 2026,"The disestablishment happened immediately, but nearly three years later the tunnel it was meant to unblock still has no construction date.","LGWM was ended by agreement on 17 December 2023, between the Transport and Infrastructure Ministers, the Wellington Mayor and the Greater Wellington Regional Council chair. The Crown took full funding responsibility for the second Mt Victoria Tunnel and the Basin Reserve upgrade, removing the 40 per cent council share. Wellington City Council took over the Golden Mile. By NZTA's July 2026 pipeline the SH1 Wellington improvements, which include the second tunnel, were still only at route protection stage with no construction date. Petone to Grenada had been moved to the slowest delivery phase.",False,,National 2023 campaign commitment to scrap Let's Get Wellington Moving and build a second Mt Victoria tunnel,https://thespinoff.co.nz/the-bulletin/31-07-2023/lets-get-wellington-moving-lets-can-it-says-national,https://www.beehive.govt.nz/release/ministers-mayor-and-chair-agree-end-let%E2%80%99s-get-wellington-moving | https://www.beehive.govt.nz/release/transport-pipeline-provides-certainty | https://www.1news.co.nz/2026/07/09/govt-pulls-flagship-roading-projects-into-the-slow-lane/,False
transport-national-infrastructure-agency-and-plan,transport,Transport & Infrastructure,national,National,coalition-agreement,act,delivered,"Establish a National Infrastructure Agency as the shopfront for investors in public infrastructure and to build public-private partnership capability, and publish a 30-year National Infrastructure Plan.","National Infrastructure Agency and 30-year plan -> agency operating 1 Dec 2024, plan published 17 Feb 2026","Both institutions were created on time, and the first major PPP under the new arrangements reached financial close.","National Infrastructure Funding and Financing Ltd began operating on 1 December 2024, replacing Crown Infrastructure Partners, with a board chaired by Mark Binns. Te Waihanga published the final 30-year National Infrastructure Plan on 17 February 2026. It contains 16 system recommendations and 10 priorities for the next decade, against annual infrastructure investment of over $20 billion. The PPP pipeline produced a result on 30 July 2026, when the Crown reached financial close with the Northway consortium on the Warkworth to Te Hana expressway. That 26km four-lane road has a net present value of $3.649 billion, against a $3.9b public sector comparator. It is supported by a $1.6b ten-year Crown loan, and was described as the largest PPP in New Zealand's history. The road is due to open in 2033.",False,,National-NZ First coalition agreement 2023 and the Government's Q4 2024 Action Plan,https://www.beehive.govt.nz/release/new-infrastructure-agency-and-running,https://tewaihanga.govt.nz/news-events/national-infrastructure-plan-sets-path-for-next-30-years | https://www.beehive.govt.nz/release/warkworth-te-hana-ppp-signed | https://www.treasury.govt.nz/information-and-services/commercial-portfolio-and-advice/commercial-portfolio/national-infrastructure-funding-and-financing-limited,False
transport-national-road-user-charges,transport,Transport & Infrastructure,national,National,coalition-agreement,act,partly,"End the road user charge exemption for light electric vehicles from 1 April 2024, and over time move all 3.5 million light vehicles off fuel excise duty and onto distance and weight-based electronic road user charges.",EV RUC exemption ended 1 April 2024 -> full transition of 3.5m light vehicles still undated at Aug 2026,"The EV element was delivered on time, but the full transition of light vehicles is still undated and no congestion charging scheme is running.","The exemption ended on 1 April 2024 under the Road User Charges (Light Electric RUC Vehicles) Amendment Act 2024. On 6 August 2025 the Transport Minister set out the wider transition, described as the biggest change to road funding in 50 years. Legislation is to pass in 2026, and the RUC system is to be 'open for business' to third-party providers in 2027. There is no fixed date for shifting petrol vehicles off the roughly 70 cents a litre fuel excise. A bill expanding road user charges was introduced in 2025. Separately, the Land Transport Management (Time of Use Charging) Amendment Bill passed its first reading in March 2025 to enable congestion charging. As at 2026 Auckland Transport had no approved scheme and no start date.",False,,Coalition Government 100-day plan (EV road user charges) and the Government's road pricing programme announced 6 August 2025,https://www.beehive.govt.nz/release/next-steps-replacing-petrol-tax-electronic-road-user-charges,https://www.legislation.govt.nz/bill/government/2024/0025/latest/whole.html | https://www.rnz.co.nz/news/political/569149/road-user-charges-for-all-vehicles-move-a-step-closer | https://at.govt.nz/projects-and-initiatives/time-of-use-charging | https://www.beehive.govt.nz/release/time-use-charging-bill-passes-first-reading,False
transport-national-act-speed-limits,transport,Transport & Infrastructure,national,ACT,coalition-agreement,act,delivered,"Reverse the blanket speed limit reductions made under the previous government, where it is safe to do so.","Reverse blanket speed limit reductions -> 38 state highway sections reverted automatically, 49 more consulted; completed by 1 July 2025",The rule was made and the reversals were completed on the stated deadline.,"The Setting of Speed Limits Rule 2024 required reversals. From 29 January 2025, 38 sections of state highway automatically reverted to their previous limits, starting with SH2 between Featherston and Masterton. A further 49 sections went to public consultation. Councils had to advise on local road changes by 1 May 2025, and state highway reversals had to be complete by 1 July 2025. NZTA reported more than 65 per cent of consultation submitters supported the reversals.",False,,National-ACT coalition agreement 2023,https://www.scoop.co.nz/stories/PA2501/S00083/speed-limit-reduction-reversals-begin.htm,https://www.nzta.govt.nz/safety/driving-safely/speed/state-highway-speed-management/speed-reversals-and-consultation-transitional-changes-in-2024-25 | https://www.nzta.govt.nz/assets/Safety/docs/state-highway-speed-management/State-highways-affected-by-speed-reversals-in-the-2024-Speed-Rule.pdf,False
transport-national-act-road-cones,transport,Transport & Infrastructure,national,ACT,coalition-agreement,outcome,largely,"Run a public tipline so people can report excessive road cone use, and cut over-the-top temporary traffic management.","Road cone tipline -> 1,100+ reports in 5 months, excessive cones at 6 per cent of sites, pilot ended early; NZTA traffic management spend down approx $46m","The tipline ran and the wider traffic management reform produced measurable savings, but the tipline itself was wound up early after finding limited over-coning.","WorkSafe's digital road cone tipline opened on 3 June 2025 and received over 1,100 valid notifications to 31 October 2025, falling to about 15 a week by late October. Inspections found 77 per cent of sites complied with their approved traffic management plans, and excessive cone use at 6 per cent of sites visited, which were addressed. The pilot cost $148,545 excluding GST to 30 September 2025, against a $395,000 twelve-month budget. WorkSafe recommended discontinuing it by 19 December 2025, and it was ended early. Separately, NZTA moved to risk-based temporary traffic management, and its spend on it fell by about $46 million between 2023/24 and 2024/25. Nine councils had adopted the approach by July 2026.",False,,"Government action plan commitment delivered by the ACT Minister for Workplace Relations and Safety. WorkSafe road cone tipline, announced June 2025",https://www.1news.co.nz/2025/06/10/hundreds-report-excessive-road-cones-in-first-week-of-new-hotline/,https://www.worksafe.govt.nz/dmsdocument/72325-review-of-the-road-cones-digital-hotline-pilot-briefing-paper/latest/ | https://www.beehive.govt.nz/release/road-cone-crackdown-gathers-pace,False
transport-national-nzfirst-northland,transport,Transport & Infrastructure,national,NZ First,coalition-agreement,act,partly,"Deliver a four-lane expressway from Auckland to Whangarei, including a four-lane alternative route over or around the Brynderwyn Hills.",Four-lane Auckland to Whangarei -> Stage 1 (26km) contracted July 2026 opening 2033; Stages 2 and 3 have no construction timeline,One of three stages is contracted and starting; the two stages that reach Whangarei have no construction date.,"On 23 April 2025 NZTA announced an emerging preferred corridor from Te Hana to Whangarei in three stages. It selected a 'near east' alignment close to SH1 over the Brynderwyns, after reassessing western options. Stage 1, Warkworth to Te Hana, is the 26km section that includes Dome Valley. It reached financial close as a PPP on 30 July 2026, with a net present value of $3.649 billion. Early works began in August 2026, main construction starts in November 2027, and the road is due to open in 2033. Stages 2 and 3, Te Hana to Port Marsden and Port Marsden to Whangarei, were placed in the slowest delivery phase in July 2026 with no construction timeline.",False,,"National-NZ First coalition agreement 2023 (Northland roading, four-lane alternative to the Brynderwyns)",https://www.nzherald.co.nz/northern-advocate/news/northland-leaders-praise-new-coalition-governments-commitment-to-a-four-lane-alternative-brynderwyns-route/7HLMC63APNDIHNYXIXBOOSZ75E/,https://www.beehive.govt.nz/release/northland-expressway-emerging-preferred-corridor-te-hana-whang%C4%81rei-announced | https://www.beehive.govt.nz/release/warkworth-te-hana-ppp-signed | https://www.1news.co.nz/2026/07/09/govt-pulls-flagship-roading-projects-into-the-slow-lane/,False
transport-national-nzfirst-cook-strait-ferries,transport,Transport & Infrastructure,national,NZ First,coalition-agreement,act,in-progress,"After cancelling iReX, deliver two new rail-enabled Cook Strait ferries in service by Christmas 2029. Each would be about 200m long and carry 1,500 passengers and 40 rail wagons. This would reuse Wellington's existing marine infrastructure and build a new dual-level wharf at Picton, at a cost far below the cancelled programme.","Two rail-enabled ferries by Christmas 2029 -> contracts let and ships named in 2026, delivery still scheduled 2029; iReX wind-down cost approx $671m","Ships, operator and port contracts are settled and the 2029 date still stands, but no vessel has been built and the term is not finished.","The Finance Minister cancelled the iReX programme in December 2023. KiwiRail later disclosed about $500 million had already been spent, and the wind-down and settlement cost roughly $671 million in total. Ferry Holdings was established to procure the replacements. In July 2026 the two ships were named Kupe and Cook, and KiwiRail was confirmed as operator on a 30-year contract from 2029 with a 2039 review point. Construction was set to begin in 2027 at Guangzhou Shipyard International for 2029 delivery, about three years later than iReX would have delivered. The Crown contribution is capped at $1.7 billion with total project cost under $2 billion. That includes $373m of marine infrastructure via Ferry Holdings, $100m at CentrePort and $110m at Port Marlborough.",True,"The Government says the revised package saves about $2.3 billion against iReX and avoids a gold-plated port rebuild. Critics note the ferries arrive around three years later than iReX would have, and that roughly $671 million was spent on a cancelled programme. They also say the full cost was not disclosed at the time of the 2025 announcement.","Cabinet decision on Cook Strait ferry replacement announced by Rail Minister Winston Peters, 31 March 2025",https://www.beehive.govt.nz/speech/rail-ferries-and-straightforward-infrastructure,https://www.1news.co.nz/2025/03/31/two-new-cook-strait-rail-ferries-to-enter-service-in-2029-peters/ | https://newswire.co.nz/2026/07/cook-strait-ferries-named-kupe-cook-kiwirail-operator-2029/ | https://www.rnz.co.nz/news/political/560273/kiwirail-reveals-500-million-spent-on-axed-cook-strait-ferry-project,False
gapfill-greens-bus-decarbonisation,transport,Transport & Infrastructure,labour,Greens,coalition-agreement,outcome,partly,"Decarbonise public transport. The government target is that only zero-emission public transport buses be purchased from 2025, and that the entire public transport bus fleet be decarbonised by 2035.",Only zero-emission buses purchased from 2025 and fleet decarbonised by 2035 -> targets set and co-investment fund opened 2023; both dates fall after the term,"Targets were set and a funding mechanism established, but only a small share of the fleet had been converted by the handover.","The targets were adopted as government policy and carried into the Emissions Reduction Plan: no new fossil-fuel buses purchased from 2025, and a fully decarbonised bus fleet by 2035. Waka Kotahi opened a public transport decarbonisation co-investment fund in 2023 to help councils buy zero-emission buses and build depot charging, with first-round results due September 2023. Uptake was concentrated in Auckland, Wellington and Christchurch. At the October 2023 handover, zero-emission buses were a small minority of the national fleet. Both target dates fall after the end of the term, so neither had come due.",True,"One reading is that this cannot be scored against Labour's term, because the target dates are 2025 and 2035. The other is that the commitment was to decarbonise public transport during the term of the agreement. On the fleet conversion rate achieved by 2023, the 2035 date would require a step change no government had funded.","Labour-Greens Cooperation Agreement 2020, achieving the purpose and goals of the Zero Carbon Act through decarbonising public transport",https://www.scoop.co.nz/stories/PA2010/S00117/cooperation-agreement-between-the-nz-labour-party-and-the-green-party-of-aotearoa-nz.htm,https://www.nzta.govt.nz/media-releases/decarbonisation-of-bus-fleets-for-a-healthier-aotearoa/ | https://at.govt.nz/about-us/news-events/media-centre/2023-media-releases/auckland-has-most-zero-emission-buses-on-the-road-in-new-zealand,False
treaty-labour-maori-health-authority,treaty,Treaty & Māori Policy,labour,Labour,manifesto,act,delivered,"Establish an independent Māori Health Authority with its own commissioning powers, as a Treaty partnership body inside the reformed health system.","Independent Māori health authority promised -> Te Aka Whai Ora operating from 1 July 2022, $188m in Budget 2022","The authority was legislated and operating well before the end of the term, in the form promised.","Health Minister Andrew Little announced the authority on 21 April 2021. It was created by the Pae Ora (Healthy Futures) Act 2022, which passed its third reading on 7 June 2022. Te Aka Whai Ora began operating on 1 July 2022 with Riana Manuel as chief executive. Budget 2022 allocated $188 million for commissioning and iwi partnership work. It was still operating at the October 2023 handover, and the incoming government disestablished it on 30 June 2024.",False,,"Labour 2020 term commitment, following the Health and Disability System Review, to establish an independent Māori health authority",https://en.wikipedia.org/wiki/Pae_Ora_(Healthy_Futures)_Act_2022,https://en.wikipedia.org/wiki/Te_Aka_Whai_Ora | https://en.wikipedia.org/wiki/Sixth_Labour_Government_of_New_Zealand,False
treaty-labour-maori-wards-poll-removal,treaty,Treaty & Māori Policy,labour,Labour,manifesto,act,delivered,Remove the provisions of the Local Electoral Act that let five per cent of electors force a binding poll. Those polls could overturn a council decision to establish Māori wards or constituencies.,Poll veto removed Feb 2021 -> Māori constituencies in 6 of 11 regional councils and wards in 29 of 67 territorial authorities by 2022,"The poll provisions were repealed within four months of the promise being acted on, and the intended effect followed: councils established wards without a referendum.","The Local Electoral (Māori Wards and Māori Constituencies) Amendment Act 2021 passed its third reading on 25 February 2021 under urgency, removing the mechanism for petition-triggered referendums. Councils then adopted wards in large numbers. By the 2022 local elections, six of eleven regional councils (54.5 per cent) had Māori constituencies and 29 of 67 territorial authorities (43.3 per cent) had Māori wards. The next government reinstated the provisions in July 2024.",False,,"Labour 2020 term commitment to remove the binding-poll provisions of the Local Electoral Act, announced by Local Government Minister Nanaia Mahuta in February 2021",https://en.wikipedia.org/wiki/M%C4%81ori_wards_and_constituencies,https://en.wikipedia.org/wiki/M%C4%81ori_wards_and_constituencies | https://en.wikipedia.org/wiki/Sixth_Labour_Government_of_New_Zealand,False
treaty-labour-matariki-holiday,treaty,Treaty & Māori Policy,labour,Labour,manifesto,act,delivered,"Create a new public holiday for Matariki, the first public holiday recognising te ao Māori, to take effect from 2022.","New Matariki public holiday from 2022 -> first observed 24 June 2022, dates set to 2051","The holiday was legislated and first observed in 2022, exactly on the promised timetable.","The Te Kahui o Matariki Public Holiday Bill was introduced on 30 September 2021. It passed its third reading on 7 April 2022 and received royal assent on 11 April 2022. The first Matariki public holiday was observed on 24 June 2022, marked by a pre-dawn hautapu ceremony. The date is set by a lunar calculation rather than a fixed calendar date, and dates were published through to 2051. The holiday remained in place through the change of government.",False,,Labour 2020 election campaign pledge announced by Jacinda Ardern on 7 September 2020,https://en.wikipedia.org/wiki/Matariki,https://en.wikipedia.org/wiki/Matariki,False
treaty-labour-three-waters-cogovernance,treaty,Treaty & Māori Policy,labour,Labour,manifesto,act,partly,"Establish water services entities governed by regional representative groups made up of equal numbers of council and mana whenua representatives, with a Te Mana o te Wai statement mechanism for mana whenua.",50-50 council and mana whenua governance legislated Dec 2022 -> 0 entities and 0 representative groups operating at the Oct 2023 handover,"The co-governance structure was legislated but never came into operation before the term ended, and the wider programme was rescoped and delayed.","The 50-50 council and mana whenua regional representative group model was announced in October 2021. It was legislated in the Water Services Entities Act, passed in December 2022 with only Labour's votes. In April 2023 the programme was rebranded and expanded from four entities to ten, with the start date pushed back to 1 July 2026. No entity ever began operating, so no regional representative group was ever constituted. The legislation was repealed on 14 February 2024.",False,,Labour 2020 term commitment to the Three Waters reform programme (Cabinet decisions announced October 2021),https://en.wikipedia.org/wiki/Three_Waters_reform_programme,https://en.wikipedia.org/wiki/Three_Waters_reform_programme | https://en.wikipedia.org/wiki/Sixth_Labour_Government_of_New_Zealand,False
treaty-nzfirst-2017-maori-seats-referendum,treaty,Treaty & Māori Policy,labour,NZ First,manifesto,act,superseded,Hold a binding referendum on whether the separate Māori electorates should be abolished.,"Binding referendum on 7 Māori electorates promised -> dropped in the 2017 coalition negotiation, 0 referendums held","The commitment was traded away in the 2017 coalition negotiation, before the government took office, and was never pursued in the term.","During the post-election coalition negotiations in October 2017, Peters signalled he would consider dropping the referendum call. NZ First agreed to drop the demand as part of forming a government with Labour. No referendum was held, and the seven Māori electorates were retained throughout the 2017-2023 government. NZ First returned to campaigning on a referendum on the future of the Māori electorates, announced on 12 February 2026.",False,,"NZ First 2017 election campaign commitment, announced by Winston Peters, to hold a binding referendum on the Māori electorates",https://en.wikipedia.org/wiki/M%C4%81ori_electorates,https://en.wikipedia.org/wiki/M%C4%81ori_electorates | https://en.wikipedia.org/wiki/Sixth_Labour_Government_of_New_Zealand | https://en.wikipedia.org/wiki/2026_New_Zealand_general_election,False
treaty-act-treaty-principles-bill,treaty,Treaty & Māori Policy,national,ACT,coalition-agreement,act,delivered,"Introduce a Treaty Principles Bill based on existing ACT policy, and support it to a Select Committee as soon as practicable.","Support to select committee promised -> introduced, first reading 68-54 on 14 Nov 2024, defeated 112-11 on 10 Apr 2025","The agreement required introduction and support only to select committee, and both happened. National and NZ First never undertook to support it further.","David Seymour introduced the Principles of the Treaty of Waitangi Bill. It set out three proposed principles: that the Government has the right to govern all New Zealanders; that the Government will honour all New Zealanders in the chieftainship of their land and property; and that all New Zealanders are equal under the law with the same rights and duties. It passed its first reading on 14 November 2024 by 68 votes to 54 and was referred to the Justice Committee. The committee received over 200,000 online and 12,000 handwritten submissions, with about 90 per cent opposed and 8 per cent in support. A nationwide hikoi that began on 11 November 2024 brought tens of thousands to Parliament on 19 November. The bill was defeated at its second reading on 10 April 2025 by 112 votes to 11, with National and NZ First voting against as their agreements provided.",True,"One reading is that the commitment was met in full, because the agreement only ever required support to select committee and the bill got there. The other is that the exercise did not change the law and consumed a very large amount of parliamentary and public process, with roughly 90 per cent of submissions opposed. The facts of the votes and the wording of the agreement are not in dispute; what the commitment was worth is.",National-ACT Coalition Agreement 2023,https://www.russellmcveagh.com/media/haxjinrp/national-act-nz-first-coalition-government-policies-constitution-and-rights.pdf,https://en.wikipedia.org/wiki/Treaty_Principles_Bill | https://en.wikipedia.org/wiki/Sixth_National_Government_of_New_Zealand,False
treaty-act-treaty-principles-referendum,treaty,Treaty & Māori Policy,national,ACT,manifesto,other,superseded,Hold a binding referendum on the principles of the Treaty of Waitangi at the 2026 general election.,"Binding referendum at the 2026 election sought -> not agreed in coalition, 0 referendums held",The 2023 coalition negotiation dropped the referendum. It was replaced with a commitment that went no further than a select committee.,Seymour announced the referendum plan in March 2022 and raised it as a condition in coalition negotiations. It was not agreed. The National-ACT agreement committed only to introducing a Treaty Principles Bill and supporting it to select committee. No referendum was legislated for or held. The bill itself was defeated at second reading on 10 April 2025.,False,,ACT policy announced by David Seymour in March 2022 and carried into the 2023 campaign,https://en.wikipedia.org/wiki/Treaty_Principles_Bill,https://en.wikipedia.org/wiki/Treaty_Principles_Bill | https://en.wikipedia.org/wiki/Sixth_National_Government_of_New_Zealand,False
treaty-nzfirst-treaty-principles-legislation-review,treaty,Treaty & Māori Policy,national,NZ First,coalition-agreement,act,partly,"Conduct a comprehensive review of all legislation that includes 'the Principles of the Treaty of Waitangi', except where it relates to full and final Treaty settlements. Replace all such references with specific words about the relevance and application of the Treaty, or repeal the references.","28 Acts in scope -> 19 reviewed, 7 references to be repealed, 2 made specific, 10 capped at 'take into account'; 0 enacted by Aug 2026","Term unfinished. The review was completed and decisions taken, but the statutory changes had not been introduced and passed by August 2026.","Justice Minister Paul Goldsmith announced the outcome of the review on 15 May 2026. Twenty-eight Acts were originally in scope, narrowed to 19 for review. Existing Treaty settlements were excluded and several Acts were handled through separate processes. Cabinet agreed to make two references more specific and to repeal seven references outright. It capped the remaining ten at a 'take into account' standard. Future provisions would refer to both 'the Treaty of Waitangi' and 'te Tiriti o Waitangi'. Iwi consultation was under way and a full select committee process was still to follow. No amending legislation had been enacted as at 17 August 2026.",False,,"National-NZ First Coalition Agreement, signed 24 November 2023",https://assets.nationbuilder.com/nzfirst/pages/4462/attachments/original/1700784896/National___NZF_Coalition_Agreement_signed_-_24_Nov_2023.pdf,https://www.beehive.govt.nz/release/ensuring-treaty-references-are-consistent | https://www.beehive.govt.nz/portfolio/nationalactnew-zealand-first-coalition-government-2023-2026/justice,False
treaty-nzfirst-waitangi-tribunal-legislation,treaty,Treaty & Māori Policy,national,NZ First,coalition-agreement,act,partly,"Amend the Waitangi Tribunal legislation to refocus the scope, purpose, and nature of its inquiries back to the original intent of that legislation.","Amend Waitangi Tribunal legislation -> advisory group announced 9 May 2025, 0 amending Acts passed by Aug 2026","A review process and membership changes have happened. But the promised amendment to the Tribunal's governing legislation had not been made, with under three months of the term remaining.","On 17 January 2025 Minister for Māori Development Tama Potaka announced a membership overhaul. Eight new members were appointed and six warrants renewed. Ten members were not reappointed, including Linda Tuhiwai Smith, Rawinia Higgins and Monty Soutar. On 9 May 2025 Potaka announced an independent technical advisory group to review the Treaty of Waitangi Act 1975. Further Tribunal appointments were confirmed on 28 July 2026. No amending legislation had been introduced or passed as at 17 August 2026.",False,,"National-NZ First Coalition Agreement, signed 24 November 2023",https://assets.nationbuilder.com/nzfirst/pages/4462/attachments/original/1700784896/National___NZF_Coalition_Agreement_signed_-_24_Nov_2023.pdf,https://en.wikipedia.org/wiki/Waitangi_Tribunal | https://www.beehive.govt.nz/portfolio/nationalactnew-zealand-first-coalition-government-2023-2026/m%C4%81ori-development,False
treaty-nzfirst-takutai-moana-s58,treaty,Treaty & Māori Policy,national,NZ First,coalition-agreement,act,delivered,"Amend section 58 of the Marine and Coastal Area Act to make clear Parliament's original intent, following the Court of Appeal decision in Re Edwards.",Amend s58 test -> Marine and Coastal Area (Takutai Moana) (Customary Marine Title) Amendment Act passed 22 Oct 2025,"The section 58 test was amended by Act of Parliament inside the term, as the agreement required.",The Marine and Coastal Area (Takutai Moana) (Customary Marine Title) Amendment Act 2025 passed on 22 October 2025. It tightened the statutory threshold that applicants must meet to be awarded customary marine title.,True,"The Government says the amendment restores the threshold Parliament intended in 2011, which applied before the Court of Appeal's Re Edwards judgment. Māori applicants and opposition parties argued that it raises the bar above what the courts had found the 2011 Act to mean. They said it will defeat claims that would otherwise have succeeded. The text of the amendment and the date of passage are agreed. Its practical effect on future title applications was not yet tested as at August 2026.","National-NZ First Coalition Agreement, signed 24 November 2023",https://assets.nationbuilder.com/nzfirst/pages/4462/attachments/original/1700784896/National___NZF_Coalition_Agreement_signed_-_24_Nov_2023.pdf,https://en.wikipedia.org/wiki/54th_New_Zealand_Parliament,False
treaty-national-maori-wards-referendums,treaty,Treaty & Māori Policy,national,National,coalition-agreement,act,delivered,Restore the right to a local referendum on setting up or continuing to use Māori wards. This includes requiring a referendum at the next local body elections on any wards established without one.,"Binding referendums restored -> Act passed 30 July 2024, 42 polls held in 2025, 24 councils voted to remove wards and 18 to retain","Legislation restored the referendum right within nine months, and the binding polls were held at the 2025 local elections exactly as promised.","Local Government Minister Simeon Brown announced on 4 April 2024 that councils which had introduced Māori wards without a poll would have to hold referendums or disestablish the wards. The Local Government (Electoral Legislation and Māori Wards and Māori Constituencies) Amendment Act 2024 passed on 30 July 2024. It required affected councils either to disestablish their wards by 6 September 2024 or hold binding polls alongside the 2025 local elections. Those polls went ahead, with 24 councils voting to remove their Māori wards and 18 voting to retain them. The results take effect from the 2028 local elections.",False,,National-ACT and National-NZ First Coalition Agreements 2023,https://www.russellmcveagh.com/media/haxjinrp/national-act-nz-first-coalition-government-policies-constitution-and-rights.pdf,https://en.wikipedia.org/wiki/M%C4%81ori_wards_and_constituencies | https://en.wikipedia.org/wiki/Sixth_National_Government_of_New_Zealand,True
treaty-national-oranga-tamariki-7aa,treaty,Treaty & Māori Policy,national,National,coalition-agreement,act,delivered,Repeal section 7AA of the Oranga Tamariki Act 1989.,"Repeal s7AA -> Oranga Tamariki (Repeal of Section 7AA) Amendment Act, royal assent 3 April 2025","Section 7AA was repealed by Act of Parliament inside the term, as promised.","Section 7AA had been added on 1 July 2019 by the Sixth Labour Government. It required the chief executive to reduce disparities for Māori children, to take whakapapa and whānau links into account when children were removed, and to develop strategic partnerships with iwi and Māori organisations. The Oranga Tamariki (Repeal of Section 7AA) Amendment Act 2025 received royal assent on 3 April 2025. The replacement provisions kept a duty on the chief executive to develop strategic relationships with Māori and iwi organisations and to report on the wellbeing of Māori children.",True,"The Government says section 7AA created a duty that could be read as competing with the child's safety as the paramount consideration. It says the replacement provisions keep the practical iwi partnership and reporting obligations. Iwi organisations, the Children's Commissioner's successor bodies and opposition parties argued the repeal removed the only explicit statutory recognition of whakapapa in care decisions. Both sides agree on what the repeal Act does and when it passed.","2023 coalition commitments on constitution and rights, compiled from the National-ACT and National-NZ First agreements",https://www.russellmcveagh.com/media/haxjinrp/national-act-nz-first-coalition-government-policies-constitution-and-rights.pdf,https://en.wikipedia.org/wiki/Oranga_Tamariki_Act_1989,True
treaty-national-cogovernance-public-services,treaty,Treaty & Māori Policy,national,National,coalition-agreement,act,largely,Remove co-governance from the delivery of public services.,"Co-governance removed from public service delivery -> Māori Health Authority, Three Waters representative groups and s7AA all repealed between Feb 2024 and Apr 2025","The named co-governance arrangements in health, water and care of children were all removed. Co-governance arrangements in conservation, Treaty settlement bodies and some council structures continued.","Three of the main co-governance structures in public service delivery were removed. Urgent legislation passed on 28 February 2024 disestablished Te Aka Whai Ora, the Māori Health Authority, which ceased to exist on 30 June 2024. Iwi-Māori partnership boards were retained inside the health system. Parliament repealed the Water Services Entities Act on 14 February 2024. That Act had provided for regional representative groups with equal council and mana whenua membership. Section 7AA of the Oranga Tamariki Act was repealed with effect from 3 April 2025. The Waitangi Tribunal found in its Hautupua report of 29 November 2024 that the Crown had breached Treaty principles in disestablishing Te Aka Whai Ora.",True,"The Government describes these bodies as duplicative structures that gave a non-elected group decision rights over universal services, and says need-based delivery replaces them. The Waitangi Tribunal found in Hautupua that the Crown did not act in good faith over Te Aka Whai Ora, did not consult Māori, and acted on political ideology rather than evidence. It also found the authority was integral to equitable health delivery. The legislative facts are not disputed. What is disputed is how to characterise what was removed.",National-ACT and National-NZ First Coalition Agreements 2023 (the commitment appears in both),https://www.russellmcveagh.com/media/haxjinrp/national-act-nz-first-coalition-government-policies-constitution-and-rights.pdf,https://www.buddlefindlay.com/insights/legislation-passed-to-disestablish-the-maori-health-authority-te-aka-whai-ora/ | https://www.waitangitribunal.govt.nz/en/news/tribunal-releases-report-on-disestablishment-of-te-aka-whai-ora | https://en.wikipedia.org/wiki/Three_Waters_reform_programme,True
treaty-nzfirst-honour-settlements,treaty,Treaty & Māori Policy,national,NZ First,coalition-agreement,other,delivered,The Coalition Government will honour the undertakings made by the Crown through past Treaty of Waitangi settlements.,Honour past settlements -> at least 8 settlement bills or deeds progressed between May 2024 and May 2026; settlements excluded from the Treaty clauses review,"Settlement legislation continued to pass throughout the term, and past settlements were expressly excluded from the Treaty principles review.","Settlements continued to be signed and legislated through the term. The Whakatohea claims settlement passed on 28 May 2024 after three decades of negotiation. Ngāti Ranginui settled on 15 May 2025 after 17 years. Ngāti Paoa's settlement passed its final reading on 5 November 2025 after 14 years. Legislation returning Kororipo Pa to Ngapuhi passed on 17 December 2025. The Ngāti Haua settlement passed its final reading on 29 January 2026, with $19 million of financial redress, the return of 64 culturally significant sites and posthumous pardons. A deed was signed with Ngāti Ruapani on 25 February 2026. Three Hauraki iwi settlement bills, for Ngāti Rahiri Tumutumu, Ngāti Tara Tokanui and Ngāti Hei, passed their final reading on 13 May 2026. Existing settlements were also expressly carved out of the review of Treaty principles clauses announced on 15 May 2026.",False,,"National-NZ First Coalition Agreement, signed 24 November 2023",https://assets.nationbuilder.com/nzfirst/pages/4462/attachments/original/1700784896/National___NZF_Coalition_Agreement_signed_-_24_Nov_2023.pdf,https://www.beehive.govt.nz/portfolio/nationalactnew-zealand-first-coalition-government-2023-2026/treaty-waitangi-negotiations | https://www.beehive.govt.nz/release/ensuring-treaty-references-are-consistent,False
treaty-nzfirst-he-puapua-undrip,treaty,Treaty & Māori Policy,national,NZ First,coalition-agreement,act,partly,Stop all work on He Puapua. Confirm that the Government does not recognise the United Nations Declaration on the Rights of Indigenous Peoples as having any binding legal effect on New Zealand.,,There is no evidence of continuing work on He Puapua or a Declaration Plan after the change of government. But no published document confirming the work programme was formally closed was located.,"He Puapua was a 2019 report commissioned through Te Puni Kōkiri by a Declaration Working Group set up in August 2019 and chaired by Claire Charters. It set out a path to implement UNDRIP by 2040. It was completed in December 2019 but was not released publicly at the time, and was never adopted as government policy. No Declaration Plan was ever formally adopted. The incoming government adopted NZ First's position of halting all work related to the report. No Declaration Plan work programme has been identified as running after November 2023.",True,"Evidence for this entry is limited. The commitment is documented, and so is the fact that the Government adopted the policy of halting work. But the sources available for this run contained no primary document formally recording the closure of the Declaration Plan work programme, and no statement of the Government's position on UNDRIP's legal effect. The status should be treated as provisional.","National-NZ First Coalition Agreement, signed 24 November 2023",https://assets.nationbuilder.com/nzfirst/pages/4462/attachments/original/1700784896/National___NZF_Coalition_Agreement_signed_-_24_Nov_2023.pdf,https://en.wikipedia.org/wiki/He_Puapua | https://en.wikipedia.org/wiki/Sixth_National_Government_of_New_Zealand,False
treaty-act-departments-english-names,treaty,Treaty & Māori Policy,national,ACT,coalition-agreement,act,partly,"Ensure all public service departments have their primary name in English, except for those specifically related to Māori. Require public service departments and Crown entities to communicate primarily in English.",,"English-first naming and communication came through ministerial direction at individual agencies rather than across the board, and no statutory name changes were made.","The change was applied agency by agency rather than through a single instrument. On 8 December 2023 the Transport Minister directed Waka Kotahi to prioritise its English name, NZ Transport Agency. Similar direction followed at other agencies. Agencies with a specifically Māori remit, such as Te Puni Kōkiri and Te Taura Whiri i te Reo Māori, kept their Māori names. No legislation was passed changing the statutory names of departments. Māori names remained in use alongside English ones in many agencies.",True,"Evidence for how complete this change was is limited. The direction to NZ Transport Agency in December 2023 is documented, and so is the coalition commitment. But the sources available for this run contained no consolidated public record of which departments changed their primary name, and when.",National-ACT Coalition Agreement 2023 (a related commitment on communicating primarily in English appears in the National-NZ First agreement),https://www.russellmcveagh.com/media/haxjinrp/national-act-nz-first-coalition-government-policies-constitution-and-rights.pdf,https://en.wikipedia.org/wiki/M%C4%81ori_language | https://en.wikipedia.org/wiki/Sixth_National_Government_of_New_Zealand,False
treaty-nzfirst-english-official-language,treaty,Treaty & Māori Policy,national,NZ First,coalition-agreement,act,not-delivered,Legislate to make English an official language of New Zealand.,Legislate English as an official language -> 0 Acts passed; official languages remain te reo Māori (1987) and NZ Sign Language (2006),English still had no statutory official language status with under three months of the term remaining.,"New Zealand has two statutory official languages: te reo Māori under the Māori Language Act 1987, and New Zealand Sign Language under the New Zealand Sign Language Act 2006. English remains a de facto official language that is not recognised in statute. Clayton Mitchell introduced a NZ First member's bill in February 2018 to recognise English in statute, and it did not become law. In the sources reviewed, no Act recognising English as an official language had been passed as at August 2026.",True,"The evidence here is the absence of any recorded legislation, rather than a positive statement that the commitment was abandoned. A bill may have been introduced late in the term that the sources available for this run do not capture, so the status should be treated as provisional.","National-NZ First Coalition Agreement, signed 24 November 2023",https://assets.nationbuilder.com/nzfirst/pages/4462/attachments/original/1700784896/National___NZF_Coalition_Agreement_signed_-_24_Nov_2023.pdf,https://en.wikipedia.org/wiki/Languages_of_New_Zealand,False
gapfill-treaty-labour-whanau-ora-funding,treaty,Treaty & Māori Policy,labour,Labour,manifesto,other,largely,"Provide further support for Whānau Ora, the whānau-centred commissioning model delivered through independent Māori and Pacific commissioning agencies.","Further support for Whānau Ora -> $80m over four years in Budget 2019, plus $3m in-year in Jan 2020; agency allocation approx $87m for 2019/20","Funding was increased repeatedly as promised, but the commissioning model was not broadened in the way the 2018 review pointed to.","Labour commissioned a review of Whānau Ora in 2018. It reported that other government agencies were not buying into the model enough. Budget 2019 allocated $80 million over four years. Close to two-thirds went directly to the three commissioning agencies, and $20 million was set aside to test localised commissioning in the North Island. On 23 January 2020 a further $3 million was redirected to the three existing agencies in-year, taking their combined allocation for that year to about $87 million. More Whānau Ora funding flowed through the COVID-19 response. The commissioning model itself was not restructured or expanded to new agencies during the term. The Auditor-General reported on Whānau Ora commissioning in 2023.",False,,Labour Māori manifesto: 'further support for Whānau Ora',https://www.labour.org.nz/news-maori-manifesto,https://www.beehive.govt.nz/release/boost-wh%C4%81nau-ora-funding-keep-changing-lives | https://www.rnz.co.nz/news/te-manu-korihi/383028/government-review-finds-its-own-agencies-don-t-buy-into-whanau-ora-enough | https://oag.parliament.nz/2023/whanau-ora/part2.htm,False
gapfill-treaty-labour-te-reo-education-2025,treaty,Treaty & Māori Policy,labour,Labour,manifesto,outcome,partly,"Integrate te reo Māori into education in early learning services and schools by 2025, so that te reo Māori is part of every student's education. Do not make it a compulsory core curriculum subject.",Te reo integrated into all early learning and schools by 2025 -> teacher programme scaled from 685 educators in 2019; no curriculum requirement in place at Oct 2023,"Real workforce investment was made. But te reo was not integrated across all schools, and the enabling programme was ended before the 2025 date.","Labour rejected compulsion and pursued integration by building teacher capability instead. Te Ahu o te Reo Māori, a $12 million teacher language programme, was piloted in 2019 with 685 educators enrolled across four regions, and was then scaled up nationally. The Maihi Karauna Crown strategy for te reo Māori revitalisation was adopted in 2018, with a 2040 goal of one million New Zealanders speaking basic te reo. At the October 2023 handover te reo Māori had not been made a core curriculum subject, and the 2025 integration date had not arrived. The incoming government discontinued Te Ahu o te Reo Māori funding in 2024.",True,"One reading is that the target date of 2025 fell outside Labour's term, so the goal could not fairly be marked failed at the October 2023 handover. The other is that the 2025 date was never going to be met on the trajectory set. There was no curriculum change, no entitlement, and after six years the workforce programme still reached only a fraction of teachers.","Labour te reo Māori education policy, integrate te reo Māori into education in early learning and schools by 2025",https://www.beehive.govt.nz/release/progress-integrating-te-reo-m%C4%81ori-education,https://www.beehive.govt.nz/release/progress-integrating-te-reo-m%C4%81ori-education | https://thespinoff.co.nz/atea/19-07-2019/cheat-sheet-compulsory-te-reo-maori-in-schools | https://www.nzherald.co.nz/nz/politics/maori-language-commission-deeply-concerned-about-erica-stanfords-funding-cuts-to-te-reo-programme-for-teachers/JWYLC3ZBMFCVBH34KCRV5YHPQM/,False
gapfill-treaty-greens-te-reo-core-curriculum-2025,treaty,Treaty & Māori Policy,labour,Greens,manifesto,outcome,not-delivered,"Make te reo Māori a core curriculum subject in all state primary and secondary schools by 2025, alongside additional resourcing for kaupapa Māori education.",Te reo a core subject in all schools by 2025 -> no curriculum change made by Oct 2023,The core-curriculum requirement the Greens promised was never adopted while they were in government arrangements.,"The Greens carried this policy into the 2017 confidence and supply arrangement and the 2020 cooperation agreement, but it was not adopted as government policy. Labour declined to make te reo compulsory, citing insufficient teacher supply, and pursued integration through the Te Ahu o te Reo Māori workforce programme instead. Green MPs continued to advocate the position publicly through the term. No legislation or National Curriculum change making te reo a core subject was made before the October 2023 handover.",False,,"Green Party 2017 te reo Māori policy, te reo Māori a core curriculum subject in all schools by 2025",https://www.greens.org.nz/te-reo-maori-must-be-core-curriculum-topic-all-schools-2025-say-greens,https://thespinoff.co.nz/atea/19-07-2019/cheat-sheet-compulsory-te-reo-maori-in-schools | https://www.beehive.govt.nz/release/progress-integrating-te-reo-m%C4%81ori-education,False
gapfill-treaty-labour-treaty-settlements-progress,treaty,Treaty & Māori Policy,labour,Labour,manifesto,other,partly,"Progress the settlement of historical Treaty of Waitangi claims through Te Arawhiti, prioritising durable settlements over speed. This includes advancing negotiations with Ngapuhi, the largest iwi grouping.",13 settlements worth approx $690m over six years -> vs 46 settlements worth approx $1.23b over the previous nine years; 2030 completion target dropped,"Settlements continued and Te Arawhiti was established. But the rate was roughly a quarter of the previous one, the completion target was removed, and the largest outstanding claim did not advance to settlement.","Labour established Te Arawhiti, the Office for Māori Crown Relations, in January 2019. Over Andrew Little's five-plus years as Treaty Negotiations Minister the Crown completed 13 settlements worth about $690 million. That compares with 46 settlements worth about $1.23 billion over the previous government's nine years. Labour dropped the previous target of completing all willing historical settlements by 2030, with Little arguing that durable settlements mattered more than a deadline. The Ngapuhi settlement was not achieved. By early 2023 the Crown was negotiating with roughly eight separate Ngapuhi groupings rather than a single mandate.",True,"Critics read the drop in settlement numbers as a delivery failure. The Crown and several iwi argue the remaining claims are the most complex and contested ones. They say the earlier pace reflected easier settlements being done first, and that a 2030 deadline would have pressured groups into settlements they did not accept.","Labour Māori manifesto, commitment to Te Tiriti o Waitangi and to Te Arawhiti, the Office for Māori Crown Relations, to progress settlements",https://www.labour.org.nz/news-maori-manifesto,https://www.nzherald.co.nz/nz/politics/waitangi-2023-treaty-settlements-under-labour-and-whats-happening-with-ngapuhi-countrys-largest-iwi/XLPMDBEK4NCM5LODCUBV3MSFR4/ | https://oag.parliament.nz/media/2024/treaty-settlement.htm,False
gapfill-treaty-labour-oranga-tamariki-7aa,treaty,Treaty & Māori Policy,labour,Labour,manifesto,act,delivered,"Bring into force statutory Treaty duties on the chief executive of Oranga Tamariki. These require the agency to reduce disparities for tamariki Māori, to have regard to mana tamaiti, whakapapa and whanaungatanga, to develop strategic partnerships with iwi and Māori organisations, and to report publicly each year.",Section 7AA in force 1 July 2019 -> operated until repeal took effect 7 April 2025,"The statutory duties came into force on time and operated for the rest of the term, with partnerships signed and annual reporting published.","Section 7AA of the Oranga Tamariki Act 1989 came into force on 1 July 2019 under the Labour government. It required the chief executive to set measurable outcomes for reducing disparities for Māori children, to have regard to mana tamaiti, whakapapa and whanaungatanga, to seek strategic partnerships with iwi and Māori organisations, and to report annually and publicly. Strategic partnerships with iwi and Māori organisations were signed, and section 7AA reports were published each year. The provision remained in force at the October 2023 handover. The incoming government repealed it, with the repeal taking effect on 7 April 2025.",True,"The drafting provenance is disputed. Section 7AA was inserted by the Children, Young Persons, and Their Families (Oranga Tamariki) Legislation Act 2017, which passed under the previous National government. But its commencement on 1 July 2019, the strategic partnership programme built under it, and the response to the 2021 Waitangi Tribunal urgent inquiry all sat with Labour. Some critics also note that Labour declined the Tribunal's central recommendation for an independent Māori transition authority.","Labour Māori manifesto, ensure Oranga Tamariki partners with iwi, hapū and Māori organisations to find the best solutions",https://www.labour.org.nz/news-maori-manifesto,https://www.legislation.govt.nz/act/public/2017/0031/latest/DLM7064559.html | https://www.orangatamariki.govt.nz/about-us/performance-and-monitoring/section-7aa/what-we-do-section-7aa/ | https://www.1news.co.nz/2024/08/02/section-7aa-explained-the-repeal-that-has-iwi-marching-to-parliament/,False
gapfill-treaty-labour-whai-kainga-whai-oranga,treaty,Treaty & Māori Policy,labour,Labour,manifesto,act,partly,"Fund Māori-led housing through Whai Kāinga Whai Oranga. The four-year $730 million programme, announced in October 2021, was to build over 1,000 new Māori homes, repair 700 existing whānau-owned homes, and provide infrastructure for papakāinga sites.","1,000 new homes and 700 repairs from $730m -> up to 959 new builds and 331 repairs approved as at late 2022; completions not reported","Funding approvals came close to the new-build target, but repairs ran well behind. Throughout the term the programme reported approvals rather than completed homes.","Budget 2021 provided $380 million for Whai Kāinga Whai Oranga plus $350 million for a Māori infrastructure fund, a combined $730 million over four years. Applications opened on 20 October 2021, with no completion deadline set. By December 2021, 24 further projects had been approved covering over 140 new houses, and $15 million had gone to repairs on 242 whānau-owned homes. A progress update from late 2022 recorded funding approved for up to 959 of the 1,000 new-build homes, up to 331 of the 700 repairs, and infrastructure enabled for up to 1,356 of 2,700 identified sites. No consolidated count of completed homes was published by the October 2023 handover. The programme ended in May 2025.",False,,"Labour Māori manifesto, strengthen Māori housing through collaborative partnerships, home-ownership models and papakāinga provision",https://www.labour.org.nz/news-maori-manifesto,https://www.rnz.co.nz/news/national/453522/whai-kainga-govt-programme-to-help-iwi-build-1000-new-homes | https://www.beehive.govt.nz/release/further-m%C4%81ori-housing-projects-underway | https://www.hud.govt.nz/assets/Uploads/Documents/9.MAIHI-Ka-Ora-Implementation-Plan-Progress-Update.pdf,False
gapfill-treaty-labour-maihi-ka-ora-strategy,treaty,Treaty & Māori Policy,labour,Labour,manifesto,other,delivered,"Strengthen Māori housing through collaborative partnerships, home-ownership models and papakāinga provision, set out in a new national Māori housing strategy developed with Māori.",New national Māori housing strategy -> MAIHI Ka Ora published 2021 with six priority areas,"The new national strategy was written, published and given an implementation plan and funding vehicle within the term.","The government published MAIHI Ka Ora, the National Māori Housing Strategy, in 2021. It became the operative national Māori housing strategy in place of He Whare Āhuru He Oranga Tangata, the strategy issued in July 2014 under the previous government. MAIHI Ka Ora does not itself describe the earlier document as revoked, and presents itself as building on the MAIHI framework. It set six priority areas: Māori Crown partnerships, Māori-led local solutions, Māori housing supply, Māori housing support, the Māori housing system, and Māori housing sustainability. It came with an implementation plan and progress reporting through Te Tūāpapa Kura Kāinga and Te Puni Kōkiri. The strategy is not set in statute and has no binding numeric targets. Its main funding vehicle was Whai Kāinga Whai Oranga.",False,,"Labour Māori manifesto, continued work with iwi to build more papakāinga and improve Māori home ownership rates",https://www.labour.org.nz/news-maori-manifesto,https://www.hud.govt.nz/assets/Uploads/Documents/MAIHI-Ka-Ora-Strategy-Document.pdf | https://www.hud.govt.nz/assets/Uploads/Documents/9.MAIHI-Ka-Ora-Implementation-Plan-Progress-Update.pdf | https://www.beehive.govt.nz/release/he-whare-%C4%81huru-he-oranga-t%C4%81ngata-m%C4%81ori-housing-strategy-launched,False
gapfill-treaty-labour-nz-history-curriculum,treaty,Treaty & Māori Policy,labour,Labour,manifesto,outcome,largely,"Make New Zealand history, including the Treaty of Waitangi and Māori history, a core part of the curriculum in all schools and kura by 2022.","Core curriculum in all schools by 2022 -> curriculum launched March 2022, compulsory from the 2023 school year","The curriculum was written and made compulsory as promised, but a year later than the stated 2022 date.","The government announced in September 2019 that New Zealand history would be taught in all schools and kura. A draft curriculum went out for consultation in 2021 and drew substantial criticism from historians. In January 2022 the Ministry of Education deferred implementation by a year. Prime Minister Jacinda Ardern launched Aotearoa New Zealand's Histories on 17 March 2022. It became a compulsory part of the curriculum for years 1 to 10 from the start of the 2023 school year, one year later than the manifesto date.",False,,Labour Māori manifesto. New Zealand history a core curriculum subject in all schools and kura by 2022,https://www.labour.org.nz/news-maori-manifesto,https://www.rnz.co.nz/news/national/463479/aotearoa-new-zealand-history-curriculum-launches | https://www.teaonews.co.nz/2022/01/27/aotearoa-history-curriculum-delayed-until-2023/ | https://www.beehive.govt.nz/release/nz-history-be-taught-all-schools,False
gapfill-treaty-labour-maori-procurement-target,treaty,Treaty & Māori Policy,labour,Labour,manifesto,act,delivered,Introduce a progressive procurement policy setting a target for the share of government contracts awarded to Māori businesses.,"5 per cent of contracts to Māori businesses -> 6 per cent achieved in 2021/22 (3,200+ contracts, approx $930m); target raised to 8 per cent in 2023","The policy and a numeric target were introduced, the target was met, and it was then raised within the term.","A progressive procurement policy took effect from 2020. It required departments to award at least 5 per cent of their contracts by number to Māori businesses. In the 2021/22 financial year Māori businesses accounted for 6 per cent of government procurement contracts, more than 3,200 contracts worth about $930 million across the public sector. On 23 March 2023 the government raised the target to 8 per cent, with a review set for 2024.",False,,"Labour Māori manifesto, a progressive procurement policy that would set a target for Māori business procurement",https://www.labour.org.nz/news-maori-manifesto,https://www.beehive.govt.nz/release/government-target-increased-keep-powering-m%C4%81ori-economy | https://www.beehive.govt.nz/release/boosting-m%C4%81ori-economy-through-progressive-procurement,False
gapfill-treaty-labour-maori-boarding-schools-20m,treaty,Treaty & Māori Policy,labour,Labour,manifesto,act,largely,"Invest $20 million into a fund to upgrade New Zealand's four Māori boarding schools. Te Aute College, St Joseph's Māori Girls' College, Hukarere Girls' College and Hato Paora College.",$20m fund for four Māori boarding schools -> approx $17.2m allocated by August 2022,"The fund was created and most of it was allocated to the four named schools. But allocation ran two years behind the announcement, and the full $20 million was not publicly accounted for.","The commitment was announced on 26 September 2020 during the election campaign and funded in Budget 2021. About $2.337 million was paid out in 2021/22 for urgent works at Hato Paora and St Joseph's. On 16 August 2022 the remaining $14.9 million was allocated: $6.2 million to St Joseph's Māori Girls' College, $5.0 million to Te Aute College, $2.7 million to Hato Paora College and $981,300 to Hukarere Girls' College. That accounts for about $17.2 million of the $20 million. The balance was not separately reported by the October 2023 handover.",False,,"Labour 2020 campaign policy, $20 million fund to support Māori boarding schools",https://www.scoop.co.nz/stories/PO2009/S00394/new-fund-to-support-maori-boarding-schools.htm,https://www.beehive.govt.nz/release/149m-allocated-m%C4%81ori-boarding-school-upgrades | https://www.stuff.co.nz/pou-tiaki/te-reo-maori/122908573/relief-at-20-million-fund-for-mori-boarding-schools,False
gapfill-treaty-nzfirst-pgf-maori-land-100m,treaty,Treaty & Māori Policy,labour,NZ First,coalition-agreement,act,delivered,Use the Provincial Growth Fund to unlock the productive potential of Māori-owned land. Its special legal status creates particular barriers to commercial finance.,Up to $100m of the Provincial Growth Fund ring-fenced for Māori land development -> announced 3 February 2019,"The dedicated $100 million allocation was made, and a loans and grants programme for Māori landowners operated for the rest of the term.","On 3 February 2019 Prime Minister Jacinda Ardern and Regional Economic Development Minister Shane Jones made an announcement at Otamatea Marae. Up to $100 million of the Provincial Growth Fund would be set aside for projects increasing the productivity of Māori-owned land, delivered as loans and grants under the Whenua Māori programme. Funded projects included horticulture conversions, such as an 18.2 hectare blueberry orchard at Te Teko. No full outcome reporting on jobs created and hectares brought into production was published. The PGF as a whole drew Auditor-General scrutiny over its assessment processes.",False,,"Labour-NZ First Coalition Agreement 2017, $1 billion per annum Provincial Growth Fund, administered by NZ First's Regional Economic Development Minister",https://www.scoop.co.nz/stories/PA1710/S00058/coalition-agreement-nz-first-and-labour.htm,http://www.beehive.govt.nz/release/100-million-investment-support-m%C4%81ori-landowners-and-drive-regional-growth | https://www.growregions.govt.nz/established-funds/what-we-have-funded/the-provincial-growth-fund/maori-economic-development,False
gapfill-treaty-greens-honour-te-tiriti-cs2017,treaty,Treaty & Māori Policy,labour,Greens,coalition-agreement,other,partly,"Honour te Tiriti o Waitangi, as one of the twenty policy goals in the 2017 Labour-Green confidence and supply agreement.",,"Treaty measures the Greens supported did pass, but the commitment as written specified nothing that could be delivered or missed.","Unlike most of the other nineteen goals, this commitment carried no named policy, number or date. Across the two terms Green ministers held Conservation, Climate Change, Associate Environment, Land Information, Prevention of Family and Sexual Violence and Associate Housing. None of these were Māori Crown relations portfolios. Labour ministers led the Government's Treaty measures in this period: the Māori Health Authority, removal of the Māori wards poll provisions, the Matariki public holiday and the New Zealand histories curriculum. Cabinet halted work on a plan to implement the UN Declaration on the Rights of Indigenous Peoples in December 2022, without a plan being produced. The Greens supported these measures in the House, but the agreement goal itself was never given a deliverable to measure.",True,"The Greens argue the goal was honoured through support for the Māori Health Authority, Māori wards changes and the histories curriculum. Critics of the scorecard note that scoring an undefined aspiration either way is arbitrary. They also note that the one concrete Treaty workstream of the period, the UNDRIP implementation plan, was stopped without a Green minister holding the portfolio to prevent it.","Labour-Green Confidence and Supply Agreement 2017, policy goal 17, honour te Tiriti o Waitangi",https://thestandard.org.nz/labour-green-confidence-and-supply-agreement-released/,https://www.interest.co.nz/news/90522/greens-outline-confidence-and-supply-agreement-new-government-which-includes-20-policy | https://newsroom.co.nz/2022/12/08/co-governance-work-put-on-ice/,False
gapfill-national-act-need-not-race-circular,treaty,Treaty & Māori Policy,national,ACT,coalition-agreement,other,largely,"Within the first six months of Government, issue a Cabinet Office circular to all central government organisations. It is to state the Government's expectation that public services should be prioritised on the basis of need, not race.",Circular due within 6 months (by late May 2024) -> issued 13 September 2024,"The circular was issued in the form promised, but about four months after the six-month deadline written into the agreement.","Cabinet Office Circular CO (24) 5, Needs-based Service Provision, was issued on 13 September 2024. That was about nine and a half months after the Government was formed, and roughly four months after the six-month deadline. It states that the targeting, commissioning and design of public services should be based on the needs of all New Zealanders. It applies to public service agencies and their chief executives, and asks Crown entities and state-owned enterprises to comply so far as is consistent with their legal obligations. A supporting Cabinet paper, Ensuring Public Services are Based on Need and Contracts are Awarded on Value, was released at the same time. An identically worded commitment appears in the National-NZ First coalition agreement, without the six-month deadline.",True,"The Government says the circular directs agencies to allocate services by assessed need rather than ethnicity, and does not stop agencies from taking ethnicity into account where it is itself evidence of need. Critics, including public health researchers publishing in the NZ Herald and in academic journals, argue that ethnicity is an established marker of need. They say removing ethnic targeting reduces the reach of services to Māori and Pacific populations, and that the circular sits uneasily with Treaty obligations. The dispute is about the circular's effect, not about whether it was issued.","National. ACT Coalition Agreement, 24 November 2023",https://assets.nationbuilder.com/actnz/mailings/6945/attachments/original/National_ACT_Agreement.pdf,https://www.dpmc.govt.nz/publications/co-24-5-needs-based-service-provision | https://www.beehive.govt.nz/sites/default/files/2024-09/Ensuring%20Public%20Services%20are%20Based%20on%20Need%20and%20Contracts%20are%20Awarded%20on%20Value%20-%20Cabinet%20Paper.pdf | https://www.nzherald.co.nz/nz/politics/government-tells-public-services-to-deliver-based-on-need-not-race/3WX4KBSKPFE2RLEY32K2XMUYSI/,False
water-labour-drinking-water-regulator,water,Water & Local Government,labour,Labour,manifesto,act,delivered,"Establish an independent national drinking water regulator with oversight of drinking water, wastewater and stormwater networks.",New water regulator promised -> Taumata Arowai established 1 March 2021,"The regulator was legislated, established and operational within the term, and has been retained by the successor government.","The Taumata Arowai, the Water Services Regulator Bill was introduced in December 2019 and enacted in 2020. Taumata Arowai was established as a Crown entity on 1 March 2021 and became fully operational in November 2021. Its regulatory powers are set out in the Water Services Act 2021. It regulates drinking water safety and has an oversight role for wastewater and stormwater networks, supported by a Māori Advisory Group. The regulator survived the change of government and was renamed the Water Services Authority (Taumata Arowai) in August 2025.",False,,Labour commitment to a dedicated drinking water regulator following the 2017 Havelock North Inquiry,https://en.wikipedia.org/wiki/Taumata_Arowai,https://en.wikipedia.org/wiki/Taumata_Arowai | https://en.wikipedia.org/wiki/Three_Waters_reform_programme,False
water-labour-three-waters-entities,water,Water & Local Government,labour,Labour,manifesto,other,partly,"Move drinking water, wastewater and stormwater services from 67 councils into four large publicly owned water services entities, operating from 1 July 2024.","4 entities operating by 1 July 2024 -> rescoped to 10 entities from 1 July 2026, none ever operational","The legislation was passed, but the promised structural change was rescoped and delayed during the term, and no entity was operating at the October 2023 handover.","The mandatory four-entity model was announced in October 2021. It had council and mana whenua co-governance at the regional representative group level, and a 75 per cent parliamentary supermajority safeguard against privatisation. The Water Services Entities Act passed in December 2022 with only Labour's votes. In April 2023 the programme was rebranded the Water Services Reform Programme, expanded from four entities to ten on regional boundaries, and pushed back to 1 July 2026. That change became law on 16 August 2023. No entity ever took over water services. The legislation was repealed on 14 February 2024, before the new bodies began operating.",False,,Labour 2020 term commitment to the Three Waters reform programme (Cabinet decisions announced October 2021),https://en.wikipedia.org/wiki/Three_Waters_reform_programme,https://en.wikipedia.org/wiki/Three_Waters_reform_programme | https://www.beehive.govt.nz/release/labour%E2%80%99s-three-waters-legislation-repealed,False
water-labour-water-royalty,water,Water & Local Government,labour,Labour,manifesto,act,superseded,"Introduce a royalty on commercial users of water, including irrigators and water bottlers.",Royalty on commercial water use -> dropped in coalition negotiation; no charge legislated by Oct 2023,"The policy was dropped in the 2017 coalition negotiation with NZ First, before the government took office.","Labour dropped its proposed water tax on farmers as part of the coalition arrangement with NZ First after the 2017 election. The only surviving element in the coalition agreement was a narrower tax on exports of bottled water, and that was never introduced either. No royalty or charge on commercial water take was legislated in the 2017-2023 term.",False,,"Labour 2017 campaign policy, royalty on commercial water use",https://en.wikipedia.org/wiki/Sixth_Labour_Government_of_New_Zealand,https://en.wikipedia.org/wiki/Sixth_Labour_Government_of_New_Zealand | https://www.nzherald.co.nz/nz/labour-nz-first-coalition-at-a-glance/OGW5YCYCI4D4AHS6YIS64UKZNA/,False
water-nzfirst-bottled-water-tax,water,Water & Local Government,labour,NZ First,coalition-agreement,act,not-delivered,Introduce a tax on exports of bottled water.,Bottled water export tax -> never introduced,"This was an explicit coalition agreement commitment with a specific tax base, and it was never legislated over two full terms.","The bottled water export tax was the narrowed remnant of Labour's broader water royalty policy, after NZ First refused to accept a charge on farm irrigation. Neither the wider royalty nor the bottled water export tax was introduced during the 2017-2023 term. No bottled water export tax was in force at the October 2023 handover.",False,,"Labour-NZ First Coalition Agreement, 24 October 2017 (tax section)",https://www.nzherald.co.nz/nz/labour-nz-first-coalition-at-a-glance/OGW5YCYCI4D4AHS6YIS64UKZNA/,https://en.wikipedia.org/wiki/Sixth_Labour_Government_of_New_Zealand,False
water-national-repeal-three-waters,water,Water & Local Government,national,National,coalition-agreement,act,delivered,Repeal Labour's Three Waters legislation in the Government's first 100 days and restore council ownership and control of water assets.,Repeal within 100 days -> Water Services Acts Repeal Act passed 14 February 2024,"The repeal was passed inside the promised 100-day window, exactly as committed.","Cabinet agreed on 14 December 2023 to introduce and pass repeal legislation early in 2024. The Water Services Acts Repeal Act passed under urgency and became law on 14 February 2024, within the 100-day window. It disestablished the entity model before any entity began operating. Local Government Minister Simeon Brown said two further bills would follow. The first was to be enacted by mid-2024, and the second introduced in December 2024 and enacted by mid-2025.",False,,"Coalition Government 100-day plan / 2023 coalition agreements, repeal Three Waters",https://www.beehive.govt.nz/release/government-repeal-three-waters-legislation,https://www.beehive.govt.nz/release/labour%E2%80%99s-three-waters-legislation-repealed | https://en.wikipedia.org/wiki/Local_Water_Done_Well,False
water-nzfirst-council-ownership,water,Water & Local Government,national,NZ First,coalition-agreement,act,delivered,"Replace the centralised Three Waters entity model with locally owned and controlled water services, allowing councils to voluntarily form water services groupings.","Voluntary council-owned model -> 44 councils chose CCOs, 23 in-house; 19 water CCOs established","Council ownership was retained, and the voluntary grouping model was legislated and is operating.","Local Water Done Well kept water assets in council ownership and made grouping voluntary. Of 67 mainland councils, 44 chose to transfer services to a council-controlled organisation (CCO) and 23 kept them in-house. In all, 19 water CCOs were established, seven standalone and 12 multi-council. Five were operating by 1 July 2026, including IAWAI, Waikato Waters, Tiaki Wai in Wellington, a Kaikoura-Hurunui joint organisation and Selwyn Water. Another 13 were due within a year. The CCO model will serve about 76 per cent of New Zealanders.",False,,"National-NZ First coalition agreement 2023 (water commitments, also in the National-ACT agreement)",https://en.wikipedia.org/wiki/Sixth_National_Government_of_New_Zealand,https://www.beehive.govt.nz/release/local-water-done-well-victory-ratepayers | https://www.beehive.govt.nz/release/major-milestone-reached-local-water-done-well,False
water-national-local-water-done-well,water,Water & Local Government,national,National,coalition-agreement,act,largely,"Pass transitional legislation by mid-2024 and a second, substantive Local Water Done Well Act by mid-2025. Require every council to produce a Water Services Delivery Plan showing financially sustainable, ring-fenced water services.",Second Act by mid-2025 -> passed 19 August 2025; all mainland councils had approved plans by 1 July 2026,"The framework, plans and approvals were all delivered, but both bills passed later than the dates the Government set itself.","The Local Government (Water Services Preliminary Arrangements) Act was passed on 28 August 2024, slightly after the mid-2024 target. The substantive Local Government (Water Services) Act 2025 and its companion Repeals and Amendments Act were passed on 19 August 2025, about two months after the mid-2025 target. Councils submitted Water Services Delivery Plans in September 2025. All had been assessed by 11 December 2025, and every mainland council had an approved plan by 1 July 2026, covering 46 councils forming new water organisations. The plans set out $47.9 billion of water investment over ten years, nearly $9 billion more than councils' previous long-term plan estimates. They imply around 9,000 additional water industry jobs.",False,,"Local Water Done Well implementation plan, announced 5 April 2024",https://www.beehive.govt.nz/release/delivering-local-water-done-well,https://en.wikipedia.org/wiki/Local_Water_Done_Well | https://www.beehive.govt.nz/release/local-water-done-well-victory-ratepayers | https://www.beehive.govt.nz/release/major-milestone-reached-local-water-done-well,False
water-national-watercare-auckland,water,Water & Local Government,national,National,coalition-agreement,act,delivered,"Reach an agreement with Auckland Council that keeps Watercare in local ownership while separating its balance sheet, so Auckland can fund water infrastructure without steep water price rises.",Avoid Watercare's proposed price path -> 25.8% increases avoided; approx $899m saving over four years,"The agreement was reached, endorsed by the council, confirmed by the ratings agency and legislated within the first year of the term.","On 5 May 2024 the Government and Auckland Council agreed a financial arrangement, which the council's governing body endorsed unanimously. It allows Watercare to borrow more and spread repayment over a longer period. S&P Global Ratings confirmed Watercare's borrowing would be assessed separately from Auckland Council for credit rating purposes. The Government said Aucklanders would avoid the 25.8 per cent water price increases Watercare had previously proposed. The arrangement was legislated through the transitional water services bill. The Government later reported a $899 million saving for Aucklanders over four years from the Watercare financial solution.",False,,Local Water Done Well. Auckland financial arrangement,https://www.beehive.govt.nz/release/agreement-delivers-local-water-done-well-auckland,https://www.beehive.govt.nz/release/major-milestone-reached-local-water-done-well | https://www.beehive.govt.nz/release/unlocking-local-water-done-well-new-water-service-delivery-models,False
water-national-economic-regulation,water,Water & Local Government,national,National,coalition-agreement,outcome,largely,Establish economic regulation of water services by the Commerce Commission by late 2025 and ring-fence water revenue. Let the Local Government Funding Agency lend to water CCOs at up to 500 per cent of operating revenue.,"LGFA lending to water CCOs -> up to 500% of operating revenue, approx double council limits",Borrowing capacity and ring-fencing were delivered on time and the Commerce Commission regime is legislated. But economic regulation is being introduced in stages rather than fully operating from late 2025.,"The LGFA moved immediately to lend to council-supported water CCOs at up to 500 per cent of operating revenues, roughly double normal council limits. Work continued on lending to standalone CCOs and on a 350 per cent limit for high-growth councils. Water revenues must be ring-fenced for water services. The Local Government (Water Services) Act 2025, passed on 19 August 2025, put Commerce Commission oversight in place through an information disclosure regime. The fuller regulatory framework is being phased in.",False,,"Local Water Done Well, new water service delivery models, announced 8 August 2024",https://www.beehive.govt.nz/release/unlocking-local-water-done-well-new-water-service-delivery-models,https://en.wikipedia.org/wiki/Local_Water_Done_Well | https://www.beehive.govt.nz/release/local-water-done-well-victory-ratepayers,False
water-national-wastewater-standards,water,Water & Local Government,national,National,coalition-agreement,outcome,delivered,Set national wastewater environmental performance standards to cut the cost and delay of consenting wastewater treatment plants.,"National wastewater standards -> in force Dec 2025, covering 330+ plants, up to $830m savings over 35 years","The standards were consulted on, finalised and in force within the term.","The standards were announced on 28 November 2025 and took effect in December 2025, after more than 150 submissions from councils, industry, iwi and hapū and the public. They cover more than 330 publicly owned treatment plants. They set rules for discharges to land and water, biosolids reuse, and monitoring of overflows and bypasses on a risk-based approach. The Government estimated savings of up to $830 million over 35 years, cutting per-plant consenting costs by up to 40 per cent (up to 60 per cent for smaller plants). About 60 per cent of plants need new consents within a decade.",False,,"Local Water Done Well, national wastewater environmental performance standards",https://www.beehive.govt.nz/release/new-wastewater-standards-win-ratepayers,https://www.beehive.govt.nz/release/new-wastewater-standards-win-ratepayers | https://www.beehive.govt.nz/release/major-milestone-reached-local-water-done-well,False
water-national-back-to-basics,water,Water & Local Government,national,National,coalition-agreement,act,in-progress,Refocus councils on core services by removing the four wellbeings from the purpose provisions of the Local Government Act. Introduce published performance benchmarks for councils.,Four wellbeings removed from the Local Government Act -> Bill still before Parliament at Aug 2026,"The policy was announced and legislation introduced, but the Local Government (System Improvements) Bill had not passed as at August 2026 and the term is unfinished.","The reform was announced on 21 August 2024, against a backdrop of average rates rises of about 15 per cent, which the Minister described as more than four times inflation. The changes were put into the Local Government (System Improvements) Bill. As at June 2026 that Bill was still before Parliament. Further amendments were being added to it, including restricting voting rights at council committee meetings to elected members, with councils to be given six months after passage to review delegations. Separately, on 25 November 2025 the Government proposed replacing elected regional councillors with Combined Territories Boards, consulting until 20 February 2026. On 5 May 2026 it invited councils to submit local reorganisation proposals within three months, with final decisions expected in 2027, ahead of the 2028 local elections.",False,,"'Back to basics for local government' reform programme, announced 21 August 2024",https://www.beehive.govt.nz/release/back-basics-local-government,https://www.beehive.govt.nz/release/council-voting-be-restricted-elected-members | https://www.beehive.govt.nz/release/simpler-more-cost-effective-local-government | https://www.beehive.govt.nz/release/councils-invited-fast-track-local-reform,False
water-national-rates-cap,water,Water & Local Government,national,National,coalition-agreement,act,in-progress,Investigate and introduce a cap on council rates increases to stop spending on non-core projects.,"Rates cap -> proposed 2-4% per capita a year, transition from 1 Jan 2027, full model 1 July 2029","Policy settings were announced and consulted on, but no cap was in force as at August 2026, with full operation scheduled for 2029.","On 1 December 2025 Local Government Minister Simon Watts announced that the Government had agreed to progress a rates cap. It would limit annual increases to a target range of 2 to 4 per cent per capita, with a maximum of 4 per cent. It would apply to general rates, targeted rates and uniform annual charges, but exclude water charges and non-rates fees. Councils exceeding the upper limit would need regulator approval, granted only in extreme circumstances such as natural disasters. Stakeholder consultation ran to February 2026 and legislation was planned for enactment during 2026. A transition period with financial reporting starts on 1 January 2027, and the full regulatory model is not due to be operating until 1 July 2029.",False,,"'Back to basics for local government', exploring council revenue capping, announced 21 August 2024",https://www.beehive.govt.nz/release/back-basics-local-government,https://www.beehive.govt.nz/release/getting-rates-under-control-ratepayers,False
water-national-regional-deals,water,Water & Local Government,national,National,coalition-agreement,act,partly,"Establish a City and Regional Deals framework, invite up to five regions to submit proposals, and finalise New Zealand's first Regional Deal in 2025.",First deal in 2025 and up to 5 regions -> first deal signed 10 April 2026; 2 deals signed by Aug 2026,"The framework was delivered on time and two deals were signed. But the first deal came roughly a year after the promised 2025 date, and fewer than five regions had deals by August 2026.","The Regional Deals Strategic Framework was published on 22 August 2024, and up to five regions were invited to propose deals. The deals focused on economic growth, resilient infrastructure and housing supply. No deal was signed in 2025. The first, the Auckland City Deal, was signed on 10 April 2026. It covers a 30-year transport plan, Crown uplift funding and asset recycling, and growth areas at Drury, Maungawhau-Kingsland-Morningside and the city centre. A Western Bay of Plenty deal followed on 14 May 2026, targeting about 12,000 greenfield and 3,000 infill homes over a decade. A third deal was signalled for later in 2026.",False,,National-ACT coalition agreement 2023. City and Regional Deals; framework announced 22 August 2024,https://www.beehive.govt.nz/release/regional-deals-framework-announced,https://www.beehive.govt.nz/release/landmark-auckland-deal-unlock-city%E2%80%99s-potential | https://www.beehive.govt.nz/release/western-bay-plenty-deal-signed-unlock-long-term-growth,False
water-act-gst-sharing,water,Water & Local Government,national,ACT,coalition-agreement,other,partly,"Share a portion of the GST collected on new residential construction with local councils, so councils benefit financially from consenting new housing.","Share of GST on new builds -> $400m Incentives for Growth Fund over 4 years, first payments 1 April 2027","The underlying objective, paying councils for enabling housing growth, was delivered. But it came through a capped appropriation rather than the promised share of GST revenue, and payments start after the term ends.","GST sharing itself was not adopted. Instead, Budget 2026 created an Incentives for Growth Fund of up to $400 million over four years from 2026/27, announced on 28 May 2026 by Deputy Prime Minister David Seymour. Payments to councils begin on 1 April 2027, based on residential building consents issued in the year to 31 January 2027. The scale is tiered: 0.25 per cent of the national average consent value per home for growth up to 1 per cent, 0.5 per cent for 1-2 per cent growth, and 1.25 per cent beyond 2 per cent. Funding can be used for infrastructure capital and operating costs, but not for water infrastructure or developer-chargeable costs.",False,,"National-ACT coalition agreement 2023, share a portion of GST on new residential construction with councils",https://www.nzherald.co.nz/nz/new-government-coalition-details-at-a-glance-what-you-need-to-know/FBTX3E6HXREFXDTOA6AA5K7IUQ/,https://www.beehive.govt.nz/release/incentivising-councils-go-housing-growth | https://www.hud.govt.nz/our-work/going-for-housing-growth-programme,False
welfare-labour-families-package-best-start,welfare,Child Poverty & Welfare,labour,Labour,manifesto,act,delivered,"Cancel National's legislated April 2018 tax threshold cuts and replace them with a Families Package. It included a Best Start payment of $60 a week for every child under one, extended to age three for low and middle income families and reaching nearly 60,000 families a year, a higher Family Tax Credit, and Working for Families extended to 30,000 more families.","Best Start $60 a week per child under three -> legislated Dec 2017, first payments 1 July 2018",Legislated within weeks of taking office and paid at the promised rates and dates.,"The Families Package (Income Tax and Benefits) Act passed in December 2017. Accommodation Supplement and Accommodation Benefit changes took effect on 1 April 2018. The Winter Energy Payment, Best Start payment and the Working for Families changes started on 1 July 2018. Best Start was paid at $60 a week per child, not income tested in the child's first year and income tested for years two and three. MSD's own material put the package's direct reach at about 1.025 million people from the Winter Energy Payment alone: 275,000 beneficiaries plus 750,000 superannuitants and veterans. Working for Families was simplified to two rates, $101.98 and $91.25 a week.",False,,Labour 2017 Families Package campaign policy factsheet,https://img.scoop.co.nz/media/pdfs/1707/Families_Package_factsheet.pdf,https://www.msd.govt.nz/about-msd-and-our-work/newsroom/2017/families-package-qas.html | https://www.interest.co.nz/news/88733/families-young-children-and-pensioners-main-beneficiaries-labours-families-package | https://www.treasury.govt.nz/publications/information-release/families-package-information-release,False
welfare-labour-winter-energy-payment,welfare,Child Poverty & Welfare,labour,Labour,manifesto,other,delivered,"Pay a Winter Energy Payment of $450 a year to single superannuitants and beneficiaries and $700 a year to couples and people with dependent children, automatically and without application, reaching about one million New Zealanders.","$450 single / $700 couples, about 1 million people -> paid from 1 July 2018, $1.81b over four years","Paid at the promised rates, to the promised group, from the promised date, and still in place.","The payment began on 1 July 2018 for a 13 week winter period, then ran for 22 weeks from 1 May in later years. The rates were as promised: $450 for single people with no dependent children and $700 for couples or single people with dependants. It is paid automatically with New Zealand Superannuation, Veteran's Pension and main benefits, at a budgeted cost of $1.81 billion over four years. It has been paid every winter since, and the next government retained it.",False,,Labour 2017 Winter Energy Payment factsheet,https://img.scoop.co.nz/media/pdfs/1707/Winter_Energy_Payment_factsheet.pdf,https://www.beehive.govt.nz/release/winter-energy-payments-keep-million-kiwis-warm-and-healthy | https://www.msd.govt.nz/about-msd-and-our-work/newsroom/2017/families-package-qas.html | https://www.motu.nz/our-research/population-and-labour/individual-and-group-outcomes/impact-winter-energy-payment,False
welfare-greens-welfare-overhaul,welfare,Child Poverty & Welfare,labour,Greens,coalition-agreement,act,partly,"Overhaul the welfare system, ensure access to entitlements, remove excessive sanctions and review Working for Families. The aim is that everyone has a standard of living and income that enables them to live in dignity and participate in their communities, and that lifts children and their families out of poverty.","Remove excessive sanctions -> sanctions applied fell from 60,588 in 2017 to 25,329 in 2023",Sanctions fell and indexation was made more generous. But the promised system overhaul and Working for Families rewrite did not happen within the two terms.,"Sanction use fell sharply across the two terms. The incoming coalition later cited 60,588 sanctions applied in 2017 against 25,329 in 2023. From 1 April 2020 main benefits were indexed to net average wage growth rather than to prices, a change the next government reversed in February 2024. No comprehensive replacement of the welfare system was legislated. Labour was still offering Working for Families settings as an unfulfilled election promise in 2023. Over the same period the number of people on Jobseeker Support rose by roughly 70,000, on the figures used by the incoming government.",False,,Labour-Green Confidence and Supply Agreement 2017,https://www.interest.co.nz/sites/default/files/embedded_images/Labour%20and%20Green%20Party%20Confidence%20and%20Supply%20Agreement.pdf,https://www.beehive.govt.nz/release/government-begins-reset-welfare-system | https://www.beehive.govt.nz/release/cost-living-support-beneficiary-households,False
welfare-nzf-super-age-65-2017,welfare,Child Poverty & Welfare,labour,NZ First,coalition-agreement,other,delivered,Keep the age of eligibility for New Zealand Superannuation at 65.,Superannuation age 65 -> unchanged at 65 across both terms,"The age stayed at 65 for the whole term, which is exactly what the commitment required.","The eligibility age was not changed at any point in the 2017-2023 period, and no legislation to raise it was introduced. Independent tracking of the 2017 coalition agreement records the superannuation age commitment as fully implemented as at July 2020. NZ First then secured the identical commitment in writing again from National in 2023. The National-NZ First coalition agreement states 'Keep the superannuation age at 65'.",False,,"Labour-NZ First Coalition Agreement 2017, superannuation eligibility age",https://www.mcguinnessinstitute.org/wp-content/uploads/2025/03/WP202007-202009-AnalysisOfThe2017Labour-FINAL.pdf,https://www.mcguinnessinstitute.org/wp-content/uploads/2025/03/WP202007-202009-AnalysisOfThe2017Labour-FINAL.pdf | https://assets.nationbuilder.com/nzfirst/pages/4462/attachments/original/1700784896/National___NZF_Coalition_Agreement_signed_-_24_Nov_2023.pdf,False
welfare-nzf-supergold-smartcard-2017,welfare,Child Poverty & Welfare,labour,NZ First,coalition-agreement,act,largely,Introduce a SuperGold smartcard with expanded discounts and concessions for cardholders.,"SuperGold smartcard -> website and app launched Oct 2019 covering about 5,500 businesses","The discount network and digital platform were delivered, but the smartcard itself did not eventuate within the term.","A new SuperGold website and app were launched in October 2019, offering discounts and concessions from about 5,500 businesses. Independent tracking of the coalition agreement records the commitment as fully implemented. The card itself was not converted into a chipped smartcard during the term. That step was announced only in May 2026 under the following government, with rollout expected from October 2028.",False,,"Labour-NZ First Coalition Agreement 2017, SuperGold smartcard",https://www.mcguinnessinstitute.org/wp-content/uploads/2025/03/WP202007-202009-AnalysisOfThe2017Labour-FINAL.pdf,https://www.mcguinnessinstitute.org/wp-content/uploads/2025/03/WP202007-202009-AnalysisOfThe2017Labour-FINAL.pdf | https://www.beehive.govt.nz/release/supergold-card-being-upgraded,False
welfare-labour-wff-2023,welfare,Child Poverty & Welfare,labour,Labour,manifesto,outcome,not-delivered,"Raise the Working for Families in-work tax credit by $25 a week from 1 April 2024, and lift the Working for Families abatement threshold to $50,000 from 1 April 2026.",In-work tax credit +$25 a week from 1 April 2024 -> not delivered by Labour; legislated by National from 31 July 2024,"The promising party left office before implementing any part of it, though its successor later legislated the in-work tax credit component.","Labour lost the October 2023 election and never introduced the policy. The incoming National government legislated the same $25 a week increase to the in-work tax credit in Budget 2024, lifting it from $72.50 to $97.50 a week from 31 July 2024. The abatement threshold was not raised to $50,000. The next government adjusted Working for Families income thresholds, but not to the level Labour promised.",False,,"Labour 2023 campaign policy announcement, 13 August 2023",https://www.labour.org.nz/news-release_cost_living_gst,https://www.rnz.co.nz/news/election-2023/495698/labour-promises-to-remove-gst-from-fruit-and-vegetables-boost-working-for-families | https://www.beehive.govt.nz/release/responsible-tax-relief-squeezed-middle,False
welfare-national-cpi-indexation,welfare,Child Poverty & Welfare,national,National,manifesto,other,delivered,Index main benefit increases to the consumer price index rather than to net average wage growth.,"CPI indexation restored -> legislated Feb 2024, $669.5m saved across the forecast period to 2027/28",Legislated under urgency within three months of taking office and applied from the first annual adjustment.,"A bill restoring CPI indexation of main benefits was introduced under urgency on 14 February 2024. It reversed the previous government's 2019 decision to index to net average wage growth. The government put the saving at $669.5 million across the forecast period to 2027/28. The first adjustment under the restored basis took effect on 1 April 2024. It lifted New Zealand Superannuation by $71.08 a fortnight for couples and $46.20 for singles, Jobseeker Support for couples with children by $56.48, and sole parent rates by $44.02. It affected about 1.4 million people, including 909,000 superannuitants and veterans and 371,000 working-age beneficiaries.",False,,"National 2023 welfare policy, as summarised in RNZ's guide to party policy",https://www.rnz.co.nz/programmes/news-extras/story/2018902030/election-2023-rnz-s-guide-to-party-policy,https://www.beehive.govt.nz/release/cost-living-support-beneficiary-households | https://www.beehive.govt.nz/release/cost-living-support-over-14-million-kiwis,False
welfare-national-traffic-light-sanctions,welfare,Child Poverty & Welfare,national,National,manifesto,act,delivered,"Introduce a traffic light system for Jobseeker Support beneficiaries, with benefit reductions or community work after repeated failures to meet obligations. Add job check-ins and contracted job coaching for under-25s.",Traffic light system -> live 12 Aug 2024; under 2 percent of job seekers at orange or red by Oct 2025,"The system was legislated and operating with the promised sanctions and obligations, on the promised design.","The welfare reset was announced on 19 February 2024. Mandatory work check-ins for job seekers on benefit six months or more began in June 2024, covering about 2,500 extra people a month at a cost of $1.2 million a year. The traffic light system took effect on 12 August 2024. It brought six-monthly Jobseeker reapplication, jobseeker profiles before benefit approval, the obligation-failure tracking window extended from 12 to 24 months, and new money management and community work experience sanctions from early 2025. Two further non-financial sanctions started on 20 October 2025: reporting three job-search activities a week, and five hours a week of upskilling. Support measures included phone-based case management for 4,000 18-24 year olds and 2,100 extra community job coaching places. By October 2025 the government reported fewer than 2 per cent of job seekers at the orange or red settings.",False,,"National 2023 welfare policy (traffic light system for Jobseeker Support), as summarised in RNZ's guide to party policy",https://www.rnz.co.nz/programmes/news-extras/story/2018902030/election-2023-rnz-s-guide-to-party-policy,https://www.beehive.govt.nz/release/green-light-welfare-works | https://www.beehive.govt.nz/release/government-begins-reset-welfare-system | https://www.beehive.govt.nz/release/welfare-sanctions-expand-job-searches-upskilling,False
welfare-act-money-management-sanctions,welfare,Child Poverty & Welfare,national,ACT,coalition-agreement,other,delivered,"Implement sanctions, including electronic money management, for beneficiaries who can work but refuse to take agreed steps to find a job.","Electronic money management sanction -> in force from early 2025; about 3,700 sanctions applied in June 2024","Electronic money management was legislated and is operating as a sanction, as the agreement specified.","The money management sanction puts half of a person's benefit onto a restricted payment card usable only for essentials. It was announced as part of the Welfare that Works package on 12 August 2024 and took effect in early 2025, alongside a community work experience sanction. The number of sanctions applied rose. About 3,700 were applied in June 2024, roughly 97 per cent of them to Jobseeker Support recipients, mostly for missed appointments and inadequate job-search preparation. Two further non-financial sanctions were added on 20 October 2025.",False,,National-ACT Coalition Agreement 2023,https://assets.nationbuilder.com/actnz/mailings/6945/attachments/original/National_ACT_Agreement.pdf,https://www.beehive.govt.nz/release/green-light-welfare-works | https://www.beehive.govt.nz/release/welfare-sanctions-expand-job-searches-upskilling,False
welfare-national-jobseeker-target,welfare,Child Poverty & Welfare,national,National,coalition-agreement,outcome,partly,"Have 50,000 fewer people on the Jobseeker Support benefit, taking the number from a December 2023 baseline of 140,000 down to 90,000 by 2030.","50,000 fewer on Jobseeker by 2030 -> 215,200 recorded at March 2026, target rated At Risk","The target date is 2030, so it remains live. But the measured number has moved away from the target, and DPMC itself rates it At Risk.","DPMC's March 2026 target factsheet records 215,200 people on Jobseeker Support against the December 2023 baseline of 140,000, and rates the target 'At Risk'. It notes that the most recent quarter fell by 8,300, with 1,400 more exits into employment than the year before. Ministers have emphasised benefit exits rather than the stock. In the year to June 2026 there were 86,544 exits from a main benefit into work, 5,772 more than the previous year, and 20,775 exits in the June 2025 quarter alone.",True,"On the government's framing, the target runs to 2030 and the latest quarter moved in the right direction, so it is still live. On the published measure, the Jobseeker population at March 2026 is well above the December 2023 baseline rather than 50,000 below it, and the government's own monitoring rates it At Risk.","Government Targets published by DPMC, set April 2024",https://www.dpmc.govt.nz/our-programmes/government-targets,https://www.dpmc.govt.nz/sites/default/files/2026-06/gt-factsheet-target-5-mar26.pdf | https://www.beehive.govt.nz/release/latest-figures-continue-year-year-increase-jobseekers-finding-work,False
welfare-nzf-jobseeker-two-year-limit,welfare,Child Poverty & Welfare,national,NZ First,manifesto,other,superseded,"Make two years the lifetime entitlement for the JobSeeker WorkReady benefit, a change the party said would affect roughly 99,000 people.",Two-year lifetime Jobseeker entitlement -> reduced in the coalition agreement to 'consider time limits for under 25s',The manifesto's hard two-year lifetime cap was replaced in the coalition agreement by a weaker commitment to consider time limits for under-25s only.,"The lifetime limit did not carry into the National-NZ First coalition agreement. That agreement commits only to 'Strengthen obligations on Jobseeker work ready beneficiaries to find work and make use of sanctions for non-compliance with work obligations, and consider time limits for under 25s'. No lifetime entitlement limit has been legislated. The government instead built the traffic light obligations and sanctions regime, and six-monthly reapplication for Jobseeker Support.",False,,New Zealand First 2023 Policy Manifesto,https://assets.nationbuilder.com/nzfirst/pages/4158/attachments/original/1696631089/2023-New-Zealand-First-Policy-Manifesto-1.pdf,https://assets.nationbuilder.com/nzfirst/pages/4462/attachments/original/1700784896/National___NZF_Coalition_Agreement_signed_-_24_Nov_2023.pdf | https://www.beehive.govt.nz/release/green-light-welfare-works,False
welfare-nzf-jobseeker-obligations,welfare,Child Poverty & Welfare,national,NZ First,coalition-agreement,procedural,largely,"Strengthen obligations on Jobseeker work ready beneficiaries to find work, make use of sanctions for non-compliance with work obligations, and consider time limits for under 25s.",Stronger obligations and sanctions -> delivered from Aug 2024; no under-25 time limit as at Aug 2026,"The obligations and sanctions half of the commitment was fully delivered. The time-limit element was only ever to be 'considered', and it has not produced a policy change.","Obligations were tightened in several ways: mandatory work check-ins from June 2024, the traffic light system from 12 August 2024, six-monthly reapplication for Jobseeker Support, a requirement to create a jobseeker profile before a benefit is approved, and the obligation-failure window extended from 12 to 24 months. New money management, community work experience, job-search reporting and upskilling sanctions followed between early 2025 and October 2025. No time limit on Jobseeker Support for under-25s had been introduced as at August 2026. The government instead funded phone-based case management for 4,000 18-24 year olds.",False,,National-NZ First Coalition Agreement 2023,https://assets.nationbuilder.com/nzfirst/pages/4462/attachments/original/1700784896/National___NZF_Coalition_Agreement_signed_-_24_Nov_2023.pdf,https://www.beehive.govt.nz/release/green-light-welfare-works | https://www.beehive.govt.nz/release/welfare-sanctions-expand-job-searches-upskilling,False
welfare-national-familyboost,welfare,Child Poverty & Welfare,national,National,manifesto,outcome,partly,"Introduce FamilyBoost, a childcare tax rebate of up to $150 a fortnight (25 per cent of early childhood fees). It abates from $140,000 of household income and cuts out at $180,000, reaching about 130,000 households.","Up to $150 a fortnight for about 130,000 households -> about 60,000 families claiming by mid-2025, 249 on the full amount","The payment exists and was later made more generous. But it reached well under half the households promised, and very few received the advertised maximum.","FamilyBoost began on 1 July 2024, administered by Inland Revenue on a claim-back basis. Take-up was well below the forecast. About 60,000 families had claimed by mid-2025, and only 249 families consistently received the maximum payment. Roughly a quarter of the money spent to May 2025 went on administration. In July 2025 the rebate was lifted from 25 to 40 per cent of fees and the income cap raised from $180,000 to $229,000. Inland Revenue projected about 16,000 extra claimants and about 92,000 in total. Ministers had earlier said the payment would give up to 130,000 families as much as $75 a week extra after tax.",False,,"National 2023 manifesto / 'Back Pocket Boost' tax plan, 30 August 2023",https://www.rnz.co.nz/news/political/496895/national-s-tax-plan-and-costings-what-you-need-to-know,https://www.rnz.co.nz/news/politics/566156/familyboost-payment-increased-income-limit-raised | https://www.1news.co.nz/2025/05/14/nearly-a-quarter-of-familyboost-money-spent-on-admin/ | https://www.beehive.govt.nz/release/greater-focus-work-will-reduce-child-poverty,False
welfare-national-child-hardship-targets,welfare,Child Poverty & Welfare,national,National,coalition-agreement,outcome,partly,"Lift 17,000 more children out of material hardship by 2027 compared with 2023. Cut persistent child poverty from 9.4 per cent (98,900 children in the year to June 2023) to 8 per cent by 2035, lifting about 15,000 children out of persistent poverty.","17,000 fewer children in material hardship by 2027 -> 156,600 children (13.4%) in material hardship in the year to June 2024, up from 143,700","The targets run to 2027 and 2035 and remain live. But the latest published data show material hardship higher than the 2023 baseline, rather than 17,000 children lower.","The persistent poverty target was announced on 13 December 2024 and was the first of its kind set by a New Zealand government. On the annual measures, the year to June 2023 showed 12.5 per cent of children (143,700) in material hardship, 17.5 per cent (202,100) in poverty after housing costs and 12.6 per cent (146,000) before housing costs, each worse than the year before. The year to June 2024, reported in February 2025, showed 13.4 per cent (156,600) in material hardship, 17.7 per cent (208,000) after housing costs and 12.7 per cent (149,900) before housing costs. The government stated that none of the three changes was statistically significant against 2022/23.",False,,"Child and Youth Strategy targets announced by the Minister for Child Poverty Reduction, 13 December 2024",https://www.beehive.govt.nz/release/government-sets-target-reduce-persistent-poverty,https://www.beehive.govt.nz/release/child-poverty-statistics-show-challenges-remain | https://www.beehive.govt.nz/release/greater-focus-work-will-reduce-child-poverty,False
welfare-nzf-supergold-rates-rebate,welfare,Child Poverty & Welfare,national,NZ First,manifesto,outcome,partly,"Give SuperGold Card holders who own and live in their only home a 50 per cent local authority rates rebate of up to $1,600 a year. Also give them two free doctor's visits a year, including an annual eye test.","50 percent rates rebate up to $1,600 -> maximum rebate lifted to $805 with a $45,000 threshold from 1 July 2025","Rates relief for SuperGold holders was materially expanded, but at roughly half the promised cap and on a different basis, and the free GP visits did not happen.","Budget 2025 created a separate income abatement threshold in the Rates Rebate Scheme for SuperGold cardholders from 1 July 2025. It lifted the threshold for the maximum rebate from $31,510 to $45,000, and the maximum rebate itself from $790 to $805 a year. It cost $154 million over four years and made about 66,000 more cardholders eligible. That is a targeted expansion of the existing rebate rather than a 50 per cent rebate capped at $1,600. The two free doctor's visits and annual eye test have not been introduced.",False,,New Zealand First 2023 Policy Manifesto,https://assets.nationbuilder.com/nzfirst/pages/4158/attachments/original/1696631089/2023-New-Zealand-First-Policy-Manifesto-1.pdf,https://www.beehive.govt.nz/release/rates-relief-66000-more-supergold-cardholders | https://www.beehive.govt.nz/release/rate-rebate-scheme-assist-ratepayers,False
welfare-nzf-supergold-upgrade,welfare,Child Poverty & Welfare,national,NZ First,coalition-agreement,other,partly,Upgrade the SuperGold Card and Veterans Card to maximise their potential benefit for all cardholders.,"Upgrade SuperGold Card -> $42.9m committed May 2026, card rollout scheduled to start Oct 2028","The upgrade has been designed and funded, but does not reach cardholders until October 2028, well beyond the term in which it was promised.","A SuperGold Information Hub went live on 1 October 2024. On 28 May 2026 the government announced the card would be upgraded to work as an official form of identification. It would carry an optional photograph and security features meeting bank standards, in physical and digital form, and be free to holders. It is funded with $36.4 million operating and $6.5 million capital over four years, and covers more than 900,000 people aged 65 and over. Rollout is expected to begin in October 2028, after the current parliamentary term. In the meantime cardholders can have a photo added at AA offices.",False,,National-NZ First Coalition Agreement 2023,https://assets.nationbuilder.com/nzfirst/pages/4462/attachments/original/1700784896/National___NZF_Coalition_Agreement_signed_-_24_Nov_2023.pdf,https://www.beehive.govt.nz/release/supergold-card-being-upgraded | https://www.beehive.govt.nz/release/supergold-information-hub-live,False
welfare-national-super-age-65,welfare,Child Poverty & Welfare,national,National,coalition-agreement,other,delivered,Keep the superannuation age at 65.,Superannuation age 65 -> unchanged as at August 2026,"The commitment was to leave the age unchanged, and it has been left unchanged for the whole term to date.","No legislation to change the age of eligibility for New Zealand Superannuation has been introduced since November 2023. Superannuation continued to be adjusted annually. The 1 April 2024 adjustment lifted payments by $71.08 a fortnight for couples and $46.20 for single superannuitants, across 909,000 superannuitants and veterans. This commitment reversed National's own earlier policy of lifting the age of eligibility, and matched the position NZ First had secured from Labour in 2017.",False,,National-NZ First Coalition Agreement 2023,https://assets.nationbuilder.com/nzfirst/pages/4462/attachments/original/1700784896/National___NZF_Coalition_Agreement_signed_-_24_Nov_2023.pdf,https://www.beehive.govt.nz/release/cost-living-support-over-14-million-kiwis | https://www.mcguinnessinstitute.org/wp-content/uploads/2025/03/WP202007-202009-AnalysisOfThe2017Labour-FINAL.pdf,False
gapfill-national-national-benefit-indexation-cpi,welfare,Child Poverty & Welfare,national,National,manifesto,other,delivered,Save about $2 billion over the forecast period by returning the indexation of main benefits to inflation rather than average wage growth.,"About $2b of forecast savings -> CPI indexation legislated Feb 2024, in force 1 April 2024 (4.66% adjustment)","The indexation change was legislated in the Government's first months and took effect on 1 April 2024, as costed in the fiscal plan.","The Social Security (Benefits Adjustment) and Income Tax (Minimum Family Tax Credit) Amendment Bill was introduced and passed under urgency in February 2024. It amended the Social Security Act 2018 so that main benefits are adjusted by movements in the Consumers Price Index rather than by average wage growth. The change applied from the annual general adjustment on 1 April 2024, when main benefits rose by 4.66 per cent in line with CPI. It reversed a change Labour had made in 2019 to index main benefits to wages.",False,,National 2023 fiscal plan,https://www.rnz.co.nz/news/political/499024/election-2023-national-party-fiscal-plan-promises-lower-taxes-disciplined-government-spending,https://www.msd.govt.nz/documents/about-msd-and-our-work/publications-resources/information-releases/cabinet-papers/2024/annual-general-adjustment-2024/paper-annual-general-adjustment-2024.pdf | https://www.parliament.nz/en/pb/hansard-debates/rhr/combined/HansDeb_20240213_20240214_08,False
gapfill-national-labour-income-insurance-scheme,welfare,Child Poverty & Welfare,labour,Labour,manifesto,outcome,abandoned,Develop a social unemployment insurance scheme. Workers who lose their job would keep about 80 per cent of their income for a period while they look for work or retrain.,"80 per cent income replacement promised -> scheme shelved 8 February 2023, never established","The promising party explicitly shelved the scheme in February 2023, and it was never revived before the end of the term.","Grant Robertson announced the scheme on 20 May 2021, saying it delivered on a commitment in Labour's manifesto. It was developed through a tripartite forum with BusinessNZ and the Council of Trade Unions. A discussion document was released on 2 February 2022 and consultation closed on 26 April 2022, drawing 255 submissions. Enabling legislation was passed allowing ACC to begin design work. On 8 February 2023 Prime Minister Chris Hipkins put the scheme 'off the table for now' as part of a policy reprioritisation, saying 'we have to recognise that there isn't the public support for this scheme at the moment'. In September 2023 Robertson confirmed it remained on hold. No income insurance scheme was legislated or launched before the October 2023 handover.",False,,"Labour manifesto commitment on social unemployment insurance, as cited by Finance Minister Grant Robertson on 20 May 2021",https://www.beehive.govt.nz/release/building-stronger-support-workers-post-covid,https://www.rnz.co.nz/news/political/483875/watch-tvnz-rnz-merger-scrapped-income-insurance-and-hate-speech-laws-delayed | https://www.mbie.govt.nz/have-your-say/income-insurance | https://www.nzherald.co.nz/business/personal-finance/revealed-the-huge-cost-of-the-governments-shelved-income-insurance-scheme/PCCIWVHBDVDSDIKT2VJHBV6ZHI/,False
